Nome,Volume,Num Pagina,Numeração,Categ_atrativo,N° da Subcategoria,N° de Entrada,Categoria,Subcategoria,Localização,Bairro/Colônia,CEP,GPS,Descrição,Descrição2,Área,Celular/Whatsapp,Telefone Fixo/whatsapp,Tombado,Proprietário/Responsável,email,Midias Sociais,website,Reserva,Horário,"Observações, Serviços e Equipamentos",Acessibilidade,Como chegar,Destaque,Data de inauguração,Estacionamento,Capacidade máxima,Restrições,Especialidade,Receitas autorais,Cadastur,N° de Leitos solteiros,N° de Leitos casais,N° de unidades habitacionais,Autoria
APA do Rio Iguaçu,Volume I,36,1,1,1,1,Atrativos Naturais,Flora e Unidades de Conservação,"Região norte do município, na divisa com a cidade  de Curitiba.",Orleans,,"-25.504862014711964, -49.19460163458918","A APA margeia o Rio Iguaçu, desde a nascente no marco zero localizado nas divisas de  Curitiba, São José dos Pinhais, Pinhais, Piraquara e Quatro Barras, até encontrar os limites do Parque Nacional do Iguaçu, no Município de Capanema.","Também chamada de “Corredor da Vida”, a  APA  abrange a planície de inundação do Rio Iguaçu, incluindo as matas ciliares, os banhados, as várzeas e as  ilhas, bem como as áreas de preservação.",Urbana,,,-,-,-,-,-,-,-,,O pricipal ponto de acesso é através o Parque São José.,"Considerando o Parque São José como referência: 5,5 Km até o aeroporto; 3 Km até o centro; 7 Km até a BR 277.",,2015,,,,,,Não,,,,
APA do Rio Pequeno,Volume I,37,2,1,1,2,Atrativos Naturais,Flora e Unidades de Conservação,"Ao leste da  Região Metropolitana de Curitiba,
abrange parte do município de São José dos Pinhais.","Área  Rural do Curralinho, Acioli, e Mergulhão.",,"-25.570437789002792, -49.10592315097149 (essa localização é do Rio Pequeno no Caminho do Vinho.","Localiza-se na área de manancial da bacia hidrográfica do Rio Pequeno e possui aproximadamente seis mil e duzentos hectares. Foi criada durante pelo governo do paraná no mandato de Jaime Lerner, com o objetivo de proteger e conservar a qualidade ambiental e os sistemas naturais ali existentes, especialmente a qualidade e a quantidade da água para fins de abastecimento público.",A delimitação da APA não apareceu no Google Maps no momento em que este inventário foi realizado. A APA está registrada no Mapa Turístico de Sâo José dos Pinhais produzido à partir deste inventário.,Rural,,,,-,-,-,-,-,-,-,,A APA corresponde à área do manancial do Rio Pequeno. Na localização  citada neste inventário  consta o acesso ao  rio à patir do Caminho do Vinho,-,1996,-,-,-,-,-,Não,,,,
APA Guaratuba,Volume I,38,3,1,1,3,Atrativos Naturais,Flora e Unidades de Conservação,"Na Colônia Castelhanos. divisa com Guaratuba, Bacia do Rio São João.",Colônia Castelhanos,,"-25.810692034479285, -48.889878674367566","Criada em 1992, a APA de Guaratuba possui aproximadamente 200 mil hectares, sendo 11,5% dessa área pertencente à São José dos Pinhais. A área completa abrange os municípios de  Guaratuba (65,61%, Tijucas do Sul (9,24%), Morretes (6,43%), Paranaguá (5,69%) e Matinhos (1,78%).","Inclui também as águas interiores, ilhas situadas na baía de Guaratuba, ilhas fluviais e a ilha do Sai-Guaçu.  Seu objetivo é proteger a rede hídrica, os remanescentes da Floresta Atlântica e os manguezais, disciplinar o uso turístico, conservar a fauna, flora e os sítios arqueológicos.",Rural,,,-,-,-,-,-,-,-,-,-,"Ao Sudeste do municipio, através da  Colônia Castelhanos que pode ser acessada pela BR 376 (sentido de Santa Catarina). Entrar à esquerda  após o segundo  posto da Polícia Federal (Guaratuba). Seguir cerca de 17 Km por estrada até atingir o Rio São João. Dentro da  colõnia, seguir até a  divisa com Guaratuba, na Bacia do Rio São João.",-,1992,,,,,,Não,,,,
Parque Nacional Guaricana,Volume I,39,4,1,1,4,Atrativos Naturais,Flora e Unidades de Conservação,Dentro da Colônia Castelhanos.,Colônia Castelhanos,,"-25.76186002609111, -48.939819489120566","Possui uma área de aproximadamente  49.300 hectares. O parque foi criado com o objetivo de garantir a preservação de remanescentes das chamadas florestas ombrófila densa e floresta ombrófila mista. O termo ""ombrófila"" refere-se à vegetação adaptada a ambientes com alta pluviosidade, geralmente acima de 1.500 mm de chuva por ano.","A`preservação também  inclui flora, fauna, recursos hídricos e geológicos, geomorfologia e paisagens naturais associadas.",Rural,,,,,-,-,-,-,-,"No parque, podem ser encontradas diversas espécies de árvores, como a imbuia (Bulnesia sarmientoi), as canelas (Drymis brasiliensis), o mogno (Swietenia macrophylla), o cedro (Cedrela odorata), além de ervas-mate (Ilex paraguariensis) e o palmito jussara (Euterpe edulis).",-,"Ao Sudeste do Municipio, na Colônia Castelhanos, divisa com os municípios de Guaratuba e Morretes. 70 Km até o aeroporto;  71 Km até o centro; 15 Km até a BR 376.",As áreas necessárias a operação e manutenção da Usina Hidrelétrica de  Guaricana estão fora da área do parque,2014,-,-,"Embora tenha grande potencial turístico, o parque carece de trilhas sinalizadas e infraestrutura para turistas. Muitas áreas do parque são de difícil acesso, exigindo equipamentos e experiência em trilhas. Recomenda-se a visitação com guias experientes na região.",-,-,Não,,,,
Capa ,Volume I,40,,,,,,Água,,,,,,,,,,,,,,,,,,,,,,,,,,,Não,,,,
Cachoeira Arco-íris,Volume I,41,5,1,2,1,Atrativos Naturais,Água,"No percurso do Rio Castelhanos, na zona norte da Colônia Castelhanos.",Colônia Castelhanos,,"-25.77058375005051, -48.93964444907304",A cachoeira é formada por uma das quedas do   Rio Castelhanos que percorre a colônia. Pode ser acessada com a ajuda de moradores que atuam com guias.,,Rural,,,Não,-,-,www.youtube.com/watch?v=LmDDtyFBTbY,,Recomendsa-se perdir permissão do proprietário para visitar a cachoeira.,-,"A natureza local é  bastante conservada. Recomenda-se uso de  roupas adequadas para  trilhas, repelentes e botas para proteção contra cobras  e atenção em todas as trilhas. Local isolado, requer o acompanhamento de pessoas que conheçam o local, por segurança.",Acesso mediante permissão dos proprietários. Requer acompanhamento de guias  que saibam andar na mata.,72 Km até o aeroporto;  71 Km até o centro; 17 Km até a BR 376.,"Beleza cênica, contato com  natureza,  experiência na Mata Atlântica.",-,-,-,,-,,Não,,-,-,-
Cachoeira dos Ciganos,Volume I,42,6,1,2,2,Atrativos Naturais,Água,Estrada velha da Guaricana direção a Barragem Guaricana; aflurente do rio Arraial.,Calônia Santos Andrade,,"-25.73245135662421, -49.01759558279589","Localizada em propriedade particular, aberta ao público mediante agendamento. É uma das cachoeiras mais apreciadas e famosas da região. Possui cerca de 60m de altura e está imersa em mata preservada. Suas rochas são bem inclinadas e escorregadias.","Possui área reservada para camping  e traillers do outro lado da entrada, distante da cachoeira, o que confere segurança em caso de chuva na região. Todas as visitas devem ser previamente agendados.",Rural,,(41) 3180-0224,Não,,contato@cachoeiradosciganos.com.br,,www.cachoeiradosciganos.com.br,Entrada adquirida no local. Requer agendamento prévio.,-,"O local é procurado por pessoas que gostam de camping selvagem, adeptos de trailer e kombi-homes. Oferece caminhadas com guias para turmas de escolas e universidades. Está localizada entre a Usina da Chaminé e a Represa da Guaricana.",Mediante permissão e agendamento com o proprietário.,Propriedade particular com acesso  à partir da BR 376 através da Estrada Velha da Guaricana. A trilha começa onde a estrada cruza o afluente do Rio Arraial e possui cerca de 800 m de comprimento. 47 Km até o aeroporto;  46 Km até o centro; 22 Km até a BR 376.,"Beleza cênica, natureza exuberante,  contato com a Mata Atlântica.",-,Sim,-,Visitas somente com agendamento prévio.,-,,Não,,,,
Cachoeira dos Fornos,Volume I,43,7,1,2,3,Atrativos Naturais,Água,Dentro da Fazenda Catas Altas,Papanduva,,"-25.631364332139558, -48.98628761718716","A cachoeira, localizada  dentro da fazenda Catas Altas, esta composta de dois saltos, onde no espaço intermedio tem umas pequenas possas bem relaxantes. Um paisagem de tranquilidade junto à natureza, aproveitando as visitas aos retos históricos dos fornos de carvão vegetal.",,Rural,(41)9 9915-2211,,-,Fazenda Catas Altas,-,-,-,-,-,-,"Desde a casa ate a cachoeira tem uma pequena trilha de uns 200 m. com bastante declive, e pontos escorregadios.",28 Km até o aeroporto; 28 Km até o centro; 10 Km até a Br 277,-,-,Antes do portão.,-,É necessário pedir permissão ao proprietário,-,-,Não,,,,
Cachoeira Ribeirão do Gemido,Volume I,44,8,1,2,4,Atrativos Naturais,Água,Dentro da Vinícula  Araucária localizada  na Rua Aparecida Góes de Paula 1300.,Avencal,,"-25.655943281802383, -49.06739656748943","Embora seja chamada de cachoiera, esse atrativo na verdade é  uma pequena queda d´água localizada próximo à Vinícola Araucária. Oferece uma experiência de tranquilidade junto à natureza para os visitantes que estão hospedados ou participando de passeios na vinícola.",,Rural,,,-,Vinícola Araucária,-,-,-,-,-,-,-,"De acordo com o site mapcarta.com: 29 Km até o aeroporto; 28 Km até o centro; 10,5 Km até a BR 376.",-,-,Da própria vinícola.,-,-,-,-,Não,,,,
Lagoa Azul da Pedreira Malhada,Volume I,45,9,1,2,5,Atrativos Naturais,Água,Rua Rosalia G Ryndack,Malhada,,"-25.661111116294357, -49.087359128660296","Está localizada onde funcionava uma antiga área de mineração. Durante a atividade minerária, a empresa drenava a água do subsolo  para não comprometer suas atividades. Após o encerramento da mineração, a drenagem cessou e, com o passar do tempo,  o aquífero retomou o seu nível natural, formando a lagoa azul.",A lagoa é o resultado do acúmulo das águas de chuva e do afloramento natural do lençol de água  na região onde outrora havia a  mineração. O lugar faz parte da rota de muitos ciclistas que apreciam o passeio pela região.,Rural,,,-,-,-,-,-,-,-,A lagoa pode apresentar diferentes colorações dependendo da hora do dia. O local proporciona belas fotografias particularmente em dias de sol.,,25 Km até o aeroporto; 24 Km até o aeroporto; 8 Km até a BR 376.,"Beleza cênica;  local proporciona  estudos  de campo sobre atividade minerária, formações rochosas, recuperação de áreas degradadas.",-,-,-,-,-,-,Não,,,,
Prainha da Barragem Guaricana,Volume I,46,10,1,2,6,Atrativos Naturais,Água,Seguir a Estrada Velha do Guaricana até a Represa Guarinaca no Rio Arraial. O local fica a 800m da Barragem Guaricana.,Calônia Santos Andrade,,"-25.70964594900103, -48.97352302497938","Pequena praia formada às margens do Rio Arraial, a 800 m da Barragem Guaricana. O local é isolado,  bastante tranquilo e  apreciado como local de pescaria.",,Rural,,,,-,-,-,-,-,-,"O local não possui nenhuma estrutura como banheiros, restaurante ou local próximo para alimentação. Os interessados em visitar e/ou pescar devem ir preparados para estar em um local natural e trazer o lixo de volta.",-,53 Km até o aeroporto; 52 Km até o centro; 28 Km até a BR 376.,Lugar tranquilo para pescar.,-,-,-,-,-,-,Não,,,,
Quedas d'água do Córrego Fundo,Volume I,47,11,1,2,7,Atrativos Naturais,Água,Rua Guilherme Moreno,Campo Largo da Roseira,,"-25.730621469900914, -49.08710700130567","São cerca de 5 quedas sequenciais, rodeadas por mata fechada e morros em aclive acentuado. Ao longo da trilha podem ser observadas diversas espécies vegetais típicas da Mata Atlântica, incluindo  xaxins e bromélias.","A cachoeira se encontra na área da empresa Panagro Empreendimentos Florestais e por isso passou a ser conhecida como ""Quedas ou Cachoeira da Panagro"".  É um local tradicionalmente  apreciado pela beleza das quedas d'água e pela vegetação.",Rural,,,Não,Panagro Empreendimentos Florestais,-,https://www.youtube.com/watch?v=_onBQSbm2kY,,Está localizada em propriedade privada cujos donos tradicionalmente permitem visitação. É necessário cuidar da preservação do local.,-,Recomenda-se o uso de roupas e sapatos próprios para trilhas.,"O acesso à primeira queda é fácil. Nas demais quedas a dificuldade de acesso é moderada, havendo lugares ingrimes.","Saindo da BR 376, pegar a Estrada Velha da Guaricana até a Rua Guilherme Moreno e seguir até o CDV – Centro Espírita Beneficiente União do Vegetal. Deixar o carro e seguir  a rua  à pé até o início da trilha para a cachoeira.
30 Km até o aeroporto; 29 km  até o  centro; 6 Km até a BR 376","Beleza cênica, natureza exuberante,experiência na Mata Atlântica.",-,Não. É necessário deixar o carro na estrada.,-,,,,Não,-,-,-,-
Salto da Malhada,Volume I,48,12,1,2,8,Atrativos Naturais,Água,Rua Demétrio João Kotzias,Colônia Malhada,,"-25.684831352053294, -49.04704373398418","Também conhecida por  ""Salto do Ribeirão do Meio"" e ainda   ""Cachoeira do Turco"", nome que  se refere a um  antigo proprietário. Está localizada em  área particular e faz parte da transição rochosa para a Serra do Mar.","A cachoeira tem cerca de 90 metros de altura e está localizada próxima à Serra da Campininha. Há uma trilha relativamente fácil, que leva até o Morro da Campininha. Recomenda-se estar acompanhado por guias experientes que conheçam bem a região.",Rural,,,Não,-,-,-,-,Recomenda-se conversar com moradores locais para solicitar a permissão para entrada no local.,-,Cachoeira apreciada para prática de trekkings e rappel com  ancoragens naturais. É recomendado o uso de roupas resistentes e adequadas para trilhas.,A trilha passa por fundos de vale com espaços de lama bem escorredios.,"Após passar pela Igreja do Saltinho da Malhada, siga pela Rua Nicolau Braholka até a Rua Demétrio João Kotzias. Continue por essa rua até o final. Ao encontrar a placa indicando 'Rua sem saída', prossiga no caminho e peça orientações aos moradores locais. Distâncias: 32 km até o aeroporto; 31 km até o centro; 15 km até a BR 376.","Beleza cênica, natureza exuberante, experiência na Mata Atlântica.",-,É preciso deixar o carro na estrada.,-,,-,-,Não,,,,
,Volume I,49,,,,,,Morros,,,,,,,,,,,,,,,,,,,,,,,,,,,Não,,,,
Alto de São José,Volume I,50,13,1,3,1,Atrativos Naturais,Morros,"Pico mais alto do Municipio, localizado na Serra da Campininha ao Sudeste do Municipio.",Roça Velha - Osso da Anta,,"-25.697424901344156, -49.04407543850646","Localizado a 1.331m de altitude, o ponto mais alto do município está situado na Serra da Campininha, que, por sua vez, faz parte da Serra do Mar, uma importante cadeia de montanhas que se estende ao longo do litoral brasileiro, especialmente nos estados do Paraná, São Paulo e Rio de Janeiro.",,Rural,,,Não,,,,,,,,-,32 Km até o aeroporto; 31 Km até o centro; 15 Km até a BR 376,,,,,,"Beleza Cênica, contemplação.",,Não,,,,
Mirante para o Morro Redondo,Volume I,51,14,1,3,2,Atrativos Naturais,Morros,Acesso a partir da  Estrada Velha da Guaricana.,Colônia Santos Andrade,,-49.0901009271269686 -25.74425375148933881 0,"Também conhecido como “mirante  do Morro da Embratel"" ou ""mirante do  Morro Redondo”, por estar localizado onde se encontrava a antiga torre de telecomunicações da Embratel.  O mirante possibilita   uma vista panorâmica  da área rural até o litoral em dias de céu limpo.","Faz parte do Complexo da Serra do Mar juntamente com o próprio   Morro Redondo, porém, esse encontra-se no município de  Tijucas do Sul enquanto o Mirante está em São José dos Pinhais.",Rural,,,Não,-,-,-,-,-,-,A trilha de acesso  começa a partir de um entroncamento na Estrada Velha da Guaricana. Há  trechos que podem estar  encobertos pela vegetação.,"Parte do caminho  está com a pavimentação  bastante deteriorada. Há espaço para passagem de um só carro por vez, sem espaço de manobra.","Localiizado  no morro onde estava instalada a antiga torre da Embratel. Pode ser acessado através da  Estrada Velha da Guaricana.
31 Km até o aeroporto; 30 Km até  o centro; 20  Km até a BR 376.",É um local muito apreciado por praticantes de mountain bike e ecoturismo.,-,Na estrada.,-,"A estrada de acesso só comporta um carro por vez, não havendo espaço para manobras e/ou  ultrapassagem",É um local apreciado por praticantes de mountain bike e ecoturismo.,-,Não,-,-,-,
Serra da Campininha,Volume I,52,15,1,3,3,Atrativos Naturais,Morros,No sudeste do municipio. Na divisa entre o Planalto e os vales do litoral. Faz parte da Serra do Mar.,Roça Velha - Osso da Anta,,"-25.687558566891855, -49.04446833454319","A Serra da Campininha é uma importante formação geográfica no município tanto do ponto de vista ecológico quanto turístico. Faz parte da formação montanhosa  da Serra do Mar, uma cadeia de montanhas que se estende ao longo do litoral do Brasil, especialmente nos estados do Paraná, São Paulo e Rio de Janeiro.","O local possui  rica biodiversidade, é uma importante área de captação natural de água de chuva e proporciona uma bela vista da região.",Rural,,,-,-,-,-,-,-,-,,,32 Km até o aeroporto; 31 Km até o centro; 16 Km até a BR 376.,,-,Na estrada.,-,"Ao planejar o passeio, conferir  sempre a previsão do tempo para evitar de pegar chuva  no caminho.",Local apreciado para trekking e ecoturismo.,-,Não,,,,
,Volume I,53,,,,,,Paisagem,,,,,,,,,,,,,,,,,,,,,,,,,,,Não,,,,
Mirante da Barragem Miringuava,Volume I,54,16,1,4,1,Atrativos Naturais,Paisagem,A 2 Km da Vinícula Araucária,Malhada,,"-25.643515389109695, -49.06720931984447","O mirante permite o avistamento da área de abrangêcia da Barragem do Rio Miringuava. A barragem é uma obra da empresa de saneamento Sanepar construída com o objetivo de regular o fluxo de água do rio Miringuava, controlar   enchentes e  armazenar água para  abastecimento público.",,Rural,,,-,-,-,-,-,-,-,A represa esta em fase de construção. Ainda não existe informações detalhadas sobre o mirante da represa.,Seguir pelo caminho lateral oeste da Represa Guaricana ou   por dentro da Vinicola Araucária,30 Km até o aeroporto; 23 Km até o centro; 12 Km até a BR 376.,A represa estava em fase de construção durante a realização deste inventário.,-,-,-,-,"Beleza Cênica, contemplação.",-,Não,,,,
Paisagem Agaraú - Campos de Cultivos,Volume I,55,17,1,4,2,Atrativos Naturais,Paisagem,Seguindo  a rua Arcídio Claudino Barbosa,Agaraú,,"-25.649535022119586, -49.242604509841186","O plantio de pastagens para o comércio de gramas com finalidade paisagística é uma das principais atividades econômicas da região, proporcionando um belo cenário que pode ser apreciado ao longo  da  rua Arcidio Claudino Barbosa. Os campos são  margeados por pinheiros adultos.","A agricultura, a pecuária e a indústria cerâmica produtora de telhas  tijolos  também estão presentes na região.",Rural,,,-,-,-,-,-,-,-,Os campos podem ser apreciados a partir do ponto georeferenciado nesta ficha do inventário. A paisagem poderá ser alterada ao longo do tempo devido às modificações dos plantações.,-,22 Km até o aeroporto; 16 Km até o centro;  9 Km até a BR 116.,,,,,,"Beleza Cênica, contemplação.",,Não,,,,
Paisagem Antinha - Estrada do Ronco,Volume I,56,18,1,4,3,Atrativos Naturais,Paisagem,Entre as Ruas Demétrio João Kotzias e Pedro Schulis,Antinha,,"-25.65617923549434, -49.05508909027232","A Estrada do Ronco, na Colônia Antinha, é uma estrada que proporciona uma experiência de imersão rural. A colônia  possui a maior parte do seu território ocupada por uma rica vegetação de floresta ambrólia que é formada por espécies vegetais adaptadas a ambientes com alta pluviosidade, geralmente acima de 1.500 mm de chuva por ano.",A estrada proporcina relaxamento e contemplação da paisagem. O ponto georeferenciado leva às proximidades de uma lagoa de uma das fazendas da região que forma uma bonita composição paisagística.,Rural,,,,-,-,-,-,-,-,"A estrada é próxima da singela Capela Nossa Senhora do Perpétuo Socorro da Antinha, localizada à Rua Stanislau Turbanski (-25.6492666399758, -49.04197398301253) e da Represa do Miringuava.",-,"Tendo como referência o ponto -25.6625232951084, -49.06004214316118: 27 Km até  o aeroporto ou até o centro; 1,6 Km até a Vinícola Araucária.",,,,,,"Beleza Cênica, contemplação.",-,Não,,,,
Paisagem Conteda - Frente Igreja de São Sebastião,Volume I,57,19,1,4,4,Atrativos Naturais,Paisagem,Frente à  Igreja de São Sebastião da  Contenda.,Contenda,,"-25.701402634404687, -49.14946976110572","Em frente à igreja, em dias de céu limpo, pode-se avistar as belas montanhas da Serra da Campininha entre os pinheiros que margeiam a estrada.",,Rural,,,,-,-,-,-,-,-,"É um bom local para fazer uma pausa da viagem,  desenhar  e  fazer  fotos.",-,21 Km até o aeroporto;  20 Km até o centro; 700 m até a BR 376.,-,-,-,-,-,"Beleza Cênica, contemplação.",-,Não,,,,
Paisagem Gamelas - Rua João Maiczak,Volume I,58,20,1,4,5,Atrativos Naturais,Paisagem,Trecho da rua João Maiczak,Gamelas,,"-25.596983228349746, -49.0775400924344","Trecho da estrada que passa por propriedades agrícolas e proporciona uma paisagem de beleza cênica tipicamente rural. O ponto georreferenciado leva à proximidade de uma lagoa de uma das fazendas da região, formando uma bonita composição paisagística.",,Rural,,,,-,-,-,-,-,-,-,,Considerando o ponto georreferenciado: 16 Km até o aeroporto; 16 Km até o centro; 12 Km até a BR 277.,-,-,-,-,-,"Beleza Cênica, contemplação.",-,Não,,,,
Paisagem Malhada - Campos de Cultivos,Volume I,59,21,1,4,6,Atrativos Naturais,Paisagem,Professor Júlio Carvalho Gomes,Malhada,,"-25.689075455454326, -49.09423324864407","A rua Professor Júlio Carvalho Gomes na área rural possui várias paisagens de cultivos de verduras e hortaliças. O destaque especial  é o trecho que fica entre a bifurcação com a rua João Grebogui da Lavra,  e a rua Domingos Burakowski.","Nesse trecho, o relevo proporciona uma interessante  paisagem de cultivos ao longo da estrada, com destaque para os plantios de repolhos.  A experiência é tanto visual quanto olfativa.",Rural,,,,-,-,-,-,-,-,-,,"Considerando o ponto georreferenciado da bifurcação com a rua Domingo Burakowisk.
27,5 Km até o Aeroporto; 26 Km até o centro; 5,5 Km até a BR 376.",-,-,-,-,-,"Beleza cênica, experiência olfativa.",-,Não,,,,
,Volume I,60,,,,,Atrativos Histórico-Culturais,,,,,,,,,,,,,,,,,,,,,,,,,,,,Não,,,,
,Volume I,61,,,,,Atrativos Histórico-Culturais,,,,,,,,,,,,,,,,,,,,,,,,,,,,Não,,,,
,Volume I,62,,,,,,Colônias,,,,,,,,,,,,,,,,,,,,,,,,,,,Não,,,,
Colônia Accioli,Volume I,63,22,2,1,1,Atrativos Histórico-Culturais,Colônias,Proximidades da fábrica da Renault,Colônia Accioli,,"-25.548816906297837, -49.095726965496205","A colonização da região foi majoritariamente realizada por poloneses e italianos, com uma presença menor de suecos.
Foi fundada em terras localizadas na Borda do Campo e na Roseira de São Sebastião, nas proximidades da atual fábrica da Renault. A Colônia Acioli foi nomeada em homenagem ao Tenente-Coronel Francisco de Barros Acioli de Vasconcelos-  Inspetor Geral de Imigração do Paraná. Ele desempenhou um papel crucial na economia do Paraná e foi agraciado com o título de Barão do Serro Azul por D. Pedro II. Diferente de outras colônias, a Colônia Acioli foi criada por iniciativa particular de Idelfonso Pereira Correia, empresário do setor de erva-mate e filantropo. 
Ainda que os motivos de criação da colônia não sejam claros, ela fazia parte de uma visão de modernização e expansão agrícola, visando contribuir para o crescimento econômico da região. Correia, que também foi presidente da Sociedade de Imigração de Curitiba, conhecia as dificuldades enfrentadas pelos imigrantes e, após a Proclamação da República, continuou a apoiar a instalação de famílias italianas, polonesas e suecas em suas terras, mesmo sem auxílio do governo.","A colônia ocupava uma área de 1.260 hectares, dividida em 101 lotes, com uma população inicial de 221 pessoas entre italianos, poloneses e suecos. As casas dos colonos eram simples, feitas de madeira, com cozinhas de chão batido, seguindo a arquitetura tradicional polonesa e italiana adaptada às condições locais. Os colonos cultivavam milho, feijão, trigo, batata-doce, fumo e batatinha. Em dias chuvosos, o transporte de produtos para Curitiba era dificultado pelas más condições das estradas. O cotidiano dos colonos pode ser melhor compreendido através do pequeno museu dos vinhos coloniais dom Roberto, que expõe móveis e equipamentos historicos dos colonos.",Rural,,,Não,,,,,,,A Colônia Acioli se destaca por sua gastronomia e belas paisagens . Sua proximidade com as colônias Mergulhão e Murici atrai muitos turistas que visitam o Caminho do Vinho.,,13 Km do aeroporto; 13 Km do centro; 4 Km da BR 277; 27 Km do centro de  Curitiba,,Fundada em 1891,,,,,,Não,,,,
Colônia Castelhanos,Volume I,64,23,2,1,2,Atrativos Histórico-Culturais,Colônias,"Acesso pela BR-376 (sentido Santa Catarina): entrar à esquerda após o segundo posto da Polícia Federal (Guaratuba), seguindo cerca de 17 km por estrada de chão em meio à mata fechada até o rio São João.",,,"-25.79813979029935, -48.91118559817622","A colonização da área foi marcada pela chegada de ucranianos, poloneses e refugiados de guerra, como húngaros e alemães.
A Colônia está  localizada na Serra do Mar, entre São José dos Pinhais e Guaratuba. Há duas versões sobre sua origem: uma relata que criminosos espanhóis se refugiaram na região, e outra diz que os espanhóis batizaram o local de ""castillas"" pela beleza natural, chamando seus habitantes de ""castelhanos"".
Após um período de abandono das terras entre 1890 e 1950, o desenvolvimento foi impulsionado pela construção da Usina Chaminé em 1931, o primeiro grande projeto hidrelétrico do Paraná. 
Hoje, a colônia é composta por cerca de 400 habitantes organizados em cooperativas. A produção de banana é sua principal atividade econômica.","Além das bananas, há cultivo de mandioca, laranja e frutas como abacate e jabuticaba, além de uma pequena produção de artesanato e produtos derivados da banana. 
A região, situada na Mata Atlântica, oferece uma imersão na natureza, com cachoeiras e rios, sendo um destino emergente de turismo rural. Muitas cachoeiras estão em propriedades privadas e podem ser visitadas com a autorização dos moradores. Recomenda-se o uso de botas e roupas adequadas para trilhas, além do acompanhamento de um guia local, devido à facilidade de se perder na região.",Rural,,,Não,,,,,,,"É a colônia mais distante, localizada na divisa com Guaratuba. A região ficou  abandonada de 1890 a 1950. Após esse período, refugiados da 2a Guerra Mundial se estabeleceram-se na área em busca da tranqulidade às margens dos rios São João e Castelhanos.",,60 km até o aeroporto; 59 km até o centro; 12 km até a BR-376; 82 km até o centro de Curitiba.,,Incerta,,,,,,Não,,,,
Colônias Faxina e Campestre da Faxina,Volume I,65,24,2,1,3,Atrativos Histórico-Culturais,Colônias,Localizam-se na região oeste do município,Colônia Faxina,,"Campestre da Faxina: -25.736092381473462, -49.177502894870486;
Faxina: -25.77587993104762, -49.182970863815584","Colônias de formação espontânea. 
Entre os séculos XVIII e XIX, colonizadores portugueses, povos indígenas e seus descendentes ocupavam a região da Faxina e Campestre da Faxina, com registros de propriedades contendo sobrenomes portugueses. No final do século XIX e início do século XX, iniciou-se uma ocupação espontânea dessas propriedades por colonos provenientes de áreas de difícil permanência, como a colônia Santos Andrade, localizada na Serra do Mar, sem interferência das autoridades estaduais. Ao longo do tempo, esses imigrantes foram, pouco a pouco, adquirindo terras dos proprietários descendentes de portugueses na região. Conforme documentado pela historiadora Maria Angélica Marochi em seu livro ""Imigrantes 1870-1950: os Europeus em São José dos Pinhais"", os registros cartoriais são a principal fonte de informação sobre essa transição. Tais registros mostram a mudança da predominância de sobrenomes portugueses para sobrenomes de famílias ucranianas e, posteriormente, polonesas e italianas.","Esses novos colonos gradualmente adquiriram terras na Faxina e Campestre da Faxina, deixando para trás as áreas de difícil acesso, em uma segunda onda migratória dentro das colônias. O nome “Faxina” é intrigante. Na época dos antigos colonos, não havia cercas entre as propriedades; a divisão era feita por valas profundas. Os animais eram criados livres, e a administração das terras e cultivos era coletiva. O nome “Faxina” muito possivelmente deriva da “constituição de faxinal”, um conjunto de normas e práticas comunitárias específicas das comunidades tradicionais chamadas faxinais, típicas do Paraná. Essas normas regulavam o uso comum das terras pelas diferentes famílias, principalmente para a criação de animais e agricultura. Nos faxinais, as áreas eram compartilhadas pelas famílias para a criação de animais soltos, como porcos, e o cultivo de pequenas roças.",Rural,,,Não,,,,,,,"É uma região rural tranquila, proporciona experiências de agroturismo, gastronomia e contemplação de paisagens.",,"Faxina:32,5 Km até o aeroporto; 31 Km até o centro; 8,5 Km até a BR 376 
Campestre da Faxina: 28 Km até o aeroporto; 26,5 Km até o centro; 7 Km até a BR 376",,Incerta,,,,,,Não,,,,
Colônia Malhada,Volume I,66,25,2,1,4,Atrativos Histórico-Culturais,Colônias,"Acessos pela BR-376 (Campo Largo da Roseira)
A 22 Km até o aeroporto; 22 Km até o centro; 6 Km até a BR 376; 38 Km até o centro de Curitiba",,,"-25.662184261180627, -49.10047923520897","A região da Malhada se estende entre o Campo Largo da Roseira e o saltinho da malhada. Tem como principal atividade a criação de cavalos de raça, avicultura, extração de saibros e britas, algumas dezenas de olarias e significante produção de hortigranjeiros e o plantio de hortênsias.  O distrito foi criado em 1951 , porém em 1780 a região já era grande produtora de erva-mate, gado e produtos agrícolas, e por volta de 1815 destacou-se também na criação de cavalos, carneiros e porcos.","Até a chegada dos primeiros colonos, a região era ocupada por descendentes de portugueses. Documentos de propriedades das terras, datados de 1893, comprovam que havia poucos proprietários de terra até o final do século XIX. Os nomes registrados incluíam Alves, Andriguetto, Araújo, Bolin, Carvalho, Foiato, Furquim, Ferreira de Jesus, Franco dos Santos, Greboge e Santos. Já nos registros de cobrança de impostos e alvarás de funcionamento, entre 1910 e 1960, foram identificados 16 proprietários na Malhada, sendo 14 deles com sobrenomes italianos e poloneses.
As primeiras famílias que ocuparam a região enfrentaram o árduo trabalho de derrubar a mata para preparar a terra para o cultivo. Com a madeira cortada, construíram suas casas e realizaram  benfeitorias nas propriedades.
Os imigrantes e seus descendentes foram adquirindo pequenas propriedades e se dedicaram à agricultura, de forma semelhante à Colônia Murici. Muitos colonos da Malhada tinham parentes na Colônia Murici, criando uma forte ligação entre as duas colônias, que, além de compartilharem o mesmo grupo étnico, mantinham uma estreita relação.
A primeira igreja foi construída por meio de um mutirão formado pelos imigrantes e descendentes de colonizadores portugueses. Juntos, limparam o terreno e, posteriormente, trabalharam na edificação da igreja.",Rural,,,Não,,,,,,,,,"22 Km até o aeroporto; 22,5  Km até o centro;  6 Km até a BR 376",,,,,,,,Não,,,,
Colônia Marcelino,Volume I,67,26,2,1,5,Atrativos Histórico-Culturais,Colônias,"Acessos pela BR-376 (Campo Largo da Roseira), ou pela BR-116. Faz divisa com as localidades de Campestre, Faxina, Espigão, Rio Abaixo, Queimadas, Retiro e Matos, e com o município de Mandirituba.",,,"-25.799695939601285, -49.20887254770023","A colônia foi nomeada em homenagem ao Coronel Marcelino José Nogueira, antigo proprietário das terras, que facilitou a venda para imigrantes e descendentes de ucranianos e poloneses. 
Registros de 1893 mencionam 70 proprietários de terras com sobrenomes de origem portuguesa, como Alves, Bueno, Claudino, Cruz, Fagundes, Ferreira, Lima, Machado, Oliveira e Rocha. No início do século XX, chegaram as primeiras famílias ucranianas, como Baran, Tarachuk, Verniski, Guzik, Nogas, Lecheta, Taracnik, Starepravo, Ivanski e Paitach. Posteriormente, vieram famílias polonesas, como Inkot, Picussa, Felipak, Sezanoski, Kosiba, Chimanski, Kuzeski, Kusma e Buczko. 
A colônia se formou de maneira espontânea, com imigrantes, principalmente ucranianos e poloneses, buscando novas terras após se estabelecerem em outras colônias vizinhas no final do século XIX. Alguns imigrantes chegaram diretamente da Europa, atraídos pela propaganda brasileira sobre imigração. Por ser uma colônia de formação espontânea, há pouca documentação sobre seu processo de estabelecimento. A maioria dos ucranianos veio durante a primeira onda de imigração ao Paraná, oriundos de regiões como Galícia e Bucovina, então sob domínio austríaco. Outros ucranianos chegaram após a Primeira e a Segunda Guerra Mundial. 
Apesar dos desafios de limpar e cultivar as terras, os imigrantes consideravam uma dádiva serem donos de suas próprias terras, ao contrário da Europa. Inicialmente, cultivavam trigo, milho, feijão e erva-mate, e com o tempo se tornaram grandes produtores de batata-salsa, pimentão e trigo. Atualmente, a colônia é a maior produtora de camomila do Paraná, e os campos floridos enfeitam a paisagem rural, com um leve aroma adocicado no ar.","Outro aspecto marcante da colônia é a expressão de sua religiosidade, refletida na arquitetura. Destacam-se a imponente Igreja Ucraniana da Santíssima Trindade, construída em estilo bizantino, e a antiga Igreja da Santíssima Trindade, em estilo neoclássico, além da Capela de São Pedro e São Paulo, que por muitos anos foi frequentada apenas por poloneses. Por estar distante do centro urbano, a colônia preserva muitas de suas características originais.",Rural,,,Não,,,,,,,"A religiosidade é uma forte marca local, e as principais festas são de cunho religioso, como a procissão de Corpus Christi, a Páscoa e o Natal. Em janeiro, é realizada a tradicional Festa do Trigo, idealizada em agradecimento pela boa colheita, com o intuito de valorizar e preservar a tradição e cultura ucraniana. 
A comunidade também celebra eventos como a Noite do Jantar Ucraniano e a Noite do Pierohê, com apresentações folclóricas do grupo Soloveiko. Durante as festividades, pratos típicos ucranianos, como perohê (pierogui), zaprachka, kutiá, varénneke, holuptzí e borcht, são servidos, preservando as tradições gastronômicas da colônia.",,33 Km até o aeroporto; 29 Km até o centro; 11 Km até a BR 116,,,,,,,,Não,,,,
Colônia Mergulhão,Volume I,68,27,2,1,6,Atrativos Histórico-Culturais,Colônias,Localiza-se às margens do rio Pequeno. Coincide práticamente com a Rota do Vinho,Colônia Mergulhao,,"-25.56523025419682, -49.12522630802586","A Colônia Mergulhão recebeu seu nome em referência ao pássaro aquático Mergulhão Caçador, comum na região devido à grande quantidade de rios e nascentes. A principal colonização foi de italianos e poloneses, embora a ocupação inicial tenha sido espontânea por descendentes de antigos colonizadores portugueses, escravos africanos e indígenas.
No início do século XX, imigrantes italianos e poloneses começaram a adquirir terras na região, especialmente ao longo da estrada principal da colônia. Famílias como Daldin, Bortolan, Juliatto e Pissaia estavam entre as primeiras a se estabelecerem. A economia era baseada na produção agrícola diversificada, com plantações de milho, feijão, batata-doce e legumes, além da criação de vacas leiteiras, aves e porcos. A erva-mate nativa também era explorada.
O potencial turístico da região foi identificado em 1998, e em 1999 surgiu a rota turística “Caminho do Vinho”, que hoje abrange cerca de 30 propriedades rurais. Essas propriedades oferecem vinhos, produtos coloniais, pesque-pagues, restaurantes e cafés coloniais. A Associação Caminho do Vinho (Acavin) foi criada para promover o desenvolvimento local.","A produção de vinho começou com parreirais trazidos da Itália, e até 1940, muitos produtores fabricavam vinho apenas para consumo familiar. A comercialização de vinhos cresceu, e algumas famílias passaram a vender oficialmente após se registrarem junto à Prefeitura. A região, hoje, é conhecida por suas vinícolas e produção de sucos e licores.
As primeiras moradias eram rudimentares, construídas em madeira, mas com o tempo, a construção em alvenaria se tornou comum graças às olarias locais. A colônia também conta com uma tradição religiosa, tendo erguido sua primeira capela dedicada à Nossa Senhora da Imaculada Conceição, que posteriormente foi substituída por uma igreja maior na década de 1930.
A colônia preserva suas tradições culturais por meio de iniciativas como o grupo folclórico Cuori d'Italia, o coral Belvedere e festividades como a Festa do Vinho e Mostra de Folclore, realizadas em agosto, além da Festa do Pinhão, consolidando o Caminho do Vinho como destino turístico e gastronômico.",Rural,,,Não,,,,,,,"A colônia preserva suas tradições culturais por meio de iniciativas como o grupo folclórico Cuori d'Italia, o coral Belvedere e festividades como a Festa do Vinho e Mostra de Folclore, realizadas em agosto, além da Festa do Pinhão, consolidando o Caminho.",,,,,,,,,,Não,,,,
Colônia Murici,Volume I,69,28,2,1,7,Atrativos Histórico-Culturais,Colônias,"Localiza-se às margens do rio Miringuava, abrange as regiões de Avencal, Inhaíva, Murici, Roça Velha, Malhada e Saltinho da Malhada.",Colônia Murici,,"-25.58058651179683, -49.13346908087432","Criada em 1878, a Colônia Murici é a mais expressiva comunidade de origem polonesa no Brasil.  Foi fundada em homenagem ao médico José Cândido da Silva Muricy, reconhecido por suas contribuições à Santa Casa de Misericórdia de Curitiba e ao Museu Paranaense, e condecorado pelo Imperador D. Pedro II. A colonização da região foi predominantemente realizada por imigrantes poloneses procedentes da Galícia e da Prússia Oriental com uma pequena presença de brasileiros e italianos. As primeiras famílias (60 pessoas) chegaram pelo Porto de Paranaguá no navio inglês “Pachoal” e se estabeleceram em uma área inicialmente dividida em 73 lotes. 

Os colonos adaptaram técnicas arquitetônicas típicas da Polônia, como o ""Dom Węgłowy"", construindo casas simples e funcionais com madeiras locais e telhados de palha, posteriormente substituídos por telhas de barro. Essas casas ofereciam proteção contra o clima e pragas locais, utilizando troncos de araucárias.","A economia da colônia era baseada na produção de erva-mate, trigo, milho, feijão, batata, vinho e fumo. Atualmente, a Colônia Murici é uma importante produtora de hortaliças, abastecendo cerca de 80% da região metropolitana de Curitiba. Além da agricultura, a colônia oferece um circuito de turismo rural com atrações como igrejas, cafés coloniais, pesque-pagues e belas paisagens.  
Entre suas principais festividades estão a Festa da Colheita, a Festa de São João e a Festa das Capelinhas. A colônia também mantém vivas tradições culturais polonesas, com destaque para o Natal e a Páscoa.
O cotidiano dos colonos pode ser melhor compreendido através do pequeno museu na casa Groschoki-Kawarnia, que expõe móveis e equipamentos historicos dos colonos.",Rural,,,Não,,,,,,,"Em 1978, os pioneiros foram homenageados com uma placa na praça central, ao lado da Igreja Matriz, junto a outras homenagens aos pracinhas da Força Expedicionárioa Brasileira- FEB e ao Pe. Carlos Dworaczek, que preservou as tradições polonesas na região.",,"8 Km do aeroporto;  7 Km do centro de São José dos Pinhais; 1,5 Km até a BR 116;  22  Km  do centro de Curitiba, às margens do rio Miringuava.",,6 de junho de 1878,,,,,,Não,,,,
Colônia Zacarias,Volume I,70,29,2,1,8,Atrativos Histórico-Culturais,Colônias,"Localiza-se na região entre os rios Arujá, Miringuava, Miringuava Mirim. Ao sul do centro da cidade e da BR 376.",Colônia Mergulhao,,"-25.577683138712718, -49.21278122652882","A comunidade era profundamente religiosa. Em 1885 os colonos construíram uma igreja de madeira dedicada a Nossa Senhora do Rosário que foi substituída em 1923 por uma nova construção de alvenaria. A língua polonesa era predominante, mas com a ditadura de Getúlio Vargas, seus habitantes foram proibidos de falar sua língua natal e o ensino do português se tornou obrigatório.

Hoje, a Colônia Zacarias se destaca pela horticultura, com o cultivo de frutas, hortaliças e legumes, além da criação de aves, produção de leite e turismo rural. A região atrai visitantes com pesque-pagues, áreas de lazer rural e a venda de produtos artesanais como queijos, conservas e embutidos, mantendo vivas suas tradições e cultura.","Criada em 1878, a Colônia Zacarias foi criada em homenagem a Zacarias de Góes Vasconcelos, primeiro presidente da Província do Paraná após sua separação de São Paulo em 1853, e destacado político do Segundo Reinado. A colonização  foi liderada por poloneses silesianos e italianos. Os poloneses silesianos, provenientes da região da Silésia (dividida entre a Áustria e a Prússia), trouxeram influências culturais e linguísticas germânicas associados às suas  tradições polonesas.
Na sua fundação, a colônia tinha uma área de 3.182.807 m², dividida em 28 lotes, tornando-se uma das menores colônias da região. Sua  emancipação precoce fez com que os colonos perdessem o apoio governamental. Apesar dessa adversidade, conseguiram se estabelecer e expandir suas terras. Plantavam milho, feijão, batatas, cebola e produziam manteiga e erva-mate, além de, em alguns períodos, cultivarem linho.",Rural ,,,Não,,,,,,,,,9 Km do aeroporto; 6 Km do centro; faz divisa com a BR 376; 20 Km do centro de Curitiba.,,,,,,,,Não,,,,
Outras Colonias,Volume I,71,,2,1,9,Atrativos Histórico-Culturais,Colônias,,,,,"Aém das maiores colônias citadas anteriormente, existem outras localidades formadas por pequenos grupos étnicos na área rural. Em geral, foram criadas de forma espontânea.","São elas: Avencal, Cachoeira, Campina do Taquaral, Campo Largo da Roseira, Capão Grosso, Capivari, Córrego Fundo, Costeira, Curralinho, Gamelas, Inhaíva, Poço da Anta, Papanduva da Serra, Purgátório, Rio de Una, Rio Pequeno, Roça Velha, Roseira de Campo Largo e Saltinhho da Malhada, Santos Andrade.",,,,,,,,,,,,,,,,,,,,,Não,,,,
,Volume I,72,,,,,,Arquitetura e Engenharia,,,,,,,,,,,,,,,,,,,,,,,,,,,Não,,,,
Academia P. M. do Guatupê,Volume I,73,30,2,2,1,Atrativos Histórico-Culturais,Arquitetura e Engenharia,"BR 277, Km 72",-,83075-00,"-25.505399337272127, -49.14401938156286","A arquitetura da APMG reflete características típicas das instituições militares, focadas em funcionalidade, segurança e formação. O prédio foi criado como espaço de ensino superior em 1931 e ganhou o nome de Academia Policial Militar do Guatupê em 1971 pelo Decreto 22.653.","É responsável pela formação, especialização e aperfeiçoamento de oficiais e praças da Polícia Militar. Realiza cursos de graduação, pós-graduação e extensão. Seu curso de aperfeiçoamento de oficiais é equivalente ao nível de mestrado.",Urbana,,(41) 3299-7900,-,-,-,-,www.apmg.pr.gov.br,-,-,"A APMG possui uma área de aproximadamente 102 hectares e recebe, anualmente, cerca de oitocentos alunos. Suas instalações são voltadas para o preparo técnico-profissional e condicionamento físico.",-,10 Km até o aeroporto; 8 Km até o centro; encontra-se na BR 277,É uma das maiores academias de Polícia Militar da América do Sul.,1931,Sim,800 alunos/ano,-,Formação militar,-,Não,,,,
Casa  ao lado da Adega Bortolan,Volume I,74,31,2,2,2,Atrativos Histórico-Culturais,Arquitetura e Engenharia,"Rua João Berger 802, esquina com a Rua Julio Cesart Seterareski",Colônia Mergulhão,83085-200,"-25.568445883413535, -49.12805687709948","Localizada ao lado da Adega Bortolan, essa  é um dos mais antigos exemplares da arquitetura da colônia, conservando o estilo dos imigrantes italianos.","A construção foi feita pela família Juliato, a qual se instalou no início da formação da  colônia.   Rua, R. Júlio César Setenareski, 1551.",Rural,,,,Família Bortolan,-,-,-,-,,"Construção em alvenaria, com pintura renovada, muito bem conservada.",Propriedade particular. Pode ser vista da estrada.,,,,,,,Arquitetura,-,Não,,,,
Biblioteca Pública Municipal,Volume I,75,32,2,2,3,Atrativos Histórico-Culturais,Arquitetura e Engenharia,"Praça Oito de Janeiro, 120 ou Largo Vereador Segismundo Salata, 120",Centro,83005-185,"-25.53570627358608, -49.20584699700488","Localizada em um prédio construído com linhas clássicas em  1912 para abrigar o Grupo Escolar  Silveira  da Motta, já sediou o Fórum e a Câmara Municipal da cidade. Foi tombado pelo patrimônio histórico em 1980.",A Biblioteca Pública foi fundada em 1940 e tem um acervo de mais de 100 mil livros. Leva o nome de um  dos grandes escritores sãojoeense: Reinaldino Antônio Scharffenberg de Quadros que também foi  patrono da cadeira nº 36 da Academia Paranaense de Letras,Urbana,,(41) 3381-5845,Sim,Prédio Público,-,-,https://www.sjp.pr.gov.br,Faz empréstimos domiciliares.,Seg a Sex: 9:00h às 17:00h.,"Para fazer empréstimos basta levar um documento de identidade e  comprovante de endereço. Oferece o apoio à consulta, empréstimo domiciliar e o uso da biblioteca virtual. Oferece cursos de gibis.",Sim,5 Km até o aeroporto; encontra-se no centro;  5 Km até a BR 106,Bonecos gigantes feitos produzidos pelo Museu do Boneco. Um deles representa o próprio Sharffenbert de Quadros.,1940,Não. Estacionamento nas ruas laterais.,-,Não abre na parte da noite e nem aos sábados.,-,-,Não,,,,
Caixa d'água do Calçadão,Volume I,76,33,2,2,4,Atrativos Histórico-Culturais,Arquitetura e Engenharia,"R. Quinze de Novembro, 1155 - Praça Getulio Vargas",Centro,83005-000,"-25.535357703129293, -49.20686402171623",Reservatório elevado construído pela Sanepar  e projetado pelo engenheiro-arquiteto Léo Limzme. Possui  capacidade de 100 metros cúbicos. Tornou um marco na paisagem vertical  e é  a primeira obra de arquitetura moderna a ser tombada pelo município.,"Sua projeção é triangular com apoio central. Foi a primeira obra no Brasil a ser construída em concreto protendido - técnica que combina aço e concreto para maximizar a resistência estrutural, com o concreto suportando a compressão e o aço, a tração.",Urbana,,,Sim,Patrimônio Público,-,www.youtube.com/watch?v=L-87rn11Vds;,,-,-,Possui parte do piso em Petit Pavê da década de 1980.  Seu entorno   é uma área de passagem e convivência no centro da cidade.,Possui pisos táteis para auxiliar portadores de deficiência visual.,5 Km até o aeroporto; encontra-se no centro da cidade;  3 Km até a Av. das Torres; 9 Km até a BR 277,Sua construção ocorreu em um momento de grandes discussões sobre o saneamento no Brasil.,1966,Nas ruas laterais.,-,-,Engenharia,-,Não,-,-,-,-
Câmara Municipal,Volume I,77,34,2,2,5,Atrativos Histórico-Culturais,Arquitetura e Engenharia,"R. Veríssimo Marques, 699.",Centro,83005-410,"-25.53402625884862, -49.203967977979914","Construção de arquitetura moderna em vidro e concreto. Inaugurada em  2003, possui gabinetes dos vereadores, jardins internos, plenário com platéia.",No interior do plenário encontra-se um painel que representa os vereadores feito pelo  artista plástico Roney W. Erthal  em homenagem aos 150 anos do Poder Legislativo.,Urbana,,(41) 3299-6500,Não,Patrimônio Público,-,,https://cmsjp.pr.gov.br,,-,-,Sim,4 Km até o aeroporto; encontra-se no centro; 5 Km até a BR 376,Painel do artista plástico Roney W. Erthal,2003,Sim,-,É necessário identificação para entrar no prédio e  visitar o painel.,-,-,Não,-,-,-,-
Casa Bortolan,Volume I,78,35,2,2,6,Atrativos Histórico-Culturais,Arquitetura e Engenharia,"Rua João Bortolan 222, frente à Rua Augusto  Migrute",Colônia Mergulhão,,"-25.5736449804239, -49.10621280460429","A Casa Bortolan é um conjunto de casas centenárias construídas por dois imigrantes italianos: João Bortolon e Ernesto Juliatto, sendo uma delas residencial e a outra um armazém de secos e molhados. Ambas refletem a tradição arquitetônica e cultural trazida pelos colonos, sendo um exemplo típico da arquitetura rural italiana. É considerada patrimônio histórico e cultural.",,Rural,,,,-,-,-,-,-,-,Uma das casas é utilizada comercialmente pela Petiscaria Cantinho Mineiro.,Não,"12 Km até o aeroporto; 12,5 Km até o centro; 6 Km até a BR 277",-,,"Sim, nas ruas laterais.",-,Propriedade privada.,"Arquitetura, História",,Não,,,,
Casa Braz Luiz Pereira Filho,Volume I,79,36,2,2,7,Atrativos Histórico-Culturais,Arquitetura e Engenharia,"Rua Bembenutto Moletta 2029,  quase em frente à rua Vila Nova",Contenda,,"-25.64067098745106, -49.207261005783394","Construída no ano de 1897 em alvenaria, com assoalho interno de tábuas largas e divisórias em mata-juntas, um elemento construtivo inovador para a época que dava durabilidade e conforto à construção.","A construção inicialmente foi usada como residência. Abrigou uma  escola pública e, posteriormente, voltou a ser usada como residência. Possui duas construções anexas que funcionaram como paiol e armazém.",Rural,,,,-,-,-,-,-,-,"As divisórias mata-juntas tinham como função absorver os movimentos estruturais naturais da construção, como a dilatação térmica e a contração, evitando rachaduras e fissuras.",-,18 Km até o aeroporto; 16 Km até o centro;  6 Km até a BR 376,Possui divisória de mata-junta: inovação para as casas da época que funciona como barreira acústica e proteção contra infiltração.,1897,"Sim, ao longo da estrada.",-,Propriedade privada.,Arquitetura,-,Não,,,,
Casa Groschoki - Kawarnia,Volume I,80,37,2,2,8,Atrativos Histórico-Culturais,Arquitetura e Engenharia,"O paiol está localizado junto o café colonial  Kawiarnia, R. Domingos Perbiche, 1446",Colônia Murici,83085-230,"-25.594411052604517, -49.13621753553913","A casa foi construída por Francisco Sravitch e posteriormente  passou a pertencer à família Groschoki. Construção típica polonesa utilizando a técnica de troncos encaixados e suspensa a 20 cm do solo, sendo apoiada por toras nas quatro extremidades.  Encontra-se junto ao Café colonial Kawiarnia.","Possui um acréscimo lateral em alvenaria. Além da casa, foram construídos um paiol, uma residência, um poço e um forno em alvenaria.",Rural,,,,Família Grochoski.,kawiarniacafecolonial@gmail.com,@kawiarniacafecolonial,,-,"Fecha de 2a a 6af; Aberto Sábado, das 12h àsa 19h e domingo  das 11:30 às 19h",Dentro da casa os visitantes podem encontrar um pequeno museu feito com objetos típicos usados no trabalho das coloniais. A observação do ferramental de trabalho passa a ideia do esforço que os colonos tinham que fazer para trabalhar a terra e tornala produtiva.,-,"12,5 Km até o aeroporto; 11 Km até o centro; 7 Km até a BR 376",,1910,Sim,,,Arquitetura,,Não,,,,
Casa Hallunch,Volume I,81,38,2,2,9,Atrativos Histórico-Culturais,Arquitetura e Engenharia,"Rua Adr. Muritici 802, perto da Rua Domingos Perbiche",Marcelino,,"-25.585167033511734, -49.12964230447086","Casa de aproximadamente 100 anos da família Halluch, construída em tabuado de madeira com mata-junta, um elemento inovador para a época que conferia durabilidade e conforto à construção. Possui também os tradicionais lambrequins",A família Halluch está presente na colônia desde a sua fundação.  Chegou ao Brasil em 1878 e desenvolveu empreendimentos no comércio e na indústria.,Rural,,,,Familia  Halluch,-,-,-,-,-,-,Propriedade particular. Pode ser vista da estrada.,11 Km até o aeroporoto; 10 Km até o centro; 6 Km até a BR 116,A mata-junta era uma inovação para as casas da época. Funcionavam também como barreiras acústicas e proteção contra infiltração.,Início do século XX,Ao longo da estrada,-,Propriedade particular,"Arquitetura, História",-,Não,,,,
Casa Ienkot (Iewnkot),Volume I,82,39,2,2,10,Atrativos Histórico-Culturais,Arquitetura e Engenharia,"Rua Antônio Claudino Sobrinho, 15785, esquina com a rua Bemvenuto Moletta.",Marcelino,,"-25.748145632779377, -49.23770583204798",Casa construída por Pedro Inkot em alvenaria em 1931 e inicialmente adornada com  pinturas parietais de paisagens de sua autoria. Tais pinturas foram posteriormente escondidas por camadas de tintas.,"Essa casa era vizinha de um antigo conjunto agroindustrial da família Inkot, composto por mais duas casas e um moinho de trigo. Hoje, no local do moinho  apenas permanece uma pequena barragem com um entorno bucólico.",Rural,,,,Família Ienkot,-,-,-,-,,Encontra-se na beira da estrada.,Propriedade particular. Pode ser vista da estrada.,"32 Km até o aeroporto; 29 Km até o centro; 13,5 Km até a BR 116",A casa Ienkot encontra-se próximo dos campos de camomila e  piquenique e  da Chácara de eventos Ienkot. É uma região  bucólica onde se pode apreciar o paisagismo e a arquitetura.,Final do século XIX,Ao longo da estrada,-,Propriedade particular.,"Arquitetura, História",-,Não,,,,
Casa Jankoz,Volume I,83,40,2,2,11,Atrativos Histórico Culturais,Arquitetura e Engenharia,"R. Visc. do Rio Branco, 1604 ",Centro,83005-420,"-25.536132826024744, -49.2025063140778","A história desse casarão tem suas origens ligadas à imigração polonesa no século XIX. Em 1934, o imigrante polonês José Ginalski chegou ao Brasil e, em 1956, adquiriu o casarão recém-construído de Fortunato Moss. Posteriormente, sua filha Zofja casou-se com Casemiro Jankosz, também descendente de imigrantes poloneses.","Décadas depois, Eduardo Jankosz, filho de Casemiro e Zofja, junto com sua família, restaurou o casarão, preservando seu charme europeu e transformando-o em um marco da cidade. Hoje, ele abriga o Centro Empresarial Jankosz, um empreendimento que une tradição e modernidade.",Urbana,(41) 99939‑5942‬,,,,,,www.jankosz.com.br,,,"Em sua garagem encontra-se o café ""Linda café""",,,,,Nas ruas laterais,,Propriedade particular.,Nas ruas laterais,,Não,,,,
Casa Juliatto,Volume I,84,41,2,2,12,Atrativos Histórico-Culturais,Arquitetura e Engenharia,"R. Júlio César Setenareski, 3797",Colônia Murici,83085-290,"-25.570569474341678, -49.11255876083521",Uma das primeiras casas da região; pertencente à família Juliatto. Ao seu  lado funcionam  o Café Colonial Juliatto e o Vinho Juliatto.,,Rural,,,,Paulo Juliatto.,-,-,-,-,,Encontra-se na beira da estrada.,Pode ser vista da estrada.,11 Km até o aeroporto; 11 km até o centro;  5 Km até a BR 116,-,-,Ao longo da estrada,-,Propriedade particular.,"Arquitetura, História",,Não,,,,
Casa Negoseki,Volume I,85,42,2,2,13,Atrativos Histórico-Culturais,Arquitetura e Engenharia,"Rua  José Francisco Negoseki, 3766, próximo ao  Recanto Aurora Eventos.",Colônia Zacarias,83020-838,"-25.581242415359764, -49.20557872592175","Construída para abrigar a família de João Novoceki, imigrante polonês. Residência  rural em alvenaria de tijolos com um pavimento. Possui varanda, sótão e algumas pinturas.","Casa antiga com cerca de 90 anos. A sua frente, à beira da estrada,  encontra-se uma  construção  de madeira abandonada.",Rural,,,,Familia Negoseki,-,-,-,-,-,-,Propriedade particular.,9 Km do aeroporto; 8 Km do centro; 2 Km das BRs 376 e  BR 116,Arquitetura típica da colônia.  Um interessante conjunto de edificios históricos relativamente bem conservados.,1971,Ao longo da estrada,-,Propriedade particular.,"Arquitetura, História",-,Não,-,-,-,
Casa Tradicional das colônias,Volume I,86,43,2,2,14,Atrativos Histórico-Culturais,Arquitetura e Engenharia,"R. Francisco Munõz Madrid em frente ao Número 1765, dentro da propriedade da Schautecor do Brasil",Roseira de São Sebastião,83070-152,"-25.520011539841505, -49.127343970368514",Construção em alvenaria de tijolos com varanda e lambrequins. Pertenceu a antiga fazenda onde se instalou a empresa Schattdeccor.  Encontra-se ao lado  de uma portaria construída em alvenaria e  com lambrequins bem conservados.,"A casa possui semelhanças com a Casa Negoseki na área rural, na Colônia Zacarias.",Urbana,,,Não,Schattedeccor,-,-,-,-,-,-,Pode ser vista da rua.,11 Km até o aeroporto;  12 Km até o centro; 900 m da BR 116,Arquitetura típica colonial.,,Nas ruas laterais.,-,Propriedade particular.,"Arquitetura, História",-,Não,,,,
Casa Scrobot,Volume I,87,44,2,2,15,Atrativos Histórico-Culturais,Arquitetura e Engenharia,Rua Emerson Grebogi 2948 esquina com a rua Miguel bass,Gamelas,,"-25.59196756874524, -49.11361031072919",Esta casa é um exemplo de construção típica das famílias de imigrantes poloneses que se estabeleceram na região.  Foi construída pelo polonês Inácio Scrobot e ainda possui móveis característicos da época da colonização em seu interior.,"Com aproximadamente 200 anos, a casa foi construída no início do século XX  e, posteriormente,  estrelas vermelhas foram pintadas em sua fachada frontal, dando-lhe uma característica peculiar.",Rural,,,,Família Scrobot,-,-,-,-,Encontra-se na beira da estrada.,"O estilo de construção é inspirado nas casas tradicionais da Polônia rural, com uma estrutura simples, telhado de duas águas e alvenaria que pode incluir tijolos ou pedras.",Propriedade particular. Pode ser vista da estrada.,11 Km até o aeroporto; 12 Km até o centro; 6 Km até a BR 116,"A Casa Scrobot, juntamente com outras construções históricas e igrejas da Colônia Murici são parte  de um roteiro turístico que destaca a influência polonesa na arquitetura e na cultura da região.",Início do século XX,Ao longo da estrada,-,Propriedade particular.,"Arquitetura, História",-,Não,,,,
Colegio Silveira Motta,Volume I,88,45,2,2,16,Atrativos Histórico-Culturais,Arquitetura e Engenharia,"Largo Ver. Segismundo Salata, 1123",Centro,83005-115,"-25.53499109799951, -49.20684905833816","Prédio em alvenaria construído em 1955 para abrigar o Colégio Estadual Silveira da Motta que tem como patrono Joaquim Inácio Silveira da Motto, vice-presidente do Estado do Paraná e posteriormente nomeado Desembargador.",-,Urbana,,(41) 3382-1241,Sim,Prédio Público,sjpsilveiradamotta@escola.pr.gov.br,@colegio.silveiradamotta,,-,Seg a Sex: 07:30h às 17:30h;  18:30h às 22:30h,"Oferece cursos médio profissionalizantes e gratuito nas áreas de Enfermagem, Administração e Desenvolvimento de Sistemas.",-,"4,5 Km do aeroporto; está no centro; 5 Km até a BR 376",Colégio mais antigo  e tradicional da cidade,1955,Nas ruas laterais.,-,-,Ensino médio profissionalizante,-,Não,,,,
(Escola) Usina da Música,Volume I,89,46,2,2,17,Atrativos Histórico-Culturais,Arquitetura e Engenharia,"R. Veríssimo Marques, 299",Centro,83030-700,"-25.53261339216293, -49.20730659565329","Espaço cultural inaugurado em 2009, projetado pelo conceituado arquiteto-urbanista curitibano Manoel Coelho com um  anfiteatro  pitoresco construído com acústica invertida para otimizar a qualidade sonora e oferecer uma experiência sonora aprimorada.","Abriga a Banda Marcial de São José dos Pinhais, o Octeto da Usina da Música, além das Orquestras de Cordas e Sinfônica Jovem, contribuindo significativamente para a formação musical de alunos  e músicos do Paraná.",Urbana,(41)9 9767-9374,,Não,Secretária da Usina da Música  Milena Cardoso,cultura@sjp.pr.gov.br,@usinadamusica.sjp,,Apresentações e inscrições para os cursos acontecem em períodos específicos do ano. Acompanhar as mídias sociais.,Atividades em horários variados,"Oferece cursos de instrumentos de corda, percussão e sopro, canto,  teoria musical, harmonia, ritmo, solfejo, leitura de partituras. Crianças podem participar das ativdades e os instrumentos são cedidos pela Prefeitura.",-,"4,5 Km do aeroporto; encontra-se no centro; 2 Km da Av. das Torres","Possui uma irmã gêmea, a Usina do Conhecimento em Guarapuava, sendo que essa é utilizada para várias atividades. Seu anfiteatro tem  acústica invertida e é o local de ensaio da  Banda Marcial de São José dos Pinhais.",2009,Sim,400,-,Teatro de acústica invertida; Instrumentos de metais e percussão. Marching-band:  banda composta por um corpo coreográfico e sua baliza; educação musical,-,Não,,,,
Fórum Municipal,Volume I,90,47,2,2,18,Atrativos Histórico-Culturais,Arquitetura e Engenharia,"R. João Ângelo Cordeiro, s/n ",Centro,83005-570,"-25.540153589013862, -49.195933542347866","Construído em estilo pós-moderno, recuperando elementos clássios, o prédio destaca-se na paisagem urbana entre pinheiros kaizuka de verde intenso que contrastam com a fachada, especialmente em dias de céu limpo. Dentro do prédio, destacam-se obras em bronze do artista plástico Roneu W. Erthal em diferentes paredes.","Uma das obras retrata a história do Poder Judiciário no município, outra é um conjunto formado pelo mapa do município, o antigo e o novo prédio do Fórum, e há ainda uma parede contendo uma balança, símbolo da justiça, dividida em 9 peças de bronze",Urbana,,(41) 3434-8400,Não,-,-,-,www.tjpr.jus.br,-,Atendimento ao Público: 12:00h às 18:00h,-,-,4 Km até o aeroporto;   encontra-se no centro; 1 Km até a Av. das Torres; 5 Km até a BR 376,-,2004,Sim,-,-,-,-,Não,,,,
Trole da Usina da Chaminé,Volume I,91,48,2,2,19,Atrativos Histórico-Culturais,Arquitetura e Engenharia,"Usina da Chaminé, Colônia Castelhanos, área rural",Castelhanos,,"-25.818213077229622, -48.97569878145982","O bondinho, também conhecido como trole, funicular ou vagonete sobre trilhos, foi construído para o transporte de pessoal, máquinas e peças, ligando os escritórios da usina à casa de força.
Com um trajeto de 680 metros, o bondinho se tornou uma característica marcante da usina, sendo capaz de transportar até cinco toneladas.","Está em operação desde 1929 e é movimentado por motores que liberam e recolhem o cabo de aço em um declive que chega a 70 graus, com um desnível de 270 metros.
Atualmente, é um  ponto turístico  apreciado por aqueles que desejam conhecer uma das hidrelétricas mais importantes da história da energia do Paraná.",Rural,,,,Copel,comunicacao.get@copel.com,-,-,Visitas agendadas com a Copel,,,,55 Km até o aeroporto; 53 Km até o centro; 28 Km da BR 376,,,,,Propriedade Particular,Engenharia,,Não,,,,
Mercado - Armazém da família,Volume I,92,49,2,2,20,Atrativos Histórico-Culturais,Arquitetura e Engenharia,"R. Dr. Claudino dos Santos, 32",Centro,83005-180,"-25.53001334385033, -49.20373972822794","O mercado é uma grande construção em alvenaria que abriga um programa da Secretaria de Abastecimento que oferece alimentos da cesta básica à baixo custo à população.  Antes de se deslocarem até o local, os consumidores podem comparar preços do mercado com os mercados convencionais através de um aplicativo gratuito que pode ser baixado na Play Store.",-,Urbana,,,Não,Prefeitura,-,-,-,-,Ter a Sex: 8:30h até 17:00h; Sáb. 8:30h até as 12:00h; Dom e Seg: Fechado. Horários podem variar em feriados.,"O cadastramento no programa pode ser feito no próprio local, sendo necessário levar carteira de identidade,  CPF, comprovante de endereço. Os preços locais pode ser comparados através do aplicativo gratuito ""Menor Preço Paraná"".",-,4 Km até o aeroporto; encontra-se no centro; 7 Km até a BR 277,-,2016,Sim,-,Para ter acesso é necessário estas cadastrado no programa de cestas básicas da secretaria de abastecimento,,,Não,,,,
Paço Municipal - Memorial Casarão,Volume I,93,50,2,2,21,Atrativos Histórico-Culturais,Arquitetura e Engenharia,"Rua Passos de Oliveira, 1101",Centro,83030-720,"-25.53420572742367, -49.207060151927585","Inaugurado  em 2014, compreende uma área de 582,40 m² formada por uma parede construída nas mesmas dimensões da parede da fachada frontal do antigo Casarão Massaneiro, paisagismo com  calçamento em paver e iluminação.","O  casarão  centenário abrigava o gabinete do prefeito e vice-prefeito da cidade.  Um pináculo da fachada original  foi usado como molde para a reprodução dos outros 4 na  réplica da parede original, mantendo a arquitetura neoclássica italiana.",Urbana,,,Sim,-,-,-,-,-,Área externa: livre; Área interna: Seg à Sex: 08:00h às 17:00h,"A construção foi fruto de um termo de ajuste e conduta firmado entre Prefeitura de São José dos Pinhais, Ministério Público e Conselho Municipal do Patrimônio Cultural, decorrente da ação movida contra o município pela  demolição do casarão Massaneiro.",-,"4,5 Km até  o aeroporto; encontra-se no centro; 2 Km da Av. das Torres/BR 376","Na década de 40, a casa foi comprada pela Congregação de São José servindo de retiro para freiras.   Em 1980 foi adquirido pela Prefeitura.",2014,Sim,-,Visitas à parte interna durante o horário de funcionamento da Prefeitura,Arquitetura italinana neoclássica,-,Não,,,,
Palacete Ordine,Volume I,94,51,2,2,22,Atrativos Histórico-Culturais,Arquitetura e Engenharia,Rua XV de novembro 1660,Centro,83005-000,"-25.53747009378767, -49.202398345541525","É uma construção de 1910 erguida pelo empresário Luis Vitorine Ondine para ser a residência de sua família. Possui um jardim lateral utilizado como ponto de encontro e descanso na  região central, no calçadão da cidade.","Foi vendido ao governo  local em 1920, vindo a ser ocupado para diferentes finalidades. Em 1981  foi reformado para  sediar o atual  museu municipal.",Urbana,,,Sim,,museu.municipal@sjp.pr.gov.br,-,www.museu.sjp.pr.gov.br,-,De acordo com o funcionamento do Museu Atílio Rocco,-,-,"4 Km até o aeroporto; encontra-se no centro; 1 Km até a BR 376 e 4, 5 Km até a BR 116.",Arquitetura eclética,1910,Estacionamento nas ruas laterais,-,-,Arquitetura Eclética,-,Não,,,,
Ponte Pensil do Rio São João,Volume I,95,52,2,2,23,Atrativos Histórico-Culturais,Arquitetura e Engenharia,"Estrada do Potreiro, sobre o Rio São João",Colônia Castelhanos,,"-25.819691514287328, -48.89302654741963",Ponte sustentada por cabos de aço  construída em 1980  liga  a Estrada de Potreiros à região Sul da Colônia Castelhanos. Possui uma extensão de cinquenta metros. E bastante utilizada pelos moradores da região e apreciada por turistas como cenário para fotos.,-,Rural,,,Não,-,-,-,-,-,-,-,Não,75 Km até o aeroporto;  74 Km até o centro; 16 Km até a BR 376,,1980,"Sim, na estrada de terra.",-,-,-,-,Não,,,,
Teatro-Cinema Municipal Ernani Zetola,Volume I,96,53,2,2,24,Atrativos Histórico-Culturais,Arquitetura e Engenharia,"Rua XV de Novembro, 1800",Centro,83005-970,"-25.53780090418145, -49.20130554503052","O prédio faz parte do complexo do  Centro de Vivência Cultural. Tem como objetivo promover  e incentivar a cultura local, oferecendo rica programação cultural envolvendo cinema, teatro e música.",Possui uma sala de cinema com 105 lugares inaugurada em 2024 que oferece sessões especiais para o público e um cineclube.O espaço promove diversas atrações culturais gratuitas abertas ao público.,Urbana,,(41) 3381-5901,,,-,-,-,-,,,,4 Km até o aeroporto; encontra-se no centro; 1 Km até BR 376,,1904,Nas ruas laterais,,,,,Não,,,,
Represa do Rio Miringuava,Volume I,97,54,2,2,25,Atrativos Histórico-Culturais,Arquitetura e Engenharia,"Área rural, ao nordeste da Colônia Malhada",,,"-25.642661173110234, -49.073544929078246","Será o sexto reservatório a ser utilizado para o abastecimento público da Região Metropolitana de Curitiba possuindo  área alagada de 4,3 milhões m², a barragem visa proporcionar segurança hídrica e também beneficiará as atividades agrícolas desenvolvidas na região, pois garantirá a vazão regularizada do canal principal do Rio Miringuava.",Sua construção também reduzirá as áreas de alagamento dos rios Miringuava e Iguaçu durante os períodos de cheias. A Sanepar passará a tratar 2 mil litros de água por segundo.,Rural,,,Não,,,,,,,"A barragem está projetada com uma altura de 24 metros, equivalente a um prédio de oito andares. O volume total de água do reservatório é de 38 bilhões de litros,  equivalente a 15.282 piscinas olímpicas. O maciço da barragem terã 309 metros de extensão.",-,22 Km até o aeroporto; 22 Km até o centro; 11 Km até a BR 376;,,-,Nas ruas laterais,38 bilhões de litros,A barragem está em construção durante a realização deste inventário.,-,-,Não,,,,
Represa e Usina Hidrelétrica Guaricana,Volume I,98,55,2,2,26,Atrativos Histórico-Culturais,Arquitetura e Engenharia,Acesso pela BR 376. Seguir a Estrada Velha do Guaricana até o Rio Arraial. Seguir 800m  após  a prainha do rio.,Colônia Castelhanos,,"-25.726436718980437, -48.94897355048658","A usina encontra-se encravada na Serra do Mar, no meio da Mata Atlântica, a aproximadamente 80 km de Curitiba. Foi construída pelo engenheiro inglês Howell Lewis Fry e inaugurada em 1957 pelo presidente Juscelino Kubitschek. Pertenceu à antiga Companhia Força e Luz do Paraná (CFLP), e sua inauguração impulsionou um extraordinário desenvolvimento tanto na capital quanto na região do entorno.","Em 1976, a Companhia Força e Luz foi incorporada pela Companhia Paranaense de Energia Elétrica (COPEL), que é a atual concessionária da Usina Hidrelétrica Guaricana. A usina possui quatro geradores com potência nominal total de 30 mil kW, produzindo 39.000 kW (39 MW) de energia elétrica, gerados a partir do aproveitamento das águas do Rio Arraial. Seu reservatório possui um volume útil de 5 milhões de m³, e a barragem tem 29,5 m de altura e 95 m de comprimento.",Rural,,,-,,comunicacao.get@copel.com,,,,De acordo com o agendamento.,"A usina possui um Programa de Gerenciamento de Áreas de Proteção Permanente (APPs), Plano de Gerenciamento de Resíduos Sólidos (PGRS), com monitoramento contínuo dos efluentes gerados  e seus resíduos recicláveis são destinados a associações de catadores.",,57 Km do aeroporto; 56 Km do centro;  34 Km até a BR 376,,1957,Sim,39 MW,Visitas a usina somente com autorização do proprietário.,Geração de Energia,-,Não,,,,
Represa do Rio São João,Volume I,99,56,2,2,27,Atrativos Histórico-Culturais,Arquitetura e Engenharia,Queda d´água formada pelo barramento do Rio São João.,Colônia Castelhanos,,"-25.807082557955518, -48.99174631172475",Está localizada em área de preservação permanente na Serra do Mar. Construída represendo o rio São João para alimentar as turbinas da Usina Hidroelétrica da Chaminé.,"É a mais antiga usina do sistema Copel em funcionamento desde de março de 1931. Produz 8.000 KW (18 MW) de energia elétrica, integrando o sistema energético do sul e centro-sul do Brasil.  Está localizada  no rio São João e é abastecida pela Represa de Vossoroca.",Rural,,,Não,-,-,-,-,-,-,-,-,"51 Km até o Aeroporto; 55Km do centro;  27,4 Km até a  BR 376",-,-,-,-,-,-,-,Não,-,-,-,
Usina Hidrelétrica da Chaminé,Volume I,100,57,2,2,28,Atrativos Histórico-Culturais,Arquitetura e Engenharia,"Próximo à divisa com o município de  Tijucas do Sul, na Serra da Mar.",Colônia Castelhanos,,"-25.817208617419425, -48.976146655093444","Está localizada em área de preservação permanente na Serra do Mar, na  margem esquerda do Rio São João. Construída pela Cia. Força e Luz do Paraná sob a supervisão do engenheiro americano Howell Lewis Fry. 
Usina de energia hidrelétrica da Copel, encravada no meio da mata atlântica, numa área de solo frágil e pouco propício ao uso agropecuário. Definida constitucionalmente como patrimônio nacional. Alimentada pela Represa de Guaricana, foi construída em 1957.",Iniciou suas operações em 1930. Foi incoporada pela Copel  em 1975 e amplamente reformada em 2023 para extensão de sua vida útil. Oferece passeio de bondinho com agendamento prévio.,Rural ,,,-,Copel,comunicacao.get@copel.com,,https://www.copel.com/site/copel-geracao/usinas/usina-chamine/,Visitas somente com agendamento com a Copel,De acordo com o agendamento feito pela Copel.,"O passeio entre a vila residencial e a casa de força é  realizado por um bondinho (trole) que está em atividade desde 1928. O percurso  possui mais e de 600 metros percorrido em cerca de 10 minutos vencendo  declives de até 55 graus em aproximadamente.
Produz 18 MW de energia elétrica.",-,"54 Km até o aeroporto; 53 Km até o centro, 29 Km até a BR 376",Foi o primeiro grande projeto hidrelétrico do Paraná e teve papel fundamental no desenvolvimento econômico e social de Curitiba.,1930,Sim,,Visitas somente com agendamento prévio,,,Não,,,,
,Volume I,101,,,,,,Arte e Artesanato,,,,,,,,,,,,,,,,,,,,,,,,,,,Não,,,,
Casa Rosa,Volume I,102,58,2,3,1,Atrativos Histórico-Culturais,Arte e Artesanato,"R. Júlio César Setenareski, 190, próximo ao portal do Caminho do Vinho",Colônia Murici,83085-290,"-25.572017632502643, -49.146309752440004","Localizado em uma casa  de arquitetura típica da colônia Murici/Caminho do Vinho, o espaço é mantido  pela Associação dos Artesãos de São José dos Pinhais – Associarte.","O local reúne artesanatos feitos com materiais como biscuit, pinhão, tecido, pinturas e colagen feitos pelos artistas locais. São encontrados produtos de  utilidades domésticas, artigos de decoração, confecções, objetos de madeira, dentre outros.",Rural,(41)9 9897-7653,(41) 3383-7528,Não,-,-,,www.caminhodovinho.tur.br/casa-do-artesanato/,-,"Sab, Dom e Feriados: 11:00h às 19:00h; Fechado durante a semana.",,-,7 Km até o aeroporto; 10 Km do centro; 2 Km até a BR 116/Contorno Leste,-,"19,5",Estacionamento na frente.,-,Abre somente nos finais de semana e nos feriados. ,Artesanato,-,Não,-,-,-,-
Estátua de São José,Volume I,103,59,2,3,2,Atrativos Histórico-Culturais,Arte e Artesanato,Rua Mendes Leitosa esquina com  Rua Margarida de Araújo Franco,Aristrocrata,,"-25.542834287662405, -49.207460719453216",A estátua de São José com o Menino Jesus no cólo está  estrategicamente na esquina de uma propriedade particular. É uma estátua bem conservada. Pode ser apreciada da Rua.,-,Urbana,,,-,-,-,-,-,-,-,-,-,"4,5 Km até o aeroporto; 1,5 Km até o centro;  2 Km até BR 376",-,-,Há lugares para estacionar nas ruas laterais.,-,Está em propriedade particular. Pode ser contemplada da rua.,-,-,Não,,,,
Imagem da Virgem de Fátima,Volume I,104,60,2,3,3,Atrativos Histórico-Culturais,Arte e Artesanato,"Praça Constantino Zaniollo, entre a rua Zacarias Alves Pereira e Rua Padre Bitencourt",Centro,,"-25.538975235997572, -49.21132699010471","A imagem de Nossa Senhora de Fátima está localizada na Praça Constantino Ângelo Zaniolo. A imagem foi trazida por freiras portuguesas, provenientes da cidade de Fátima, em Portugal. A “Praça da Santa”, como é conhecida, tornou-se um ponto de referência e devoção para moradores e visitantes.","A região onde se localiza a praça era o local de antigas moradias da Chácara Zaniolo, pertencente ao Sr. José Zaniolo. A imagem e a praça foram cedidas à Prefeitura pelas irmãs Zaniolo, netas e herdeiras de parte das terras do Sr. Zaniolo, criando um espaço que proporcionasse encontros mensais de fiéis para orações e novenas.",Urbana,,,Não,Prefeitura,-,-,-,-,-,-,-,5 Km até o aeroporto; encontra-se no centro; 3 Km até a BR 376,,,Nas ruas laterais.,-,-,Turismo religioso,-,Não,,,,
Imagem N. Sra. de Lourdes,Volume I,105,61,2,3,4,Atrativos Histórico-Culturais,Arte e Artesanato,R. Dr. Murici esquina com R. Emerson Greboge,Colônia Murici,83015-290,"-25.589480361649883, -49.12368665968198","A Imagem de Nossa Senhora de Lourdes  é mais conhecida como a ""Santa da Colônia Murici"", é um ponto de manifestação religiosa e também de encontro entre visitantes da colônia, principalmente de ciclistas.",,Rural,,,-,-,-,-,-,-,-,-,-,11 Km até o aeroporto; 10 Km até o centro; 5 Km até a BR 116,,,Nas ruas laterais,,-,Turismo religioso,-,Não,,,,
Hafty- Bordados Poloneses,Volume I,106,62,2,3,5,Atrativos Histórico-Culturais,Arte e Artesanato,Colônia Murici e em lojas que vendam bordados poloneses,,,"-25.573305487065337, -49.146828283506274","Os bordados poloneses utilizam diversos pontos, como o ponto cheio, o ponto cruz e o vagonite, que consiste na técnica de criar desenhos geométricos ou padrões repetitivos com pontos retos, geralmente longos e paralelos. Os motivos mais comuns são florais, aves, animais e elementos da natureza.","Tradicionalmente, nas colônias, as mulheres bordavam à mão peças como toalhas de mesa, roupas de cama, toalhas de mão, panos de copa, tapeçarias, lenços de cabeça e lenços de bolso. Esses bordados também se destacam nos trajes dos grupos folclóricos, sendo distintos para cada região da Polônia.", -,,,,,,,,,,,,,,,,,,,,Não,,,,
Monumento do Divino Semeador,Volume I,107,63,2,3,6,Atrativos Histórico-Culturais,Arte e Artesanato,"Rua Dr. Murici, ao lado da Igreja Colônia Murici - Paróquia Sagrado Coração de Jesus  e em frente ao Colégio Estadual",Colônia Murici,,"-25.593451927011127, -49.126968632843834",Monumento em concreto com a estátua de Jesus semeador. O monumento foi erigido em 1928 para lembrar aos colonos da missão do lavrador.,,Rural,,,Não,-,-,-,-,-,-,-,-,11 Km até o aeroporto; 10 Km até  centro; 7 Km da BR 116 e 376,-,1928,Sim,-,-,Turismo religioso,-,Não,,,,
"Mural ""A Viagem""",Volume I,108,64,2,3,7,Atrativos Histórico-Culturais,Arte e Artesanato,Aeroporto Internacional Afonso Pena - área externa.,Área Institucional Aeroportuária,83010-620,"-25.517563202435404, -49.17263155354972","Esta obra do muralista paranaense Napoleon Potyguara Lazzarotto, conhecido como Poty Lazzarotto, é um grande mural feito em azulejos pintados que explora o tema das viagens e a experiência de viajar. Poty é conhecido por sua habilidade em contar histórias através de suas obras. O painel é uma obra figurativa que combina elementos da natureza, simbolismos e a interação humana com lugares.","Os países são representados por suas características gerais, como personagens e pontos turísticos. A obra também faz referência a viagens em outros períodos da história e através de outros meios de transporte, através da pintura de uma caravela, do trenó, um dirigível, dentre outros.",Urbana,,,Não,-,-,-,-,-,-,-,Sim,"Encontra-se no aeroporto; 4 Km até o centro;  5,5 Km até a BR 116; 2 Km até a BR 376",,,,,,,,Não,,,,Poty
"Mural ""O Eterno Sonho""",Volume I,109,65,2,3,8,Atrativos Histórico-Culturais,Arte e Artesanato,Sala de desembarque do aeroporto - Aerporto Internacional de São José dos Pinhais -,Área Institucional Aeroportuária,83010-620,"-25.5351733823043, -49.17477875015617","O painel de Napoleon Potyguara Lazzarotto, conhecido como Poty Lazzarotto, é um grande mural feito em azulejos pintados que representa o eterno sonho humano de voar. Está localizado na área de desembarque do aeroporto, à direita. O painel retrata o voo dos pássaros, a lenda de Ícaro, o trabalho de Leonardo da Vinci, Santos Dumont com o 14 BIS, um menino empinando uma pipa e um homem alcançando a lua.",,Urbana,,,-,-,-,-,-,-,-,-,Sim,"Encontra-se no aeroporto; 4 Km até o centro;  5,5 Km até a BR 116; 2 Km até a BR 376",-,,,,,,,Não,,,,
Mural Cerâmico Paisagem Urbana 1900,Volume I,111,67,2,3,10,Atrativos Histórico-Culturais,Arte e Artesanato,"Praça 8 de Janeiro, ao lado da Igreja Matriz de São José dos Pinhais",Centro,,"-25.536251162016704, -49.204867211376545","O painel retrata a cidade de São José dos Pinhais  no início do século XX. Nota-se  a importância do espaço da catedral para as atividades sociais do período, com destaque para o  comércio e o encontro das pessoas.",,Urbana,,,,,-,-,-,-,-,-,-,5 Km até o aeroporto;  encontra-se no centro; 5 Km até a BR 376,,,,,,,,Não,,,,
Obelisco do Centenário do Município,Volume I,112,68,2,3,11,Atrativos Histórico-Culturais,Arte e Artesanato,"Praça 8 de Janeiro, entre a catedral de São José dos Pinhais e a Biblioteca Municipal Schaffemberg de Quadros.",Centro,,"-25.535963486813657, -49.20522486193384","É um marco histórico erguido em 1953, em comemoração aos 100 anos da instalação oficial do município, que ocorreu em 1853. Marca também o centro cívico do município.","Arquitetonicamente, o obelisco segue um estilo simplificado e geométrico, comum em monumentos comemorativos da época, simbolizando estabilidade, progresso e continuidade.",Urbana,,,Não,,,,,,,,,"4,5 Km até o aeroporto; encontra-se no centro; 5 Km até a BR 376",,1953,,,,,,Não,,,,
Obras do Roney Erthal ,Volume I,113,69,2,3,12,Atrativos Histórico-Culturais,Arte e Artesanato,* Ver tabela Obras do Roney Erthal,,,,"Roney Erthal é o artista mais expressivo de São José  artista  plástico são-joseense e também escultor e muralista. Suas obras estão espalhadas pela cidade em  espaços públicos e privados. Participou de mais de 300 exposições individuais e mais de 300 coletivas. Possui mais de 1000 citações em Jornais, 12 citações em livros e inúmeras citações em revistas especializadas. Cidadão honorário de São José dos Pinhais. Homenageado com o Título de Personalidade Empreendedora do Paraná pela Assembleia Legislativa do Paraná – 2006, 2007 e 2008.

.","100 murais públicos distribuídos nas cidades de São José dos Pinhais, Curitiba, Quitandinha, Araucária, Campo Mourão e Jacarezinho, no estado do Paraná, e em Montemor-o-Velho em Coimbra, Portugal:
300 quadros em acervos (acrílico sobre tela):
92 esculturas  e 260 min-esculturas  em pedra sabão;
370 mini-esculturas em bronze;
2.000 mini-azulejos pintados – Curitiba, Polônia, China, Itália e Portugal;
14 cartões de Natal para o Museu Atílio Rocco
1 logotipo comemorativo criado para a agência dos correios
30 quadros  na Polônia – nas regiões de Czestochowa, Crakovia, Koninm Keilce, Poznan, Wroclaw e Gliwice.
8 quadros em Montemor-o-Velho, Coimbra. Portugal;
2 quadros em  Tiangin e Zibo, China
2 quadros no Chile;
1 quadro em São Lourenço, MG – Museu OAB
4 esculturas em pedra-sabão em Montemor-o-Velho, Coimbra, Portugal;
4 min-esculturas em pedra-sabão em Poznan - Polônia",Urbana,,,-,-,,,-,-,-,,Sim,Encontra-se em diversos pontos da cidade.,Conhecido como o Poty de São José dos Pinhais,,,,,,,Não,,,,
Pêssanckas - Ovos pintados,Volume I,114,70,2,3,13,Atrativos Histórico-Culturais,Arte e Artesanato,Colonia Marcelino. Na loja do artesanato Ucraniano.,-,-,-,"A pêssanka é uma arte milenar de pintura de ovos, típica da cultura ucraniana. O processo utiliza cera de abelha, cores vibrantes e símbolos tradicionais, transformando a casca de um ovo em uma obra de arte. 
A palavra ""pêssanka"" vem do verbo ucraniano ""pysaty"", que significa ""escrever"". Para criar a pêssanka, o ovo é cuidadosamente esvaziado, higienizado e seco. Primeiro, são feitos traços finos com lápis, seguindo um planejamento prévio. Depois, com um instrumento chamado ""kistka"", a cera de abelha é aplicada sobre os desenhos. A simbologia das cores e padrões é uma parte essencial dessa tradição.","A pintura é realizada em várias etapas: a cera cobre as áreas a serem protegidas, inclusive o furo do ovo, e o ovo é imerso em tinta, sempre começando pelas cores mais claras. O processo é repetido várias vezes, de acordo com o efeito desejado. Ao final, o ovo é aquecido para derreter a cera que é imediatamente limpa com a ajuda de um papel, revelando o desenho. Antigamente, os ovos eram pintados e oferecidos aos deuses nas festas para fertilidade. Com a cristianização da Ucrânia, a prática foi incorporada como símbolo de renascimento. Tradicionalmente, os ovos são pintados pelas famílias e grupos de amigos de todas as idades na última semana da quaresma e oferecidos como presentes na Páscoa.", -,,,Pela Unesco,-,-,-,-,-,-,"Durante o regime comunista, a produção de pêssankas foi proibida, mas continuou a ser feita em áreas afastadas das grandes cidades. Após a independência da Ucrânia em 1991, muitos ucranianos e seus descendentes, inclusive no Brasil, foram convidados  a retornar à Ucrânia para ensinar novamente a arte da pêssanka.",-,-,Reconhecida pela Unesco como Patrimômio Cultural Imaterial da Humanidade em 2024,-,-,-,-,Tradição Ucraniana,,Não,,,,
Portal Caminho do Vinho,Volume I,115,71,2,3,14,Atrativos Histórico-Culturais,Arte e Artesanato,"R. Júlio César Setenareski, 1006",Colônia Mergulhão,83085-290,"-25.572019270576828, -49.146860256125","Marco de entrada do Caminho do Vinho, o famoso roteiro turístico conhecido pelos vinhos e pela gastronomia, localizado na Colônia Mergulhão. Foi construído em reconhecimento à contribuição dos imigrantes italianos para o desenvolvimento econômico da região, por iniciativa da Associação Caminho do Vinho – Colônia Mergulhão (ACAVIM), uma associação civil sem fins lucrativos que visa promover o desenvolvimento econômico, cultural e social da região, além de preservar o patrimônio histórico e artístico local.","O arco principal e os detalhes ornamentais lembram  as vilas italianas e suas vinícolas. Na sua construção predominam  materiais locais, como a  pedra e a madeira, conferindo ao  portal um aspecto rústico e autêntico, harmonizado com a paisagem.  O portal construído em alvenaria possui os dizeres em italiano: ""Bienvenuti, bem-vindo"",  ""Venite Sempre"" ou ""Volte Sempre"", escritos em uma flâmula que leva as cores da Itália: vermelho, branco e verde. Essas mesmas cores estão presentes nas luzes que iluminam o portal durante a noite. Ao atravessar o portal, os visitantes são convidados a vivenciar a cultura e a gastronomia  italiana.",Rural,,,Não,-,-,-,-,-,-,-,-,"7 Km até até o aeroporto; 6 Km até o centro; 1,6 Km até a BR 116",,-,Nas ruas laterais.,-,-,Tradição Italiana,-,Não,,,,
Portal Colônia Murici,Volume I,116,72,2,3,15,Atrativos Histórico-Culturais,Arte e Artesanato,"R. Dr. Murici, 1512",Colônia Murici,83015-290,"-25.57319676867059, -49.147073811679476","Inaugurado em 2016 em homenagem aos imigrantes poloneses, o portal é o primeiro ponto de visita para os turistas que chegam à região pela Rua Dr. Murici. Tornou-se um símbolo importante do avanço turístico e cultural da Colônia Murici, em São José dos Pinhais. O portal destaca-se pela imponência e pelos elementos culturais poloneses, como o lambrequim de madeira e o brasão da Polônia na cor amarela – cor que representa a alegria dos imigrantes poloneses no período pós-guerra.","O portal passou por uma revitalização com o objetivo de fortalecer o turismo rural e a relevância cultural do local. Essa revitalização incluiu uma minuciosa limpeza técnica e uma nova pintura.
Uma iluminação cênica foi instalada no portal, destacando seus detalhes arquitetônicos e elementos culturais, valorizando-o durante a noite.
Com sua revitalização, o portal foi consolidado como um importante cartão postal e símbolo da identidade cultural do município.",Rural,,,Não,,,,https://bit.ly/PORTALMURICISJP,,,O portal possui 14 metros de altura e 17 metros de largura e é feito de alvenaria.,,7 Km até o aeroporto; 10 Km do centro; 2 Km até a BR 116/Contorno Leste.,,2016,,,,Tradição polonesa,,Não,,,,
Portal Ivanko,Volume I,117,73,2,3,16,Atrativos Histórico-Culturais,Arte e Artesanato,"R. Carlos Kusma, 9100",Faxina,83023-400,"-25.77597962443618, -49.19200694650674","Portal rústico construído com madeiras talhadas à mão, localizado na entrada da Querência Ivankio.",,Rural,,,Não,Querência Ivankio,-,-,-,-,-,-,-,"33 Km até o aeroporto; 32 Km até o centro; 9,5 Km até a BR 376",Destaca-se a arte rustica de entalhar madeira.,,,,,Tradição Ucraniana,,Não,,,,
Portal São José dos Pinhais.,Volume I,118,74,2,3,17,Atrativos Histórico-Culturais,Arte e Artesanato,"Av. das Torres, 146-210",São Pedro,,"-25.51423820067204, -49.20159474806875","Obra do Engenheiro arquiteto Mário César Siqueira Campos, tendo como engenheiro responsável Dr. Ricardo Fedalto, construída em 1995 como um marco de transição entre Curitiba e saudação aos viajantes que por ali passam por terra ou pelo ar.","Seu formato foi inspirado nas antigas estufas européias utilizadas para o cultivo de plantas e lembra a universalidade dos povos e a integração do Mercosul,  a globalização.",Urbana,,,Não,Patrimônio Público,-,-,-,-,-,"O portal tem 12 metros de altura e trinta de diâmetro. É feito com uma viga
de concreto armado em forma circular, apoiada em quatro pontos, sobre a qual há
uma estrutura de aço em forma de cúpula.",-,6 Km até o aeroporto; 5 Km até o centro; 6 Km da BR 277,É um dos símbolos da cidade de São José dos Pinhais. O posto de gasolina e o Parque São José oferecem bons ângulos para tirar fotos do portal.,1995,Nas ruas laterais e no posto de gasolina,,A Avenida das Torres é muito movimentada. Deve-se escolher um local com segurança para parar e fotografar.,-,-,Não,-,-,-,-
Vyshyvanka - Bordados Ucranianos,Volume I,119,75,2,3,18,Atrativos Histórico-Culturais,Arte e Artesanato,Predominante da Colônia Marcelino e lojas que vendam produtos das colônias,Colônia Marcelino,,,"O bordado ucraniano é considerado um tesouro cultural, tanto por sua expressão artística quanto por ser um símbolo de identidade e unidade da Ucrânia. Suas raízes remontam ao século V a.C., quando era praticado como um ritual espiritual, no qual os bordados eram feitos para proteger as pessoas através de suas vestimentas. Com o passar do tempo, o bordado foi integrado às vestimentas cotidianas, tornando-se um elemento essencial do folclore ucraniano. Tradicionalmente, as cores e os padrões dos bordados refletem tanto o ambiente quanto a origem e a classe social de quem os confecciona. As cores predominantes são o vermelho, que simboliza amor e energia solar, e o preto, que representa a fertilidade da terra. O branco é símbolo de luz e espiritualidade; o azul, de água e frio, frequentemente o oposto do vermelho; o amarelo, de liberdade e felicidade; e o verde, a terceira cor mais popular, de crescimento da vida, juventude e força.","Além das roupas, o bordado está presente em objetos decorativos, como toalhas, almofadas e roupas de cama, integrando-se à vida doméstica como um símbolo de preservação da história, dos valores e das tradições dos descendentes ucranianos. Ele inspira novas gerações a celebrar sua ancestralidade e valorizar este rico patrimônio cultural.", -,,,,,,,,,,"A camisa Vyshyvanka é, ainda hoje, um dos itens típicos mais usados como roupa de festa, trajes patrióticos ou religiosos. Mais do que adornar, essas peças possuem um caráter de talismã, acreditando-se que protegem contra o mau-olhado e trazem sorte. Até os dias atuais, há o hábito de presentear recém-nascidos com essas peças bordadas.",,,"Dia do Vyshyvanka é celebrado na terceira quinta-feira de maio desde 2006, promovendo não apenas o legado cultural, mas também a união de ucranianos ao redor do mundo.",,,,,Tradição Ucraniana,,Não,,,,
Wicinanki e Artesanato Polonês,Volume I,120,76,2,3,19,Atrativos Histórico-Culturais,Arte e Artesanato,,,,,"O artesanato polonês é uma arte que ]e passada de geração para outra  desde a imigração, mantendo viva a cultura. Se caracteriza pela arte seculardos recortes wicinanki em papel ou tecido, flores de papel crepom, bonecas de pano, bonecas matrioskas, casinhas de pássaros e caixas  dede chá pintadas, bordados em panos de prato, panos de parede e cháles com pontos característicos do bordado polonês.","Nas toalhas e lenços são usados acabamentos como franjas e amarrações em nó, brólia ou macramê.", -,,,,,,,,,,Podem ser encontrados em lojas e feiras que vendam artesanato polonês.,,,,,,,,Tradição polonesa,,Não,,,,
,Volume I,121,,,,,,Feiras e Festas,,,,,,,,,,,,,,,,,,,,,,,,,,,Não,,,,
Casa do Papai Noel  - Natal de encanto e luz,Volume I,122,77,2,4,1,Atrativos Histórico-Culturais,Feiras e Festas,"Parque da Fonte: R. Alm. Alexandrino, 1200",,83040-420,"-25.504780834583833, -49.18127891989777","A Casa do Papai Noel, localizada no Parque da Fonte, é a casa mais iluminada da cidade durante as festividades natalinas. A casa de madeira do parque, típica da região, transforma-se juntamente  com todo o Parque da Fonte para receber o Papai Noel e seus amigos. Dentro da casa, Papai Noel e Mamãe Noel recepcionam  as crianças. O espaço é cuidadosamente preparado com luzes e uma decoração natalina encantadora, criando um ambiente mágico para celebrar o espírito do Natal.","Na cerimônia de abertura, em um momento especial, a Prefeitura entrega as chaves da cidade ao bom velhinho, dando início oficial às festividades. O evento conta com apresentações e shows para todas as idades, proporcionando diversão e alegria para várias gerações. Nos últimos anos,  mais de 100 mil pessoas vem visitando o evento.",Urbana,,,-,Patrimônio Público,-,@casadopapainoelsjp,,-,Seg a Qui: 18:30h às 22:30h; Sex a Dom: 17:30h às 22:30h,"O espaço é preparado com muitas luzes, presépio e uma árvore gigante. Há apresentação de corais,  Banda Marcial, shows musicais, apresentações de teatro e bonecos, danças, espaço Kids e praça de alimentação com diversas opções gastronômicas.",-,6 Km até o aeroporto;  5 Km até o centro; 2 Km até a 277,Não são vendidas bebidas alcoólicas.,-,Nas ruas laterais.,-,-,-,-,Não,,,,
Cavalgada do Batom,Volume I,123,78,2,4,2,Atrativos Histórico-Culturais,Feiras e Festas,"A saída geralmente acontece no Park Ball, Rua José Zancheta Filho, n.º 1.255",Campina do Taquaral,83042-430,"-25.598146914472288, -49.22358768042592","A cavalgada é um evento exclusivo para mulheres, destacando a força e a paixão das amazonas pela atividade equestre. Além da cavalgada, a programação oferece diversas opções de lazer para toda a família. O local conta com uma ampla praça de alimentação, oferecendo diversas opções gastronômicas, além de shows e apresentações musicais e artísticas.","Outro destaque do evento é o concurso para a escolha das Rainhas, Princesas, Musas e Miss Simpatia, que envolve disputas emocionantes em provas de campo e desfiles de palco. A organização também prepara um espaço kids, com brincadeiras e sorteios de brindes ao longo do evento.",Rural,,,Não,-,-,-,-,-,Saída: 9:30h,,-,12 Km até o aeroporto; 9 Km até o centro; 4 Km até a BR 376/107,"Geralmente a entrada para o evento é a doação de 1 kg de alimento não perecível ou 1 litro de leite ou óleo, que são destinados para ações beneficentes.",-,Sim,,"A organização do evento ressalta que é proibida a entrada com bebidas e alimentos, visando a segurança e o conforto de todos os presentes.",,,Não,,,,
Feira de Artesanato,Volume I,124,79,2,4,3,Atrativos Histórico-Culturais,Feiras e Festas,Na rua XV e na Praça 8 de Janeiro,Centro,,"Rua XV: -25.537761291598525, -49.201216758475894; Praça 8 de Janeiro: -25.536008590471774, -49.20521989896738","Proporciona aos munícipes e turistas um espaço organizado para a compra de produtos artesanais. A feira de artesanato visa incentivar a atividade artesanal e valorizar os artistas e produtores do município. A feira também reúne produtos feitos por grupos de artesãos locais, integrados ao Programa de Economia Solidária. São oferecidos diversos itens de vestuário, decoração, artesanato e gastronomia típica. 

Além de ser uma excelente oportunidade para adquirir presentes únicos e especiais, a Feira de Inverno de São José dos Pinhais proporciona um ambiente acolhedor e familiar. Ainda, é um incentivo para os artistas locais, pois contribui para geração de renda dos participantes e valoriza a cultura do município.",,Urbana,,,Não,-,-,-,-,-,9:00h às 18:00h,,,Ocorre no centro;  4 Km até o aeroporto;  2 Km até a Av. das Torres/BR 376,,,Nas ruas laterais.,,,,,Não,,,,
Festa da Colheita,Volume I,125,80,2,4,4,Atrativos Histórico-Culturais,Feiras e Festas,Salão Paroquial da Colônia Murici,Colônia Murici,,"-25.59360598462448, -49.12700204005927","Este é um evento de agradecimento e comemoração da safra dos bons frutos da terra iniciados pelos imigrantes poloneses. É realizada todos os anos pelos produtores para agradecer a Deus a safra do ano anterior. Há um desfile com carros alegóricos, mostrando todas as fases do plantio à colheita e missa na igreja Sagrado Coração de Jesus, cujo altar é previamente ornamentado com sementes, grãos, frutas e vegetais cultivados na região.","Atualmente, o evento é também uma homenagem aos imigrantes poloneses e italianos e seus descendentes, que contribuem para o desenvolvimento da agricultura regional e para o abastecimento em Curitiba e Região Metropolitana com diversos produtos agrícolas.  A celebração tem início  com a Missa de Ação de Graças pela Colheita. Em seguida, é realizado o desfile temático e histórico, relembrando as tradições e a história dos povos que contribuíram significativamente para a formação da região. Em seguida ocorre o  almoço, com pratos típicos da culinária polonesa e italiana, incluindo pierogue, risoto, churrasco e costela da chão, preparados com todo o cuidado e carinho pela comunidade local. E durante a tarde ocorrem apresentações de grupos folclóricos, com  danças e músicas tradicionais dessas culturas.",Rural,(41)998244101,,Não,,,@paroquia.scjmurici,,,,,,10 Km até o aeroporto; 9 Km até o centro; 3 Km até a BR 116,Acontece em abril,,,,,Tradição polonesa,,Não,,,,
Festa de São José,Volume I,126,81,2,4,5,Atrativos Histórico-Culturais,Feiras e Festas,Catedral de São José - Praça Getúlio Vargas,Centro,,"-25.53504736031317, -49.20702733112371","A festividade acontece nos dias que antecedem o dia 19 de março e culmina no dia dia do padroeiro da cidade, São José. Durante o evento, diversas atividades são realizadas, como o tradicional bolo de 20 metros, camarim de pintura, apresentação de bonecos gigantes, corrida de meia maratona e shows com artistas locais e nacionais. No dia 19, uma missa especial é celebrada na Catedral em honra a São José, reunindo centenas de fiéis em um momento de comunhão e bênçãos para São José dos Pinhais.",,Urbana,,,Não,,,,,, -,,,5 Km até o aeroporto; até o centro; 2 Km até a Av. das Torres/BR 376,Dia de São José: Dia 19 de março.,-,-,-,-,,-,Não,,,,
Festa do Trigo,Volume I,127,82,2,4,6,Atrativos Histórico-Culturais,Feiras e Festas,"Igreja Santíssima Trindade (Rua Vereador Domingos Benvenuto Moletta, s/nº – Colônia Marcelino.",,83800-000,"-25.749220861254777, -49.240356302281434","O evento, realizado na última semana de janeiro na Colônia Marcelino, celebra o encerramento da safra do trigo e dá graças à Deus pela boa colheita. Criado pelos imigrantes ucranianos pioneiros no Brasil, preserva o costume de seu país de origem ao comemorar a colheita durante o verão.
A festa oferece uma variedade de pratos típicos, permitindo que os participantes saboreiem delícias tradicionais como kutiá (doce de grãos de trigo cozido ao leite), perohê (pastel cozido), holuptsi (charuto de repolho), churrasco, dentre outros.","Além das opções gastronômicas, a festa inclui a venda de artesanato típico ucraniano, como pêssanka (ovos de galinha decorados à mão), louças e bordados. Apoiada pela Prefeitura, a festividade integra o calendário oficial do município e é um dos eventos mais aguardados por moradores e visitantes. A programação começa às 10h com uma missa especial, seguido  do almoço, sendo um exemplo de organização colaborativa  de evento em um ambiente familiar, respeitoso,  que celebra a cultura e a tradição ucraniana. a tarde  há apresentações folclóricas  dos grupos Soloveico (da própria colônia), Wawel (da Colônia Murici) e outros show musicais.",Rural,,,Não,,,,,, -,"Comercialização dos produtos confeccionados à base do trigo, como Varenki (pastel cozido), Kutiá (doce de natal preparado com essências), Perohê (pastel cozido), holopthl (charuto), pastel assado, pão caseiro, panetone, além de risoto e saladas.",,32 Km até o aeroporto; 30 Km até o centro; 11 Km até a BR 116,Acontece em Janeiro. ,,Sim,,É fundamental levar pratos e talheres.,Tradição ucraniana,,Não,,,,
Festa do Vinho,Volume I,128,83,2,4,7,Atrativos Histórico-Culturais,Feiras e Festas,"Parque do Vinho - Rua Júlio César Setenareski, n.º 150 Colônia Mergulhão",,83085-290,"-25.568546771132926, -49.133188346380486","O evento  geralmente é realizado entre agosto e setembro e conta com  atrações culturais e gastronômica que movimentam o  Caminho do Vinho.  O público pode  desfrutar de shows e apresentações de artistas locais, grupos de dança folclórica, ampla variedade de pratos típicos italianos, com destaque para a degustação de vinhos artesanais, e ainda a tradicional distribuição  da polenta de 17 metros. A festa integra o calendário oficial do município","A entrada para o evento geralmente é dada em contrapartida a uma doação de alimento não perecível ou leite, que são destinados no será gratuita, mas é solicitada a doação de 1 kg de alimento que são destinados às famílias em situação de vulnerabilidade do município.",Rural,,,Não,,,,,,,,,9 Km até o aeroporto; 9 Km até o centro; 3 Km até a BR 116,Ocorre entre agosto e setembro,,,,,,,Não,,,,
Festival do Pinhão,Volume I,129,84,2,4,8,Atrativos Histórico-Culturais,Feiras e Festas,Diversos lugares na cidade,,,,"Foi criado com o  objetivo  de homenagear o município de São José dos Pinhais, o pinhão e o Pinheiro do Paraná e também de apresentar os empreendimentos das  Colônias, ajudando a promover o turismo rural através da gastronomia, artesanato e experiências, tendo como ator principal o pinhão.","Além de uma  gastronomia criativa e inovadora, integram a programação do festival a exposição e venda de artesanatos produzidos pelas colônias, música e dança, com apresentações culturais de grupos de dança folclóricas e bandas regionais além de atividades recreativas, com jogos e atividades para todas as idades.",Rural,,,Não,,,,,,Julho,"Acontecem apresentações de grupos folclóricos, shows de artistas regionais e nacionais, praça de alimentação, parque de diversão e exposições culturais.",,Ocorre em diversos lugares na cidade,"Acontece geralmente em julho, no inverno época de colheita do pinhão, chegando a reunir mais  de 20 mil pessoas por noite, tanto do município quanto de outras cidades do estado e fora do estado.",,,,,Tradição de São José dos Pinhais,,Não,,,,
Outras Festas I,Volume I,130,85,2,4,9,Atrativos Histórico-Culturais,Feiras e Festas,Arquivo  Festas,,,,,,,,,,,,,,,,,,,,,,,,,,Não,,,,
Outras Festas II,Volume I,131,96,2,4,19,Atrativos Histórico-Culturais,Feiras e Festas,Arquivo  Festas,,,,,,,,,,,,,,,,,,,,,,,,,,Não,,,,
Capa ,Volume I,132,,,,,,Folclore,,,,,,,,,,,,,,,,,,,,,,,,,,,Não,,,,
Banda Guarda Mirim,Volume I,133,101,2,5,1,Atrativos Histórico-Culturais,Folclore,"R. Veríssimo Marques, 299",Centro,83030-700,"-25.53261339216293, -49.20730659565329","A banda tem como objetivo despertar o interesse pela música nos jovens, complementando sua formação intelectual e cultural e fortalecendo os princípios de cidadania. Criada em 1991, com a aquisição dos primeiros instrumentos de sopro e percussão pela Guarda Mirim de São José dos Pinhais, a banda é liderada pelo Maestro João Carlos Maximiano. Desde o início, destacou-se pela qualidade e disciplina, participando de inúmeras apresentações em eventos públicos oficiais do município. Ao longo dos anos, a banda conquistou diversos títulos em importantes concursos e campeonatos, incluindo o pentacampeonato paranaense infanto-juvenil, bicampeonato paranaense juvenil e sênior, e bicampeonato nacional, além de várias premiações em competições interestaduais e nacionais.","A banda foi municipalizada pelo Decreto nº 657, abrindo vagas para jovens de todas as comunidades da cidade. São oferecidos cursos e oficinas de técnica instrumental para metais e percussão, além de aulas para linha de frente, corpo coreográfico e baliza, elevando  o nível técnico do conjunto.",Urbana,(41)9 9767-9374,,Não,,,,,,"Os ensaios ocorrem nas 2as, 4as 6as e sábados, às 14h.",,,,,,,,,,,Não,,,,
Banda Marcial de São José dos Pinhais,Volume I,134,102,2,5,2,Atrativos Histórico-Culturais,Folclore,"R. Veríssimo Marques, 299",Centro,83030-700,"-25.53261339216293, -49.20730659565329","É o grupo  musical mais antigo da Usina da Música, com  mais de 30 anos de existência.  Possui uma formação pouco comum no Brasil  chamada “marching-band”, sendo  formada por um corpo coreográfico, pelotão  e sua baliza, além do pelotão de bandeiras.","Reúne  estudantes de música em instrumentos de metais e percussão  e tem como missão  promover música, dança e civismo.   Participa de campeonatos estaduais e nacionais.",Urbana,(41)9 9767-9374,,Não,,contato.bmsjp@gmail.com,@bandamarcialsjp,,,,Desfiles cívicos,,"4,5 Km do aeroporto; encontra-se no centro; 2 Km da Av. das Torres","Apresentação no formato ""marching- band"":  corpo coreográfico, pelotão,  baliza, e pelotão de bandeiras.  Suas apresentações possuem rotinas coreografadas e sincronizadas.",,,,,Banda marcial,,Não,,,,
Coral Belvedere,Volume I,135,103,2,5,3,Atrativos Histórico-Culturais,Folclore,"Ensaios acontecem na  Capela Nossa Senhora Imaculada Conceição, R. Júlio César Setenareski, 2671 ","Colônia Murici, Caminho do Vinho",,"-25.56995895085741, -49.121628646160126","Criado por pessoas que tinham interesse em manter a cultura dos antepassados, aprendem a língua italiana e também gostavam  de cantar.  O nome foi dado em homenagem ao Monte Belvedere na Itália e significa ""Boa Vista""em italiano.",O coral mantém viva a tradição e a cultura italiana e participa de várias apresentações em eventos nacioanis e festivais.,Rural,(41) 9 96096105,,,Gemma  Berger,,,www.caminhodovinho.tur.br,,,,,12 Km até o aeroporto; 11 Km atéo centro; 4 Km até a BR 116,,,,,,,,Não,,,,
Grupo Folclórico Cuore D´Itália,Volume I,136,104,2,5,4,Atrativos Histórico-Culturais,Folclore,"R. Júlio César Setenareski, 2900  - O grupo ensaia na Cantina D´Ella Mamma.",Colônia Mergulhão,83085-290,"-25.57019378168421, -49.12362529615994",Criado com o propósito de manter viva a tradição italiana entre as novas gerações de descendentes de imigrantes; realiza apresentações de danças folclóricas acompanhadas por músicas típicas dentro e fora do estado do Paraná.,"Sob a coordenação de Marina Pissaia, ex-bailarina e responsável técnica da vinícula Cantina della Mamma, o Cuore d’Italia colabora com outras organizações culturais e educacionais para promover o intercâmbio cultural.",Rural,(41)9 9949-8140,(41) 3635-1384,,-,-,,www.caminhodovinho.tur.br,-,Dom: 19:00h - ensaios do grupo de adultos; Seg: 19:30h - ensaio do grupo de crianças,"Possui um grupo de dança adulto e outro de crianças. Promove  também eventos de gastronomia típica, festas tradicionais e oficinas do idioma italiano mantendo viva as raízes culturais e os laços comunitários.",-,10 Km até o aeroporto; 10 Km até o centro;  4 Km até a BR 116 (Contorno Leste),"O Cuore D’Italia  faz parte do  patrimônio imaterial da cidade. Seus  membros utilizam trajes que são réplicas autênticas dos trajes regionais italianos, refletindo a rica diversidade cultural da Itália.",-,-,-,-,-,-,Não,,,,
Grupo Folclórico Polonês Wawel,Volume I,137,105,2,5,5,Atrativos Histórico-Culturais,Folclore,"Salão da  Paróquia Sagrado Coração de Jesus - R. Dr. Murici, 8730",Colônia Murici,83015-290,"-25.592243131579902, -49.12655978754914","Criado com a  missão de garantir, resgatar e manter a cultura trazida pelos imigrantes poloneses no Brasil, mostrando sua diversidade cultural nas danças, no artesanato e na gastronomia.","Foi fundado no ano de 1970, com o incentivo das irmãs da Sagrada Família, ensaiando cantos folclóricos e peças teatrais.",Rural,(41)9 9109-7606,,Não,Luciane Kubesky Camargo - coordenadora,polones.wawel@gmail.com, @wawelfolclorepolones/;  @www.facebook.com/grupowawel,-,Entrar em contato  previamente.,Horário dos ensaios: Infantil – Seg. às 19:00h; Juvenil – Sáb. às 10:30h; Adulto – Sáb. às 09:00h; Master – Seg. às 19:00h,"O grupo se apresenta em festas  tais como a Noite Polonesa, Festa da Colheita, apresentações culturais no Teatro Guaíra em Curitiba, Festival Folclórico de Etnias do Paraná, Dia da Europa, feriado de Majówka - celebração dos três primeiros dias de maio, dentre outras.",-,11 Km até o aeroporto; 11 Km até o centro;  7 Km até a BR 116,,,,,,,,Não,,,,
Grupo Folclórico Soloveico,Volume I,138,106,2,5,6,Atrativos Histórico-Culturais,Folclore,"Ensaios acontecem no Salão Paroquial da Igreja Ucraniana da Santíssima Trindade - Rua Domingos Benvenuto Moletta, 16.100",Colônia Marcelino,,"-25.749935863632512, -49.24084117768094","O grupo  tem sua  origem na década de 1960, quando foi  fundado pela jovem Irmã Eutêmia Royk da Congregação das Irmãs Servas de Maria Imaculada para preservar as tradições ucranianas na colônia.","Após interrupções, o grupo foi revitalizado e nomeado ""Soloveiko"", rouxinol em ucraniano, estreando em 1994 no 28º Festival do Trigo, com apoio da Secretaria de Indústria, Comércio e Turismo, do Conselho da Igreja Santíssima Trindade e da comunidade.",Rural,(41)9 9639-6508,(41) 8775-1157,Não,"Flávia Starepravo e 
Adriana Nogas",soloveiko@hotmail.com,@gruposoloveiko,-,Entrar em contato  previamente.,Horário dos ensaios: Infantil e Juvenil - Sáb: 8:30h às 9:30h; Adulto – Sáb: 16 h com duração de 90 a 120 min,"Faz apresentações  dentro e fora do estado do Paraná,  com destaque para o Festival Nacional de Danças Ucranianas, Noite Ucraniana, Festa da Colheita, Jantar Típico Ucraniano.",-,33 Km até o  aeroporto; 30 Km até o centro; 11 Km da BR 116,"O nome ""Soloveiko"" foi escolhido em homenagem a um pássaro típico da Ucrânia, conhecido por seu canto belo e alegre, que simboliza a capacidade das músicas ucranianas de encantar o público com seus ritmos variados, ora lentos, ora vertiginosos.",1994,Sim,-,Iinteressados em assistir aos ensaios devem entrar em contato previamente.,Danças folclóricas ucranianas,-,Não,,,,
Capa ,Volume I,139,,,,,,Gastronomia,,,,,,,,,,,,,,,,,,,,,,,,,,,Não,,,,
Bigos,Volume I,140,107,2,6,1,Atrativos Histórico-Culturais,Gastronomia,Colônia Murici e em lugares que comercializam produtos coloniais,,,-,"Essa receita vem das práticas de conservação de alimentos dos caçadores poloneses. É um símbolo da cozinha polonesa.Também conhecido como ""guisado de repolho"", o bigos é um prato tradicional polonês feito com chucrute (ou repolho fresco), carne (geralmente uma combinação de porco, salsicha e carne de boi) e especiarias.",É  cozido lentamente para intensificar os sabores. É frequentemente consumido em festas e durante o inverno. A tradição diz que deve ser servido no dia 26 de Dezembro., -,,,Não,,,,,,,,,,,,,,,,,Não,,,,
Borscht,Volume I,141,108,2,6,2,Atrativos Histórico-Culturais,Gastronomia,Colônia Marcelino e em lugares que comercializam produtos coloniais,,,,"O Borscht é uma sopa tradicional da Europa Central e Oriental, especialmente popular na Ucrânia e na Rússia. Destaca-se pela cor vermelha da beterraba, seu ingrediente principal, podendo  incluir repolho, cenoura, pepino, batata, cebola, tomate, cogumelos, carne e vinagre. ","É um alimento nutritivo e consistente, assemelha-se a um guisado e é geralmente servido quente, acompanhado de pão. O borsch pode ser preparado de diversas maneiras, inclusive frio. Tradicionalmente, cada povo tem a sua própria variação da receita.", -,,,,,,,,,,,,,,,,,,,,Não,,,,
Holuptzi,Volume I,142,109,2,6,3,Atrativos Histórico-Culturais,Gastronomia,Colônia Marcelino,,,,"O holubtsi é um prato tradicional que pode ser preparado de várias formas, dependendo da região.
Também conhecido como charuto de repolho é um prato típico ucraniano  preparado com folhas de repolho recheadas com carne, arroz, trigo-sarraceno, cebola, cenoura e temperos. O prato é cozido com molho ou suco de tomate ou macarrão.  Em vez de carne, pode ser usado batatas, cogumelos ou feijão. ",, -,,,,,,,,,,,,,,,,,,,,Não,,,,
Kutiá,Volume I,143,110,2,6,4,Atrativos Histórico-Culturais,Gastronomia,Colônia Marcelino,,,-,"É um alimento simbólico, tradicionalmente servido durante a Ceia de Natal Ucraniana. A kutia é um prato doce feito com grãos de trigo cozidos, mel, nozes e, às vezes, frutas secas. Representa prosperidade e a conexão com os ancestrais. A kutia é uma parte importante das celebrações e é frequentemente acompanhada de bênçãos.","Uma receita  adaptada pode ser feita com trigo em semente sem casca e cozido, leite,  leite condensado, creme de leite, côco, amendoim e passas.", -,,,Não,,,,,,,,,,,,,,,,,Não,,,,
Paczki,Volume I,144,111,2,6,5,Atrativos Histórico-Culturais,Gastronomia,"Colônia Murici, e lojas de doces poloneses",,,-,"O paczki  são  parecidos com os sonhos no Brasil. Esse tradicional pãozinho é coberto com açúcar e recheado com os mais diversos sabores, sendo o morango o recheio mais comum.",, -,,,Não,,,,,,,,,,Os Ponczki são parecidas a rosquinhas ou sonhos. E um alimento tradicionalmente consumido na 5a feira antes da Páscoa.,,,,,,,Não,,,,
Pyrizhky ,Volume I,145,112,2,6,6,Atrativos Histórico-Culturais,Gastronomia,Colônia Marcelino,,,,"Pyrizhky são pãezinhos recheados que fazem parte do patrimônio culinário da Ucrânia, refletindo sua história e cultura. Eles são preparados durante todo o ano, com recheios que variam conforme a estação, podendo incluir desde purê de batatas até combinações mais inusitadas. Nas variedades salgadas, podem ser recheados com carne moída, cogumelos, ovo cozido com cebolinha ou repolho. Já nas receitas doces, o pyrizhky pode ser feito com frutas como maçã, cereja, damasco, limão ou geleias.","Além de versáteis, servindo tanto para ocasiões especiais quanto para refeições simples, os pyrizhky são práticos para viagens e piqueniques, além de acompanharem bem sopas ou aperitivos. As receitas são transmitidas de geração em geração, e cada família tem sua versão especial para a massa e os recheios, tornando esse prato único e repleto de significados.", -,,,,,,,,,,,,,,,,,,,,Não,,,,
Pierogi,Volume I,146,113,2,6,7,Atrativos Histórico-Culturais,Gastronomia,Colônia Murici,,,-,"Pierogi é uma espécie de pastel cozido recheado com diversos tipos de ingredientes tais como ricota, carne de porco, frango, linguiça e repolho azedo, entre outros. Os recheio de ricota ou  batata são os mais tradicionais.",,X,,,Não,,,,,,,,,,,,,,,,,Não,,,,
Varéneke ou perohé,Volume I,147,114,2,6,8,Atrativos Histórico-Culturais,Gastronomia,Colônia Marcelino,,,-,"Comida tradicional ucraniana, frequentemente preparada para festas e reuniões familiares. Se assemelham ao  pierogui polonês, pois  são pastéis recheados, que podem ser preparados com uma variedade de recheios, incluindo batata, repolho, queijo e frutas (como cerejas ou mirtilos).","Geralmente são cozidos e podem ser servidos com manteiga, cebolas e bacon ou creme azedo. A versão doce de varenyky é geralmente servido com creme de leite e mel. A palavra “perohe” significa pastel em ucraniano, enquanto “vareneke” significa “massa recheada”. Ambos os nomes são usados. O primeiro é mais usado no  oeste da Ucrânia  e o segundo é mais ao leste.",X,,,Não,,,,,,,,,,,,,,,,,Não,,,,
Capa ,Volume I,148,,,,,,"Museus, Ruinas e Arqueologia",,,,,,,,,,,,,,,,,,,,,,,,,,,Não,,,,
Caminho do Arraial,Volume I,149,115,2,7,1,Atrativos Histórico-Culturais,"Museus, Ruinas e Arqueologia",Serra da Graciosa (Pilão de Pedra e em outros locais no município),,,,"Caminho de pedra que ligava o Planalto de Curitiba ao Litoral, passando por São José dos Pinhais. Datado do século XVIII. Há referência que  indicam que a região sudeste de São José dos Pinhais (possivelmente áreas que hoje são próximas da Colônia Murici ou regiões cortadas pela BR-277) integravam esse antigo trajeto.",Historiadores supôem que ele tenha sito aberto entre  1580 e 1600.,,,,Não,,,,,,,,,,,,,,,,,Não,,,,
Caminho dos Ambrosios,Volume I,150,116,2,7,2,Atrativos Histórico-Culturais,"Museus, Ruinas e Arqueologia","Caminho Originario na atual BR376 subindo de Joinvile, Santa Catarina, Atual rua Antonio Singer e Isaura Ravaglio da Rocha",,,,"Antiga trilha histórica que ligava o litoral norte de Santa Catarina ao planalto paranaense, mais especificamente de São Francisco do Sul (SC) à Curitiba. Estima-se que a trilha tenha sido usada por 350 anos por indígenas, desbravadores, colonizadores e mascates. É associada a lendas e histórias locais. A trilha desempenhou um papel crucial na integração comercial e na colonização da região sul do Brasil","Atualmente, encontra-se em estado de abandono em muitos trechos, mas ainda preserva vestígios, como calçamento de pedras e valas em alguns pontos. Existe uma proposta de revitalização para resgatar sua memória e transformá-la em um atrativo de ecoturismo, promovendo a preservação ambiental e o desenvolvimento sustentável das comunidades locais.",,,,Não,,,,,,,"Mais informações podem ser encontradas na monografia orientada pelo prof. Paulo C. Rizzo Cerdeira, intitulada ""Caminho dos Ambrósio - Uma proposta de revitalização
baseada nos princípios do ecoturismo"".  Disponivel emm  https://ecrie.com.br/sistema/conteudos/arquivo/a_156_0_1_03052023113608.pdf",,,"Possivel origem do nome:a planta ambrósia, encontrada no caminho e  associada à flora portuguesa, ou a um antigo morador da região chamado Ambrósio. Ambas aparecem  em registros históricos e na tradição oral.",,,,,,,Não,,,,
Casa da Cultura Polonesa,Volume I,151,117,2,7,3,Atrativos Histórico-Culturais,"Museus, Ruinas e Arqueologia","R. João Lipinski, 1001",Colônia Murici,83085-220,"-25.592012804766544, -49.127605546897534","Criada em 2006 no prédio da primeira escola local, a Casa da Cultura Padre Karol Dworaczek oferece um mergulho na rica história e cultura polonesa.  A casa busca resgatar e valorizar a contribuição dos imigrantes poloneses para a cidade.","A casa pertenceu às irmãs da Sagrada Família. Antigo Colégio das Irmãs. O  acervo  diversificado  inclui utensílios domésticos, equipamentos agrários usados usados pelos primeiros colonos e uma biblioteca comunitária. Oferece visitas guiadas e palestras.",Rural,,(41) 3635-1545,Não,Secretaria da Cultura,,,,,"Ter a Sex: 08:30h às 11:30h e das 13:00h–16:30h; Sáb, Dom e Seg: Em geral fechado. Abre no 1o   e 3o Domingo de cada mês, das 12:30h às 16:30h. Horário pode variar nos feriados.",Seu acervo  contém objetos da história da imigração polonesa  tais como utensílios domésticos e equipamentos agrários usados no dia a dia da colônia.,Sim.,"11 Km do aeroporto; 11,4 Km do centro; 7 Km ate a BR 376",Cultura polonesa,2006,Sim,-,Não aceita animais de estimação no interior do local.,Cultura polonesa,-,Não,,,,
Centro  Cultural João Senegaglia,Volume I,152,118,2,7,4,Atrativos Histórico-Culturais,"Museus, Ruinas e Arqueologia","Rua XV de Novembro, 1800",Centro,83005-010,"-25.53797540702759, -49.200782485411544","Complexo cultural, tambem conhecido como centro João Senegaglia, por estar instalado no prédio de 1904 onde funcionou a Fábrica Metalúrgica Senegaglia,  primeira indústria do município. É uma instituição dedicada à promover a cultura, arte e educação.","Abriga o Espaço João Senegáglia, Museu do Boneco Animado, Galeria Municipal de Artes, oficina de bonecos, Escola  e Secretaria de Cultura, sala de apresentação, sala de acervo dos bonecos, sala de aula de teatro da Escola de Cultura.",Urbana,,(41) 3381-5917,Sim,,,,,,Seg a Sex: 9:00h às 11:30h e das 13:30h às 16:30h,,,"4 Km até o aeroporto;  1 Km até o centro; 1,5 Km até a Av. das Torres; 6 Km até a BR 376.",,,,,,,,Não,,,,
Fornos da Fazenda Catas Altas,Volume I,153,119,2,7,5,Atrativos Histórico-Culturais,"Museus, Ruinas e Arqueologia",Fazenda Catas Altas - Propriedade privada,Papanduva da Serra,,"-25.63170587271597, -48.98740494129948","A estrutura em ruínas abriga 40 fornos de formato arredondado, anteriormente utilizados na queima de madeira para a produção de carvão vegetal. Dispostos em duas filas paralelas, os fornos podem ser facilmente identificados por imagens de satélite. O local integra a rota de ciclistas, porém, devido ao estado de abandono e aos frequentes atos de depredação, a visitação encontra-se atualmente restrita.",O proprietário tem planos de tranformar o local em um atrativo turístico.,Rural,(41)9 9915-2211,,Não,,-,-,-,-,-,A visitação deve ser feita com autorização do proprietário ou dos vizinhos que geralmente cuidam do local.,Não,28 Km até o aeroporto; 28 Km até o centro; 10 Km até a Br 277,"Os Forninhos da Papanduva da Serra formam parte da historia das colônias quando ainda não havia nem gás nem energia eletrica, e as florestas de lenha começavam a diminuir.",,,-,É necessário pedir permissão ao proprietário.,-,-,Não,,,,
Museu do Boneco Animado,Volume I,154,120,2,7,6,Atrativos Histórico-Culturais,"Museus, Ruinas e Arqueologia","Centro de Vivências  Cultural João Senegaglia - Rua XV, 1820",Centro,83015-140,"-25.537995350360834, -49.20089558506429","Foi o primeiro museu no gênero no Brasil. Iniciou suas atividades em 2000 como o objetivo de difundir a cultura bonequeira no município. Seu acervo inicial foi formado a partir de oficinas ministradas para a comunidade e por doações  de  bonequeiro  brasileiros. Hoje, seu principal objetivo é proporcionar à população experiências lúdicas educacionais e conservar o patrimônio artístico local.","Seu público é variado, sendo composto por estudantes, moradores da cidade e  turistas. Conta com a parceria da Oficina de Bonecos que, além de desenvolver atividades conjuntas, restaura e dá manutenção nos bonecos e cria espetáculos, incluindo a produção do Carnaval de Bonecos de São José dos Pinhais que já se tornou uma tradição no calendário do Paraná.",Urbana,,(41) 3381-5901,Não,Secretaria da Cultura,museu.boneco@sjp.pr.gov.br,,https://www.sjp.pr.gov.br,Agendar visitas em grupos previamente.,Ter à Sex: 9:00h às 11:40h e 13:00h às 16:00h; Primeiro sábado de cada mês: 13:00h às 16:30h.,"O Museu possui vários tipos de bonecos: fantoches, marionetes, mascas, bonecos gigantes, bonecos de dedo, bonecas de vara, dentre outros.
Promove ações de contação de estórias, teatro de bonecos animados e visitas mediadas, destinada à escolas e ao público em geral.",Sim,3 Km até o aeroporto; encontra-se no centro;  1 Km da Av. das Torres/Rod. Henrique Herwig,Contação de histórias e a Carnaval de Bonecos,2000,Nas ruas laterais.,-,A visitação nos finais de semana ocorre somente no primeiro sábado de cada mês.,Bonecos de diferentes técnicas,-,Não,,,,
Museu Municipal Atílio Rocco,Volume I,155,121,2,7,7,Atrativos Histórico-Culturais,"Museus, Ruínas e Arqueologia","Rua XV de Novembro, 1660",Centro,83005-000,"-25.53739817812528, -49.20234707797347","A sede atual é um edifício histórico, construção em alvenaria de dois pisos, de linha arquitetônica eclética, que anteriormente abrigou simultaneamente os poderes Executivo, Legislativo e Judiciário.","O Museu Municipal Atílio Rocco foi criado pela lei 34/77, de 19 de setembro de 1977, e denominado pelo decreto 35/81, de 27/2/1981. Idealizado pelo Sr. Ernani Zétona, concretizou-se graças ao empenho do Lions Clube de São José dos Pinhais.",Urbana,,(41)3381-5900,Não,Secretaria da Cultura,museu.municipal@sjp.pr.gov.br,https://linktr.ee/museu.atilio.rocco,,Agendar visitas em grupos previamente.,"2a feira a 6a feira, de 8h às 17h30.","Tempo necessário para conhecer o atrativo: 45 minutos. Meses de maior visitação: novembro, dezembro, janeiro e fevereiro.",,"4 Km até o aeroporto; encontra-se no centro; 1 Km até a Rodovia Henrique Herweg/Av. das Torres; 4, 5 Km até a BR 116.",,1977,Nas ruas laterais.,,Visitação guiada é restrita a 30 pessoas.,,,Não,,,,
Ruínas do Moinho Ienkot,Volume I,156,122,2,7,8,Atrativos Histórico-Culturais,"Museus, Ruinas e Arqueologia"," R. Ver. Benvenutto Moletta, na Chácara Ienkot, próximo à lagoa, avista-se os canais de água corrente.",Colônia Marcelino,,"-25.748517236172216, -49.23853720584542","Ao lado da estrada, aproximando-se do lago da propriedade, onde hoje são vistas uma pequena barragem e um canal com água corrente, havia o maior moinho de  trigo e centeio  da colônia Marcelino,  pertencente à família do Sr. Albert Inkot.","O moinho foi de extrema importância para os colonos na época pois tinha como  principal função a moagem de trigo, transformando-o em farinha, que era essencial para a produção de pão e outros produtos alimentícios. A moagem era uma atividade vital para a comunidades especialmente em um período em que a autossuficiência alimentar era uma prioridade.",Rural,,,Não,,-,-,-,-,-,-,-,31 Km até o aeroporto; 29 Km até  o centro;  13 Km até a BR116,"História do Trigo e da Cultura Ucraniana, Local de beleza cênica para ser apreciado, especialmente nas primeiras horas do dia ou final de tarde.",-,Na própria estrada ou  no estacionamento da Igreja  próxima ao local.,-,Propriedade particular.,Cultura Ucraniana,,Não,,,,
Sítio arqueológico Céu Azul,Volume I,157,123,2,7,9,Atrativos Histórico-Culturais,"Museus, Ruinas e Arqueologia",Perto do Rio Pequeno na tripla divisa com Piraquara e Morretes,,,"-25.539635632136218, -48.97965207017768",Neste sítido foram encontradas ferramentas de pedras usadas pelos primeiros ocupantes da região. Sua importância  é justificada  pela sua antigüidade e  pelo  grau de preservação dos materiais que alí foram encontrados.,,,,,Sim,IPHAN,,,,,,Está fechado ao público ate o Iphan determinar o destino e preservação do local e suas peças.,,Seguir a Via florestal a partir da BR 277,,,,,,,,Não,,,,
Sítio arqueológico João Bueno,Volume I,158,124,2,7,10,Atrativos Histórico-Culturais,"Museus, Ruinas e Arqueologia",Na Barragem Miringuava,,,"-25.64308007199426, -49.07424131096831","Trata-se de um sítio lítico,  local onde predominam artefatos de pedra, como pontas de flecha, lascas, núcleos, raspadores, percutores e lâminas.  Sua relevância é reconhecida por seu excelente estado de preservação e por sua contribuição essencial ao estudo do povoamento pré-histórico das terras altas do sul do Brasil."," No local foram identificados instrumentos confeccionados em quartzo e outras rochas, indicando a presença de antigos acampamentos de caçadores-coletores. As escavações, coordenadas pelo Museu de Arqueologia e Etnologia da USP, utilizaram métodos estratigráficos e tipológicos, revelando dados importantes sobre a mobilidade, a tecnologia lítica e a adaptação ambiental dos primeiros habitantes da região.",Rural,,,Sim,IPHAN,,,,,,Está fechado ao público ate o Iphan determinar o destino e preservação do local e suas peças.,,22 Km até o aeroporto; 22 Km até o centro; 11 Km até a BR 376;,"É considerado um dos mais antigos do planalto de Curitiba, com vestígios de ocupação humana datados de mais de 5.000 anos. ",,,,,,,Não,,,,
Capa ,Volume I,159,,,,,,Religioso,,,,,,,,,,,,,,,,,,,,,,,,,,,,,,,
Capelinha Bom Jesus,Volume I,160,125,2,8,1,Atrativos Histórico-Culturais,Religioso,Rua Barão do Serro Azul Esquina com Rua Etore Morenda.,Bom Jesus,83025-190,"-25.550361416834658, -49.203262228367244","Construída pela família Morenda por volta de 1920. Construção em alvenaria com cobertura em telha, de um único pavimento, sofreu alterações na construção original. Mantém o piso original.  Foi colocada  uma  imagem do Senhor Bom Jesus doada por um casal de imigrantes italianos para afugentar a assombração que alí aparecia.","Essa igreja lembra a antiga tradição religiosa dos  sãojoeenses. Sua revitalização foi finalizada e entregue à população em 2018. Tombada como patrimônio cultural do município  pelo Decreto 125/82. 
O proprietário do terreno, João Marenda, resolveu erguer uma gruta  para abrigar a imagem. A gruta  foi substituída por uma capela de alvenaria com doações da comunidade. A imagem original também foi substituída. O piso permanece original.
A árvore mal assombrada era uma caingá (Moldenhawera floribunda), apreciada por sua madeira e propriedades medicinais. Em 1908 um raio atingiu a árvore. A  imagem caiu no chão e permaneceu intacta.",Urbana,,,Sim,,,,https://bomjesussjp.com.br/a-capelinha/,,Missa todos os sábados às 07:30h,"A imagem original foi substituída por uma imagem maior,  doada pelas famílias de Alfredo Chiuratto e João Ferraro.",,5 Km até o aeroporto; 2 Km até o centro;  3 Km até a BR 376,,Por volta de 1900,Nas ruas laterais., 30 pessoas,Só abre em ocasiões específicas.,,,Não,,,,
Capelinha N. Sra. das Graças -  Alto Boa Vista,Volume I,161,126,2,8,2,Atrativos Histórico-Culturais,Religioso,O inicio da escadaria que leva à capelinha fica  quase em frente ao  Centro Catequético Lúcia Buganicho / Capela Nossa Sra das Graças e São José -  Rua Izaura Ravaglio da Rocha proximo do entroncamento com a Alameda Boa Esperança.,Campo Largo da Roseira,,"-25.72439964401823, -49.151589262565615","Esta singela capelinha foi construída em alvenaria pelo italiano José Moro Filho em 1949  e é dedicada à Nossa Senhora das Graças. Possui  interessante formato de cone, não possui torre ou sino, apenas uma pequena uma cruz em sua cobertura.",Restaurada em 1992 e tombada pelo Decreto Municipal 125/85.  É um local singelo. Visitá-lo  é como uma viagem no tempo. Um refúgio tranquilo que convida os visitantes a contemplarem a si mesmos e à serenidade que a natureza proporciona.,Rural,,,Não,,,,,Para entrar na capelinha é necessário  entrar em contato com a Paróquia responsável,,"Local de contemplação, lazer contemplativo",Não,"24 Km do aeroporto; 23 Km do centro; 2,2 Km da BR 376","Beleza cênica, local de meditação e contemplação; safari fotográfico; silêncio e oração;",1849,Sim,,,,-,Não,,,,
Capela N. Sra. das Graças,Volume I,162,127,2,8,3,Atrativos Histórico-Culturais,Religioso,"Av. Max Brose, S/N, após o último estacionamento da Brose do Brasil. Essa pequena avenida fica ao lado da Av. Voksvagen Audi, próximo da marginal da BR 376.",Inhaíva,83090-670,"-25.66725073468513, -49.15361221010386","Fundada em 1986, no lugar da capela atual havia uma antiga capela de madeira.",,,,,Não,,,,,,,,,17 Km até o aeroporto;  16 Km  até o centro; encontra-se ãs margens da BR 376,,,,,,,,Não,,,,
Capela N. Sra. da Imaculada Conceição,Volume I,163,128,2,8,4,Atrativos Histórico-Culturais,Religioso,"R. Júlio César Setenareski, 2671 ",Colônia Mergulhão/Murici,83085-290,"-25.570105296416216, -49.1216490056737","Capela localizada no Caminho do Vinho, organiza várias atividades em prol da comumidade  e apoia iniciativas tais como a Caminhada da Natureza. É uma  igreja bastante presente na história da região. Além de local de encontro de devotos e fiéis da comunidade, é um local que atrai o turismo religioso.",,Rural,,,Não,,,,,,,,,"10 Km até o aeroporto, 9 Km até o centro;  4 Km até a BR 116",,,,,,,,Não,,,,
Capela N. Sra. de Lourdes,Volume I,164,129,2,8,5,Atrativos Histórico-Culturais,Religioso,Rua João Bortolan,Capão Grosso,,"-25.57264522582012, -49.07334785318987","Pequena capela  construída em 1933, encontra-se rodeada por terrenos cultivados.  Possui uma arquitetura simples e sua pintura azul claro com contornos brancos harmoniza com a paisagem dos campos verde em seu entorno.",,Rural,,,Não,-,-,-,-,-,-,-,-,15 Km até o aeroporto; 14 Km até o centro;  8 Km até a BR 277,,,,,,,,Não,,,,
Capela N. Sra. das Neves,Volume I,165,130,2,8,6,Atrativos Histórico-Culturais,Religioso,"R. Ermeson Grebogue, 2889 esquina com R João Maiczak",Gamelas.,,"-25.594332170293935, -49.095453512450455",Capela construída há mais de 80 anos. Possui arquitetura típica das igrejas das colônias italianas e polonesas.,,Rural,,,Não,,,,,,,,,13 Km até o aeroporto; 12 Km até o centro;  8 Km até a BR 116,,1924,,,,,,Não,,,,
Capela N. Sra. dos Milagres,Volume I,166,131,2,8,7,Atrativos Histórico-Culturais,Religioso,"Próxima à capela moderna N. Sra dos Milagres, localizada R. Benjamim Negoseki, 8500 - Miringuava. Entrar na Rua Particular, ao lado da Igreja nova e seguir adiante. A Igreja  logo poderá ser vista.",Colônia Cachoeira/Miringuava,83021-200,"-25.612808975127805, -49.24898637388608","Capela centenária, tombada como Patrimônio histórico pelo Decreto 04/96. A Irmandade de Nossa Sra do Rosário foi fundada em 1924.  A capela apresenta um estilo arquitetônico simples, típico das construções religiosas rurais da época, com características que lembram a arquitetura colonial. Sua estrutura é feita principalmente de alvenaria, com elementos que mostram a influência das tradições locais.","Com vitrais do tamanho das janelas laterais, dois confessionários, piso, paredes pintadas e teto decorado. No altar central, encontram-se   estações em cerâmica  entalhada e escurecida; banco em madeira. Na parede à esquerda, N. Sra. do Rosário, e à direita, Madalena. As laterais possuem anjinhos pintados e em sua extensão a imagem de N. S. dos Milagres. À esquerda Sagrado Coração de Jesus e réplica pequena imagem de N. S. dos Milagres.",Rural,,,Sim,-,-,-,-,-,-,-,,"Entrar na Rua Particular, ao lado da Igreja nova e seguir adiante. A Igreja  logo poderá ser vista. 14 Km até o aeroporto; 11 Km até o centro; 7 Km até a BR 106",,,,,,,,Não,,,,
Capela N. Sra. do Perpétuo Socorro,Volume I,167,132,2,8,8,Atrativos Histórico-Culturais,Religioso,"Rua Padre Stanislaw Turbanski, próximo da Pousada Estância Carmelo.",Antinha,,"-25.649241117170355, -49.042190291266934","Capela simples, localizada em um ponto de beleza cênica  que serve de ponto de parada para ciclistas. ",É uma Igreja reconstruida. Localiza-se rodeada pela  vegetação local.,Rural,,,Não,,,,,,,,,"Seguindo a partir do encontro  da Estrada Pedro Chulis com a  Estrada do Ronco, na direção da Mercearia Antinha,  passando a  mercearia, a igreja estárá na 5a bifurção. Não tem número25 Km até o aeroporto; 25  Km até o centr; 16 Km até a BR 376",,,,,,,,Não,,,,
Capela Santo Antônio - Colônia Acioli,Volume I,168,133,2,8,9,Atrativos Histórico-Culturais,Religioso,"Rua João Percegona Zen, 1660",Colônia Acioli,,"-25.550344220948425, -49.09552075142459","Capela dedicada a Santo Antônio, realiza anualmente, no mês de julho, uma tradicional festa em homenagem ao padroeiro, com cavalgada, missa, bênção dos pães e procissão. Realiza também tradicional coroação de Nossa Senhora.",,Rural,,,Sim,,, @capsantoantonio1924,,,,,,14 Km até o aeroporto; 15 Km até o centro; 3 Km até a BR 277,,1891,,,,,,Não,,,,
Capela Santo Antônio - Cotia,Volume I,169,134,2,8,10,Atrativos Histórico-Culturais,Religioso,"Estrada Ver. Domingos Benvenuto Moletta, s/n",Cotia,,"-25.691875509281168, -49.22993465190613","Capela dedicada à Santo Antônio. Realiza anualmente, no mês de julho, a Grandiosa Festa  em Homenagem ao Padroeiro, na Colônia Rio Grande, com realização de carreata.",,Rural,,,Não,,, @capelasantoantoniocotia,,,,,,23 Km até o aeroporto; 22 Km até o centro; 12 Km até a BR 376,,1953,,,,,,Não,,,,
Capela Santo Antônio - Colônia Rio Grande,Volume I,170,135,2,8,11,Atrativos Histórico-Culturais,Religioso,"Rua Francisco Dal Negro, 16",Colônia Rio Grande,,"-25.562643243888566, -49.20948579985004","Construção em alvenaria com cobertura com telhas, um único pavimento, tendo torre e sino na parte interna da Capela. Tombado pelo Decreto 082/95. O altar é em madeira entalhada. No pátio há uma cruz erigida em 1986, marcando a passagem de missionários. Preserva a cultura dos migrantes italianos da região.",,Urbana,,,Sim,,, @paroquiasantoantonio_sjp,,,,,,"6 Km até o aeroporto; 3 Km até o centro;  1,6 Km até a BR 376",Arquitetura diferenciada,1920,Não,,,,,Não,,,,
Capela São João Batista,Volume I,171,136,2,8,12,Atrativos Histórico-Culturais,Religioso,"R. Pedro Chulis, S/N",Avencal,,"-25.62248590838138, -49.08829699118873","A tradicional do padroeiro ocorre no mês de junho, com  a realização de missa e almoço (churrasco).",,Rural,(41) 99237-2632,,Não,,," @
capela_saojoaobatista1939",,,,"Para participar dos almoços nas festas comemorativas, levar talheres.",,17 Km até o aeroporto;  18 Km até o centro;  13 Km até a BR 376,,,,,,,,Não,,,,
Capela São Paulo Apóstolo (Capela da Costeira),Volume I,172,137,2,8,13,Atrativos Histórico-Culturais,Religioso,"Rua Dr. Murici, próxima ao portal da Colônia Murici",Colônia Murici,83015-290,"-25.57396468839002, -49.146234504249165",A Igreja também é conhecida como Capela da Costeira. A grandiosa  festa em louvor ao  padroeiro São Paulo Apóstolo   ocorre no mês de setembro. Inicia-se às 10h com missa seguida de almoço (churrasco). Na parte da tarde a shows e entretenimento com ampla participação da comunidade. Organiza o presépio vivo no período natalino.,Organiza também bingos beneficientes e cavalgadas.,Rural,,,Não,,capelasaopauloapostolocosteira@gmail.com,,,,"Missa Mensal: Primeiro domingo do mês, às 07:50h",,,"7 Km até o aeroporto; 8 Km até o  centro; 1,7 Km até a BR 116",,,,,,,,Não,,,,
Capela São Pedro (Marcelino),Volume I,173,138,2,8,14,Atrativos Histórico-Culturais,Religioso,Rua Antônio Claudino Sobrinho,Colônia Marcelino.,,"-25.747686316733517, -49.236110189914825","A tradicional  Festa de São Pedro da Colônia Marcelino ocorre no mês de julho, com missa especial seguida de almoço."," O ambiente é famliar, sendo uma ocasião de reunião da comunidade.",Rural,,,Não,,, @capela.sao.pedro.col.marcelino,,,Celebrações:Domingo às 8:30h; Santa missa: todo 4o sábado do mês. ,,,"7 Km até o aeroporto, 8 Km até o centro;  1, 7 km até  a BR116",,,,,,,,Não,,,,
Capela São Sebastião e Divino Espírito Santo,Volume I,174,139,2,8,15,Atrativos Histórico-Culturais,Religioso,"R. Cassemiro Levisky, 150 ",Contenda., 83095-818,"-25.700962712089698, -49.150383369228216",A Igreja original foi construída em 1930 e demolida em 1993. Nesse mesmo ano foi construída a igreja  atual.,,Rural,,(41) 3634-1118,Não,,paroquiasaosebastiao@diocesesjp.org.br,,,,,,,21 Km até o aeroporto;  20 Km até o centro; 700 m até a BR 376,,,,,,,,Não,,,,
Capela São Sebastião - Vila Nova,Volume I,175,140,2,8,16,Atrativos Histórico-Culturais,Religioso,"R. Francisco Munõz Madrid, 1746-1818",Roseira de São Sebastião,83070-010,"-25.521292699819288, -49.12614449353549","A capela chama a atenção por sua arquitetura e beleza cênica. Localiza-se recuada em relação à rua, no interior do quarteirão, entre duas escolas. Sua paisagem convida a uma pausa contemplativa em meio a um entorno urbanizado e industrial, marcado pela presença de diversas indústrias.",,Urbana,,,Não,,,,,,Domingo: missa  às 7:30h e às 10:30h; Secretaria: Ter à Sex: 8:00h às 12:00h e das 13:30h às 17:30h.,,,12 Km até o aeroporto;  11 Km até o centro; 1 Km até a BR 277,,,,,,,,Não,,,,
Capela Santuário Nossa Senhora Rosa Mística,Volume I,176,141,2,8,17,Atrativos Histórico-Culturais,Religioso,"R. Nova Esperança s/n, próximo da empresa Ceramibalsa",Cachoeira,83021-254,"-25.603563950883476, -49.26152990410813","Local de peregrinação dedicada à Nossa Senhora onde todos meses, fiéis e religiosos se encontram pra rezar, pedir orientação, assim como para agradecer por graças alcançadas no decorrer do ano. É um local místico, de prática do silêncio e oração.","No local há uma singela capela, um bosque para caminhada em silêncio e local  de penitência. Nossa Senhora Rosa Mística ou Maria Rosa Mystica, é o nome dado à aparição da Virgem Maria   pela enfermeira italiana  Pierina Gilli. O primeiro relato ocorreu durante a Primavera de 1947.",Rural,,(41) 3383-0252,Não,-,-,@rosamistica1988,"www.rosamisticarainhadapaz.com
",Possui uma programação  anual.  Consultar o site.,Domingo: Terço às 15:00h. Costuma estar aberta todos os dias. Ligar antes.,"Local de oração, meditação e peregrinação.",Possui em alguns pontos.,17 Km do aeroporto;  12 Km do Centro;  8 Km da BR 376,"Capela singela, bosque de peregrinação e caminhada em silêncio. O local transmite paz, sendo um bom lugar para meditação.",,Não. Estacionamento gratuito na rua.,-,"Não usar decotes, roupas curtas nem transparentes. Não usar salto alto, falar alto nem fumar.",Local de retiro e oração.,-,Não,,,,
Igreja Matriz São José dos Pinhais,Volume I,177,142,2,8,18,Atrativos Histórico-Culturais,Religioso,Praça 8 de janeiro.,Centro,83005-010,"-25.53623678171467, -49.204571811209576","A Igreja atual teve sua construção iniciada em 1906 e passou por muitas reformas e benfeitorias ao longo dos anos. Em 2002 foi tombada como Patrimônio Histórico Municipal. Em 19 de março de 2007, com a criação da Diocese, passou a ser a Catedral de São José dos Pinhais.","Antes de sua construção, no período de 1660 a 1888, havia no local uma pequena Capela Mortuária – São José do Patrocínio da Boa Morte, construída em madeira. A igreja era cercada por um cemitério que servia à vila então chamada Arraial Grande. Os mortos católicos foram sepultados no interior dessa igreja até o ano de 1850. 
Localiza-se na Praça 8 de Janeiro, do ano 1853, data em que se instalou a Câmara de Vereadores, sendo portanto, considerada a  data de inauguração da cidade.",Urbana,,(41) 3282-0243,Sim,,,,www.catedralsaojose.com.br,,"Missas: Sáb.: 16:00h; Dom.:07h30; 09:00h; 11:00h; 18:00h. Seg, Ter, Qui e Sex: 19:00h",,,"4,5 Km até o aeroporto; encontra-se no centro; 5 Km até a BR 376",,1906,Não. Estacionamento gratuito na rua.,,,,,Não,,,,
Igreja N. Sra. de Fátima,Volume I,178,143,2,8,19,Atrativos Histórico-Culturais,Religioso,"Rua Onofre Holthman, 1200",Rio Pequeno,83085-520,"-25.534952052451498, -49.15186433192115","A igreja é a matriz da Paróquia Nossa Senhora de Fátima e anfitriã da famosa Festa do Morango, uma celebração tradicional que une fé, cultura e agricultura. Ocorre em novembro, geralmente no segundo final de semana.  Surgiu na antiga Colônia Rio Pequeno, antes de 1970, como uma comemoração dos agricultores locais pela colheita da fruta."," Com o tempo, ganhou força e se consolidou em torno da Igreja Nossa Senhora de Fátima, que abriga missas campais, barracas gastronômicas e atrações culturais. A festa simboliza a união da comunidade, a prosperidade rural e a devoção religiosa, tornando-se um dos eventos mais representativos da região.",Urbana,,(41)3106- 2201,Não,,,,,,"Missas: Dom.: 08:00h; Sáb.: 19:30h;
Qui: 19h15 - Novena Perpétua 
Primeira  quinta-feira do mês:  Exposição do Santíssimo",,,"6 Km até o aeroporto; 6,5 km até  o centro,  350m da BR 116",,,,,,,,Não,,,,
Igreja N. Sra. Imaculada Conceição,Volume I,179,144,2,8,20,Atrativos Histórico-Culturais,Religioso,"Rua Carlos Kuzma, sem número",Faxina,,"-25.775626843636285, -49.18296401731718","Foi reconstruída em 1950 no lugar de uma antiga igreja de madeira. Com arquitetura típica das capelas do interior, está situada no coração da comunidade rural da Faxina. Sua principal celebração é a Festa em Louvor à Imaculada Conceição, padroeira local, realizada em dezembro com missa solene, procissão e intensa participação da comunidade. A festividade integra fé e vida no campo, com procissões de tratores, máquinas agrícolas, caminhadas até a igreja e bênçãos de veículos e agricultores. ","A capela também é ponto de partida e chegada do Circuito Faxina, passeio ciclístico que articula esporte, espiritualidade e turismo de base comunitária, mobilizando os moradores em uma demonstração de acolhimento e celebração coletiva.",Rural,,,Não,,,,,,,,,"33 Km até o aeroporto; 32,5 até o centro; 3,6 Km  até a BR 376",,,,,,,,Não,,,,
Igreja Sagrado Coração de Jesus,Volume I,180,145,2,8,21,Atrativos Histórico-Culturais,Religioso,"Rua João Lipinski, 921",Colônia Murici,,"-25.593549395712397, -49.12703375395814","A primeira capela foi construída em 1879. A igreja atual é fruto de diversas ampliações. A comunidade paroquial foi criada em 4 de outubro de 1911, sendo a igreja um marco da colonização polonesa e italiana na região. A edificação possui uma bela arquitetura, inserida em uma paisagem de grande valor cênico. ","É toda pintada com afrescos e a beleza do seu  interior também se destaca especialmente durante as festividades, quando é ornamentado com produtos das colheitas — flores, verduras e frutas — conforme a celebração. Integra a Rota dos Caminhos da Colônia Murici, compondo o roteiro de turismo rural da região.",Rural,, (41) 3635-1144,Não,,paroquia.scj@terra.com.br,,,,,,,12 Km até o aeroporto; 11 Km até o centro; 7 Km da BR 376,,,,,,,,Não,,,,
Igreja Santíssima Trindade,Volume I,181,146,2,8,22,Atrativos Histórico-Culturais,Religioso,Rua Ver. Bemvenutto Moletta,Colônia Marcelino.,,"-25.749211197834608, -49.240452861496216","Igreja Católica Ucraniana, de arquitetura imponente, que se destaca na paisagem da colônia. Segue o rito ucraniano de celebração da missa.  No local há duas igrejas: A menor e mais antiga  foi a  segunda  igreja da Colônia Marcelino, inaugurada em maio de 1931 pelo padre Josafat Chomen.",,Rural,,,Não,,,,,,,Possui grande importância na comunidade. É no seu entorno que se realizam as principasi festas da colônia.,,31 Km até o aeroporto; 30 Km até o centro; 11 Km da BR 116,Beleza arquitetônica e beleza cênica.,,,,,,,Não,,,,
Igreja São Sebastião - Campo Largo da Roseira,Volume I,182,147,2,8,23,Atrativos Histórico-Culturais,Religioso,Rua Antonio Singer perto Rua Bemvenutto Moletta,Campo Largo da Roseira.,,"-25.641008240097808, -49.19138100926762","Capela centenária, localizada na comunidade de Campo Largo da Roseira, em Campina do Taquaral. É um importante símbolo de fé e tradição que  destaca-se por sua bela arquitetura, amplo estacionamento e salão espaçoso, onde ocorrem eventos religiosos e comunitários.","Entre as celebrações mais tradicionais está a festa de seu padroeiro, a Grandiosa Festa de Louvor a São Sebastião, realizada em janeiro. Realiza também festas e eventos tais como festas juninas, bingos,  tardes festivas e almoços  que reúnem a comunidade em momentos de confraternização. Os fiéis também participam ativamente da ornamentação da igreja em ocasiões especiais, mantendo viva a devoção e a cultura local.",Rural,,,Não,,, @saosebastiaosjp,,,"Dom.: 07:00h; Grupo de oração: quinta,  às 19:30h.",Possui grande importância na comunidade. É no seu entorno que se realizam as principasi festas da colônia.,,16 Km até  o aeroporto; 15 Km até o centro; 4 Km até a BR 376,,,,,,,,Não,,,,
Igreja São Sebastião - Malhada,Volume I,183,148,2,8,24,Atrativos Histórico-Culturais,Religioso,"R. Antônio Greboge, 6100",Colônia Malhada.,,"-25.662310112497128, -49.100459401825844","Integra a Paróquia Sagrado Coração de Jesus com sede na Colônia Murici. A Tradicional Festa de São Sebastião, padroeiro da capela, ocorrem em janeiro, na qual são realizadas novenas, missa solene e procissão.  A missa é seguida de almoço comunitário.","Também é sede de eventos formativos, como encontros diocesanos e de expressões da Renovação Carismática Católica.",Rural,,(41) 3635‑1144 ,Não,,,https://www.facebook.com/capelasaosebastiao.coloniamalhada,,,,Para participar dos almoços oferecidos na igreja é necessário levar pratos e talheres.,,23 Km até o aeroporto; 22 Km até o centro; 6 Km até a BR 376,,,,,,,,Não,,,,
Mausoléu Killian,Volume I,184,149,2,8,25,Atrativos Histórico-Culturais,Religioso,"Cemitério Municipal, à Rua XV de Novembro, esquina com a Rua Izabel Redentora.",Centro,,"-25.538301875141695, -49.20126113237262","Túmulo da Família Killian, construído em 1918, em alvenaria com linhas arquitetônicas ecléticas, guarda os restos mortais do 3° prefeito de São José dos Pinhais. As pinturas internas foram retiradas.",,Urbana,,,Sim,,,,,,,,,4 Km até o aeroporto; encontra-se no centro; 5 Km até a BR 376,,1918,,,,,,Não,,,,
Paróquia de São Pedro,Volume I,185,150,2,8,26,Atrativos Histórico-Culturais,Religioso,"R. Profa. Olivia Nogueira, 261",São Pedro, 83020-030,"-25.549159311360487, -49.19061503743155",É adminstrada pela Sociedade do Verbo Divino (SVD),"Imagem de São Pedro na entrada; ao lado capela em forma de gruta com imagens de santos, cuja principal é Nossa Senhora das Graças. Acontece todo ano a Grandiosa Festa de São Pedro, com desfile de cavaleiros e carroceiros, e festa junina.",Urbana,,(41) 3882-1394,Não,,saopedroigreja@yahoo.com.br,,,,"Dom: 08:00h, 10:00h, 19:00h; Ter, Qua e Sex:19:00h","A igreja possui uma representação de cristo ressurrecto, dando um passo adiante, saindo da cruz.
Possui em seu interior a obra do artista Roney Erthal, representando São Pedro em bronze.",,4 Km até o aeroporto; 3 Km até o centro; 3 Km até a BR 376,"Possui rara imagem do Cristo ressurrecto,  saindo da cruz.",,,,,,,Não,,,,
Portão do Cemitério da Colônia Murici,Volume I,186,151,2,8,27,Atrativos Histórico-Culturais,Religioso,"Rua João Lipinski, 921, atrás da Casa de Cultura  Polonesa",Colônia Murici,,"-25.594478088522138, -49.12679112979893",A arquitetura do portão reflete o estilo  de ordenamento de detalhes  típicos da cultura polonesa. É um símbolo importante do respeito  pela herança e  memória  dos antepassados.,,Rural,,,Não,,,,,,,,,"11 Km até o aeroporto; 12 Km até o centro; 6,5 Km até a BR 376",,,,,,,,Não,,,,
,Volume I,187,,,,,Lazer,,,,,,,,,,,,,,,,,,,,,,,,,,,,Não,,,,
,Volume I,188,,,,,Lazer,,,,,,,,,,,,,,,,,,,,,,,,,,,,Não,,,,
,Volume I,189,,,,,,Atividades Esportivas,,,,,,,,,,,,,,,,,,,,,,,,,,,Não,,,,
Airsoft Battlefield,Volume I,190,152,3,1,1,Lazer,Atividades Esportivas,Rua Matozo  S/N ,Área Rural,,"-25.63889927329423, -49.211319836341076","Local especializado na prática de Airsoft, um tipo de esporte de aventura. O Airsoft é um esporte de simulação tática em que participantes utilizam réplicas de armas para disparar projéteis plásticos não letais. As partidas envolvem estratégias e trabalho em equipe, com objetivos variados, como capturar bandeiras ou eliminar adversários. O Esporte é praticado  em locais autorizados, exige o uso de proteção para evitar lesões e respeito às legislações.",,Rural,(41)9 9188-1843,,,,, @battlefieldairsoft_,airsoft-battlefield.webnode.page/,,Flexível de acordo com agendamento.,,,19 Km até o aeroporto; 18 Km até o centro; 6 Km até a BR 376,,,Sim,,,Airsoft,,Não,,,,
Autódromo de São José dos Pinhais,Volume I,191,153,3,1,2,Lazer,Atividades Esportivas,"R. João Kosiak, 979",São Marcos,83090-425,"-25.61369030226261, -49.16240099533224","Inaugurado em  1990 com o nome de Autódromo Afonso Pena, passou a ter o nome atual nos anos 2000. É o segundo autódromo do município e possui forte presença na cultura esportiva da cidade e do estado.Foi criado por iniciativa de ex-pilotos, quatro anos após o fechamento do antigo Autódromo Moacir Piovesan , localizado na Estrada da Cachoeira  e que funcionou de 1982 até o final da década de 1990.","Sua atividade foi incrementada em 1994 com a administração de Gastão Vosgerau, que começou a organizar corridas com a participação de pilotos convidados de outros estados, para estimular a retomada do automobilismo no Paraná. Vosgerau trouxe a modalidade de Velocidade na Terra – corrida realizada em pistas de terra – para São José dos Pinhais. Essas iniciativas fizeram com que a visibilidade e a credibilidade do autódromo aumentassem, atraindo um número cada vez maior de participantes.",Rural,(41)9 8527-2596,,-,-,-, @arrancada_na_terra e @velocidadenaterra,-,Por telefone ou whatsapp,"Varia, de acordo com as competições.","A direção do autodromo também participa da Comissão Nacional de Velocidade da Terra, responsável pelas provas a nível nacional no município desde 1992, trazendo para o município competições nas  categorias de Super Fórmula, Mini Fórmula Tubular e Turismo 1600.",-,12 Km até o aeroporto; 10 Km até o centro;  1 Km até a BR 376,"As primeiras corridas começaram com um Opala, dois Fuscas e um carro força-livre (um veículo modificado, sem restrições em relação ao seu desempenho e funcionamento). Hoje são realizadas com mais de 100 carros competindo por prova.",1990,Sim,-,-,Corrida na Terra,-,Não,,,,
Campo do Déio,Volume I,192,154,3,1,3,Lazer,Atividades Esportivas,"R. José Francisco Negoseki, 390,",Zacarias,83020-838,"-25.581401526504038, -49.20874201938708",Famoso  ponto de encontro para a comunidade  para partidas bem organizadas de futebol. Teve início como uma chácara familiar onde eram organizadas  partidas entre parentes e amigos.,"O local cresceu e se tornou ponto de referência para o futebol local e para a região metropolitana de Curitiba, se realiza a famosa Copa Déio de Futebol. Aceita reservas para eventos, shows e confraternizações. Aceita animais de estimação.",Rural,(41)9 9235-8796,,-,,ivanrnegoseki@hotmail.com,@campo-do-deio; @rotadascoloniassjp,www.rotadascolonias.com.br/associado/campo-do-deio/,Sim,"Ter à Dom, incluindo feriados. Seg: Fechado. Funcionamento pode variar em períódo de festas de final de ano.","Campos de futebol com grama natural para a prática do futebol amador e profissional, iluminação noturna, restaurante e amplo espaço verde para lazer em contato com a natureza.",Entrada e estacionamento com acessibilidade.,9 Km até o aeroporto; 8 Km até o centro;  2 Km até a BR 116 (Contorno Sul),Copa Déio de Futebol,1988,"Sim, gratuito.",-,Agendamento das quadras pelo whatspp,Campos de futebol ao ar livre,,Não,,,,
Campos do Elcio - Futebol,Volume I,193,155,3,1,4,Lazer,Atividades Esportivas,"R. José Francisco Negoseki, 1025",Zacarias,83020-838,"-25.581674520735493, -49.21097227114298",Os campos de Futebol do Élcio compõe o complexo de lazer do famoso Elcio do Bolinho.   Ver detalhalhes no Bar do Élcio do Bolinho,,,,,,,,,,,,,,9 Km até o aeroporto; 8 Km até o centro;  2 Km até a BR 116 (Contorno Sul),,,,,,,,Não,,,,
Centro de Esportes e Lazer Max Rosenmann,Volume I,194,156,3,1,5,Lazer,Atividades Esportivas,Av. Rui Barbosa 4997,Iná,83045-350,"-25.508930465759562, -49.173720416039174","O Centro de Esportes e Lazer  Max Rosenmann oferece uma ampla gama de atividades para todas as idades, promovendo saúde, bem-estar e integração social. O centro é um espaço completo para a prática esportiva, oferecendo opções diversificadas que atendem a todos os perfis.","Crianças, jovens, adultos e idosos podem participar de modalidades esportivas como futsal, voleibol, basquetebol e também de xadrez. Oferece artes marciais tais como aulas de judô, karatê, capoeira, jiu-jitsu, taekwondo e muay thai e também treinos funcionais com ginástica aeróbica e aulas de ritmos.",Urbana,,(41) 32836673,-,,, @ginasio-de-esportes-e-lazer-max-rosenmann,,,Seg a Sex: 8:00h às 11:45 e 13:30 ãs 17:00; Sab e Dom: 8:00h às 11:45 e 13:30 às 22:00h,Possui diversas quadras poliesportivas,,6 Km até o aeroporto;  encontra-se no centro;  2 Km até a BR 277,,,,,,,-,Não,,,,
Estádio do Pinhao - Futebol ,Volume I,195,157,3,1,6,Lazer,Atividades Esportivas,"R. Antônio Môro, 105",Costeira,83010-300,"-25.55031458753358, -49.17258060814898","Estádio Municipal Cilmar Pedro Goergen - conhecido como Estádio do Pinhão,  está equipado com grama sintética  e possui capacidade de 5200 espectadores.",,Urbana,, (41) 3587-1362,,,, @estadio-municipal-do-pinhao,,,Seg a Sex: 08:00h às 17:00h;  jogos em horários variados durante   toda semana.,,,3 Km até o aeroporto;  4Km até o centro;  2 Km até a BR 376,,,,,,,,Não,,,,
Golf Las Palmas Country Club,Volume I,196,158,3,1,7,Lazer,Atividades Esportivas,"BR 376, KM 626",Guaraituba,83005-970,"-25.646293519454595, -49.160150319399605","Local de beleza cênica, fundado em 1987. Funciona como   uma associação sem fins lucrativos  mantida por associados.  O  clube promove atividades sociais, esportivas com destaque para o golfe. Oferece opção de Day Use e locação para eventos.","Para os idosos promove o programa Maturidade Ativa, focado em manter a saúde e a vitalidade. Já quem busca atividades dinâmicas pode aproveitar treinos funcionais.",Rural,(41)9 8482-0091,,-,Associação,,@laspalmasgolf_oficial,www.laspalmasgolfclub.com, Reserva de salões para eventos,"Ter a Sex: 08:00h às 18:00h
Sáb, Dom e Feriados: 07:00h às 18:00h","Campo de 18 buracos, quadras, piscina, churrasqueira para pequenos eventos de ate 20 pessoas e restaurante abertos para sócios e não-sócios. Oferece opção de Day Use e aulas particulares de golf.",Sim,"16 Km do aeroporto; 15, Km do centro; a entrada para o club está há 280 m da BR 376;","Beleza cênica, floração das cerejeiras japonesas",1987,sim," Salão de eventos: 115 pessoas; Churrasqueira: ate 20 pessoas,",Sauna disponível somente para sócios,Golf e eventos,-,Não,,,,
Haras Clemente Moletta,Volume I,197,159,3,1,8,Lazer,Atividades Esportivas,"Av. Rui Barbosa, 7695 - Centro",Centro,83005-340,"-25.527225154676646, -49.19207925017317","Fundado pelo Sr. Clemente Moletta, um dos criadores de cavalo mais antigos do Brasil, que é reconhecido nacionalmente como uma lenda do turfe brasileiro. Passou a localizar-se no centro da cidade devido ao crescimento urbano.",O haras é conhecido pela sua tradição na criação de puro-sangue inglês  de alta qualidade e pelos leilões no mercado nacional e internacional. Possui diversos cavalos campeões em corridas no Brasil e exterior.,Urbana,(41) 99601-7545,,Não,,,,,,,"Organiza leilões regulares de reprodução, em formato físico e virtual, com transmissão pela TV Turfe e TV Jockey .  Mais informções sobre o horas podem ser encontradas nos videos  www.youtube.com/watch?v=c3ACsCu4iPQ; www.youtube.com/watch?v=F5_8fW_omvg; @harasclementemoletta",,3 Km até o aeroporto; 3 Km até o centro;  6 Km até a BR 376,,,,,,,,Não,,,,
Haras Fortaleza,Volume I,198,160,3,1,9,Lazer,Atividades Esportivas,"Rua Antônio Singer, 7683",,,"-25.676522197488218, -49.17709314615644","O Haras Fortaleza iniciou suas atividades em 1975, com a criação de cavalos puro sangue inglês, consolidando seu nome no Jockey Clube do Paraná e na Associação Paranaense de Criadores de Cavalos de Corridas. Foi transformado em um espaço sofisticado que oferece serviços completos para eventos como casamentos, festas de debutantes e corporativos. Possui uma paisagem que combina elementos rústicos e elegância.",,Rural,(41) 99954-6463,,-,,contato@harasfortaleza.com.br, @espacoharasfortaleza,www.harasfortaleza.com.br,,,,,21 Km até o aeroporto; 20 Km até o centro;  3 Km até a BR 376,,,,,,,,Não,,,,
Haras Girassóis,Volume I,199,161,3,1,10,Lazer,Atividades Esportivas,"R. Antônio Greboge, S/N",Miringuava,,"-25.65903889012706, -49.12598664800634","Propriedade rural voltada à criação de cavalos da raça Puro-Sangue Inglês. Realiza regularmente leilões voltados à reprodução animal, como o “Grande Leilão de Reprodução”, com transmissões pelas emissoras especializadas TV Turfe e TV Jockey.",,Rural,(41) 996574108,,,,, @harasdosgirassois,,,,,,21 Km até o aeroporto;  20 Km até o centro;  4 Km até a BR 376,,,,,,,,Não,,,,
Haras Santarém,Volume I,200,162,3,1,11,Lazer,Atividades Esportivas,"Estrada Vereador Domingos Benvenuto Moletta, 4500",Cotia,,"-25.659823683131794, -49.21734846053969","Com mais de 50 anos de história, o haras é reconhecido nacional e internacionalmente, destacando-se pela alta qualidade na criação de cavalos puro-sangue inglês e pela  busca por animais campeões.","É um dos melhores estabelecimentos do país na criação de animais pensionistas,  produzido cavalos campeões, alguns deles exportados para Estados Unidos e Dubai. Possui expressiva  contribuição para o desenvolvimento do turfe brasileiro. Recebe visitas de cunho educativo e científicas  previamente agendadas.",Rural,(41)9 9973-4196,,-,-,haras.santarem@gmail.com,@harassantarem,www.harassantarem.com.br,Agendamento prévio.,Seg a Dom: 07:00 às 17:30h,Criação e reprodução de cavalos puro-sangue Inglês;  criação  de  cavalos pensionistas; recebe estudantes e visitas de cunho científico de interessados em cavalos puro-sangue.,-,"23 Km do aeroporto; 18,5 Km do centro; 8 Km da BR 376","Criação e produção de cavalos  de puro sangue ingles, grandes corredores.",1960,Sim,-,,Cavalos puro-sangue inglês do Brasil,-,Não,,,,
Kartódromo Kart Park Esporte e Lazer,Volume I,201,163,3,1,12,Lazer,Atividades Esportivas,"Rod. Br 376, 12455",Ouro Fino,83015-000,"-25.550815649289415, -49.18773091958013","O Kartódromo Kart Park é um dos mais tradicionais do Paraná. Oferece uma estrutura completa para praticantes de kart, com serviços como aluguel de karts, equipamentos de segurança, bar e restaurante. Já foi local de treino do piloto Ayrton Senna.","É homologado pela Confederação Brasileira de Automobilismo , garantindo a qualidade e segurança da pista.    Possui uma pista desafiadora, realiza diversos eventos, sendo uma opção de lazer para todas as idades. Possui 720 m ao ar livre.",Urbana,(41)9 8502-1003,,-,-,-,@kartpark376,-,Sim. ,"Seg à  Sáb: 16:00h às 22:00h
Dom: 16:00h às 20:00h.  Horário pode variar  em feriados ou dias de eventos.","Pista de kart de 700 metros; aluguel de karts e equipamentos de segurança, oferece bar e  restaurante. Também aluga o espaço para eventos.  Agendamento:  Seg à Sex:  16:40h às 21:20h; Sáb: 16:00h às 21:30; .
Dom: 16:00h  às 19:30h. Agendamento de baterias: até 30 dias de antecedência.",Sim,5 Km até o aeroporto; 5 Km até o centro;  encontrei-se na BR 376,"Realiza anualmente o Festival de Kart Vintage. Sua pista é considerada uma das melhores do Brasil, com 720 metros de extensão e 14 curvas desafiadoras.",-,Sim,Quantidade total de Karts Adultos: 20,"Idade mínima: 14 anos. Para menores de 18 anos é obrigatório apresentar um documento de identificação com foto (Físico ou digital), junto de um declaração de consentimento dos pais ou responsáveis.","prática de kart para amadores e profissionais, competições, kart vintage",-,Não,,,,
Park Ball,Volume I,202,164,3,1,13,Lazer,Atividades Esportivas,"R. José Zancheta Filho, 1255",Campina do Taquaral,83021-430,"-25.599188037199596, -49.22294686969138","Park Ball é um centro poliesportivo e de eventos, com uma grande área verde, oferecendo churrasqueiras e piscina aos usuários. Atua no ramo de clubes e estádios.","A propriedade era do Sr. Luiz Orso e foi herdada por seu filho, Donato Orso que  atualmente  gerencia o local com a ajuda da filha, Juliana Orso. O local é usado como ponto de saída de algumas edições do evento da  Cavalgada do Batom.",Rural,(41)9 9109-0341,,-,Donato Orso e Juliana Orso,parkballeventos@gmail.com,@parkball01,-,-,"Piscinas e churrasqueiras funcionam de setembro a março,  fechando na entrada do inverno.","Possui churrasqueiras, piscina, grande área verde,  possui 3 salões de festas para 150, 500 e 1500 pessoas respectivamente. Oferece estrutura para grandes eventos.",Sim,13 Km do aeroporto;  9 Km do centro;  4 Km da BR 376,Crianças até 5 anos e pessoas acima de 65 anos não pagam.,-,Sim,15 mil pessoas,Não pode levar bebidas e alimentos para a área da piscina.,Lazer e eventos,-,Não,,,,
Pesque e pague Beira Rio,Volume I,203,165,3,1,14,Lazer,Atividades Esportivas,R. Augusto Micrute 2903,Colônia Mergulhão,83075-182,"-25.570049738900305, -49.102256004234945","Empreendimento da Família Obiava, o pesca e pague oferece carpas, tilápias, bagres para pesca nos tanques do espaço. O local possui um restaurante que oferece porções de peixe, bolinho de aipim com carne seca, vinhos, queijos, sorvetes e doces coloniais. ",,Rural,,(41) 3635-1020,,,rogerioobiava@hotmail.com,@peskpaguebeirario,-,-,Ter à Sex:12:00h às 18:00h; Sáb e Dom: 9:00h às 18:00h,,,13Km até o aeroporto; 14 Km até o centro;  6 Km até a BR 277,,,,,,,,Não,,,,
Pesque e pague Cachimbo,Volume I,204,166,3,1,15,Lazer,Atividades Esportivas,"Rua João Bortolan, 257",Costeira,83085-060,"-25.57349128576127, -49.10597393249822",É  um   dos maiores e mais tradicionais  espaços de lazer para a família dos apreciadores da pesca. Oferece um amplo espaço para pescaria e uma lanchonete  que serve  porções e salgados.,"Destaque para o espetinho de peixe com queijo, um dos pratos em destaque no festival da tilápia.  Atrai também o público feminino. Os clientes também podem  adquirir filés de tilápia fresquinhos e produtos coloniais para levar para casa.",Rural,,(41) 3635-1179,-,-,-,@peskpaguecachimbo,-,-,Seg a Seg: 09:00h às 18:00h. Funciona em feriados. Costuma  fazer recesso entre Natal e Ano Novo.,"Pesca e pague, bar e lanchonete, oferece  porções de peixe, postas, lambari, batata, bolinho de aipim com carne seca, mandioca, camarão, calabresa, polenta e frango, bebidas e salgados.",Sim,12 Km do aeroporto;  13 Km do centro;  6 Km da BR 116,Pescaria de tilápia; espetinho de tilápia com queijo participante do Festival da Tilápia. Premiado como melhor Pesca e pague - Lanchonete do ano 2022.,,Sim,3000 pessoas,Não permite animais domésticos,"Pesca de tilápia, espetinho e filé de tilápia fresca",,Não,,,,
Pesque e pague Dissenha,Volume I,205,167,3,1,16,Lazer,Atividades Esportivas,R. Gerônimo Grebogi,Contenda,83149-899,"-25.67315304053639, -49.14524534595409",O Pesque e Pague Dissenha é um local com uma proposta de oferecer lazer para toda a família e/ou ainda se reunir com  amigos.,"Possui 8 tanques de pesca (tilápia, carpa, traíra, bagre, lambari), quiosques com churrasqueiras, parquinho infantil, salão para eventos, campo de futebol, bosques e lanchonete com porções variadas.",Rural,(41) 99242‑8481,(41) 3634-1236,,,,,www.borapescar.com/pesque-e-pague/pesque-e-pague-dissenha/,,Qui à Seg: 08:30h às 18:00h; Ter e Qua: Fechado,"Lanchonete com diversas e deliciosas porções, tais como mandioquinha, batata frita, kibe recheado com queijo, isca de frango, filés de tilápias fritos, camarão fritinho, anéis de cebola e outros.",,25 Km do aeroporto; 20 Km do centro; 550m até a BR 376,,,,,,,,Não,,,,
Pesque e pague do Didi,Volume I,206,168,3,1,17,Lazer,Atividades Esportivas,"Rua Elias Pedro Saad, 40",Campina,81935-420,"-25.57712371183915, -49.189639452702274","O local  combina lazer e gastronomia, oferecendo restaurante com  comida caseira, porções e cerveja gelada, além da  pescaria. Às sextas-feiras, realiza um animado Happy Hour com moda de viola a partir das 20:00 e feijoada aos sábados.","Além disso, o local  é palco de diversos eventos e disponibiliza locações de churrasqueiras e espaços para eventos. É um dos mais antigos da região e um dos destaques do restaurante é o Abacaxi do Didi, que atrai pessoas de  longe para apreciar.",Rural,(41)9 9667-4908,(41) 3282-4564,-,-,-,@pesque-e-pague-do-didi,-,-,"Pesca/Quiosques: Seg a Dom: 9:00h às 18:00h; -Piscinas: Seg a Dom: 10:00h às 18:00h
Restaurante: Sab. Dom e Feriados: 11:30h ás 15:00h","04 tanques com carpas, tilápias e bagres; 03 piscinas adulto/infantil;
bosque com Playground; churrasqueiras; bar e restaurante; lanchonete,
03salões de festas para locação, música ao vivo.",Sim,9 Km até o aeroporto;  7 Km até o centro; 900m até a BR 376,Eleito melhor pesca e pague de 2023 da cidade. Abacaxi do Didi,-,Sim,-,Não pode devolver o peixe depois de fisgá-lo com o anzol,Pesca e pague e área de lazer,,Não,,,,
Pesque e pague Papanduva,Volume I,207,169,3,1,18,Lazer,Atividades Esportivas,R. São Josemaria Escrivá,Área Rural,,"-25.617779623790035, -49.044298067869676","Pesca e Pague Papanduva é um local tanto para quem gosta de pescar com lagos com tilápias e carpas, quanto para quem busca apenas relaxar. Possui áreas verdes, deck de madeira e um ambiente familiar.",,Rural,(41) 98830-8849,,,,,,www.borapescar.com/pesque-e-pague/pesque-e-pague-papanduva/,,Qui a Dom: 8:00h às 20:30h; Seg a Qua: Fechado,"O local conta com amplo estacionamento, oito tanques de pesca onde é possível capturar tilápias, carpas, traíras, bagres e lambaris, além de bosque e quiosques com churrasqueiras. As crianças têm à disposição um parquinho. Possui  um salão para eventos e um campo de futebol e  lanchonete.",,21 Km até o aeroporto;  21 Km até o centro; 13 Km até a BR 277,,,,,,"tilápia, carpa, traíra, bagre, lambari",,Não,,,,
Pesque e Pague Recanto das Flores,Volume I,208,170,3,1,19,Lazer,Atividades Esportivas,"R. São Josemaria Escrivá, 2071","Rio Pequeno, colônia Gamelas",83085-344,"-25.60642160889435, -49.087562009111046","Oferece pesca de tilápias, carpa cabeçuda, traíra e  dourado. O local proporciona  tranquilidade e contato com a natureza  para quem gosta de pescar com a família ou simplesmente passar o dia.","O local possui uma estrutura elogiada pelo público feminino. Seu restaurante oferece diversas opções de porções, que podem ser acompanhadas por sucos e uma variedade de caipirinhas de diferentes frutas. Também conta com várias opções de entretenimento para crianças.",Rural,(41)9 9159-0466,,-,-,recantodasfloressjp@gmail.com,@pesquepaguerecantodasflores,-,Aceita encomendas  para a Semana Santa.,"Sáb, Dom e Feriados: 08:30 às 18:00h; Seg a Sex: Fechado; Fecha no domingo de Páscoa,  Natal e férias coletivas de final de ano.","Deck com mesas ao ar livre com vista para o lago, pedalinho, área de lazer para crianças; oferece música ao vivo aos domingos,  salão amplo e arejado, bosque,",Sim. ,16 Km até  o aeroporto; 16 Km até o centro; 14 Km até a BR 376;,"É muito elogiado pelo público feminino; possui paisagismo bem cuidado; oferece 9 opções de caipirinha, sendo a capirinha de  morango e a de abacaxi com uva as mais pedidas.",-,Sim,-,-,Pesca e pague para toda a família,-,Não,-,-,-,
Pesque e pague Restaurante  Arujá,Volume I,209,171,3,1,20,Lazer,Atividades Esportivas,"R. José Francisco Negoseki, 65",Colônia Zacarias,83020-838,"-25.581198907404012, -49.20741994716699","É o pesque e pague mais antigo da cidade, iniciou suas atividades em 1993. Iniciou com a criação de peixe e depois agregou valor ao negócio com a inauguração de um restaurante e lanchonete com receitas autorais. O espaço é amplo,  rústico e  familiar.","Oferece pesca de lamparis, tilápias,  carpas e bagres, de acordo com estações do ano.  Possui estrutura para limpeza do pescado e aluguel de equipamentos. Há espaço para crianças, restaurante e lanchonete. Realiza eventos.",Rural,(41)9 9194-4280,(41) 3586-1362,,Roberto Dirceu Pampu,,@pesquepaguearuja,-,Aceita reserva para eventos.,"Sáb, Dom e Feriados: 08:00h às 18:00h; Noite do Pastel: 2a Sexta-feira do mês, à partir das 18:00h.","Lanchonete, restaurante que serve porções, pratos a la carte,  peixe frito na hora,  equipamentos para tilápias,  pesca de lambaris, tilápias, carpas e bagre;  aluguel de varas, parquinho para crianças,",Sim,"9 Km até o aeroporto;  7,5 Km até o centro; 2 Km até a BR 376","Estrutura completa para pescadores. Restaurante:  tilápia inteira, espetinhos, pratos fritos na hora.",,Sim,,Não aceita carro com som alto. Ver regras específicas para pescadores com a gerência do local.,"Pesca de  lambaris, bagres, tilápias e carpas",Risoto de tilápia na quaresma;  Risoto de tilápia com pinhão durante o festival do pinhão.,Não,,,,
Pesque e pague Restaurante Hono-Rios,Volume I,210,172,3,1,21,Lazer,Atividades Esportivas,"Rua do Piquete s/n, próximo ao entrocamento com a R. Gralha Azul",Miringuava,83090-990,"-25.63030534042649, -49.223186250262444","Seguindo  a tradição da família, esse pesque e pague  pertence ao Roberto Dirceu Júnior, filho do Sr. Roberto, criador do mais antigo pesca e pague da cidade. É um ambiente rústico, familiar que funciona aos finais de semana e feriado","O local oferece pesca de lambaris, tilápias,  carpas e bagres, de acordo com estações do ano.  Tem cancha  de futebol e parquinho para crianças.",Rural,(41)9 9124-4210,(41) 9187-8550,,Roberto Dirceu Pampu junior,,@pesque_pague_honorios,-,-,"Sáb, Dom e Feriados: 08:00h às 18:00h;","Lanchonete, restaurante que serve porções, pratos a la carte,  peixe frito na hora,  equipamentos para tilápias,  pesca de lambaris, tilápias, carpas e bagre;  aluguel de varas, parquinho para crianças,",Sim,"16,7 Km até o aeroporto; 14 Km até o centro, 9 Km até a BR 376","Pesca e área de lazer para família, mesas em área coberta. Restaurante  oferece pratos e porções. Destaque para tilápia inteira, postas ou filé, camarão frito e sashimi.",,Sim,,Não aceita carro com som alto. Ver regras específicas para pescadores com a gerência do local.,"Pesca de  lambaris, bagres, tilápias e carpas. Restaurante: camarão frito, pratos de tilápia, sashimi",Sim,Não,,,,
Pesqueiro Capão de Pinho,Volume I,211,173,3,1,22,Lazer,Atividades Esportivas,"Rua Servidão, S/N",Agaraú,81450-400,"-25.621365059993977, -49.25693528201369","Criado em 2000 em uma área de capão (bosque) de pinho.  O local é muito bem cuidado e possui muitas opções de lazer para quem vai como acompanhante. Oferece diversas churrasqueiras, sendo parte coberta e parte não coberta.","Aos finais de semana possui  uma lanchonete para atender o público. Opção para realizar  aniversário de crianças. Os pescadores encontram carpa (principalmente no inverno), tilápia (no verão), bagre, eventualmente o pacú.",Rural,(41)9 9802-9782,,,,,@capao_do_pinho,,Funciona por ordem de chegada.,"Seg a Dom: 07:00h às 18:00h; Lanchonete: somente Sáb, Dom e Feriados. Consultar sobre reserva para aniversário de crianças.","Infraestrutura completa para pescadores, churrasqueiras, amplo gramado,  área de bosque, riacho com local para banho seguro para a criançada, 2 campos de futebol e  7 de vólei.",Sim,17 Km do aeroporto; 14 Km do centro; 2 Km da BR 116,"Área de lazer e pesqueiro, com riacho para área para  banho",,,300 pescadores,Não é permitido carros com som alto.,Pesca e pague com ampla área de lazer  para toda a família,,Não,,,,
Pesqueiro São José,Volume I,212,174,3,1,23,Lazer,Atividades Esportivas,"Rua José Francisco Negoseki, 298",Colônia Zacarias,83020-838,"-25.58235577037565, -49.21793726315238","É uma área de pesca e lazer para toda a família criada pelo Sr. Carlos Casturino,  um entusiasta da pesca, que resolveu  transformar o entusiasmo em um negócio. Possui um restaurante famoso pelos espetinhos e porções.",A área é ampla e a  pesca principal é a carpa cabeçuda.   Os pescadores podem escolher por área de sombra ou sol e o local é ocupado por ordem de chegada.  Promove campeonatos entre os pescadores. É cobrado uma diária que dá direito à cotas  de pescaria.,Rural,(41)9 9929-0772,(41) 3349-0422,,Carlos Castorino/Wesley dos Santos,wesleyysantos0102@gmail.com,@pesqueirosjose,,-,Seg à Dom: 06:00h às 17:30h. Horário pode variar no inverno ou em feriados.,"Restaurante, lanchonete, banheiro, wi-fi, estacionamento amplo, área de sombra, venda de iscas, campeonato de pesca",Sim,"9,4 Km do aeroporto;  6,3 Km do centro; 2 Km da BR 376","Porções de tilápia frita,  espetinhos, qualidade dos peixes",-,Sim,50 pescadores,Não é permitido carros com som alto.,Pesca esportiva de carpa cabeçuda,-,Não,,,,
Pesqueiro Velha Olaria,Volume I,213,175,3,1,24,Lazer,Atividades Esportivas,"R. Arcidio Claudino Barbosa, S/N. A entrada fica  cerca de  873m da Rua Arcídio Claudino Barbosa, no caminho do Pesca e Pague Capão do Pinho -  Área Rural",Agaraú,83181-000,"-25.625131981378217, -49.257725742618184","Localizado próximo ao famoso pesqueiro Capão do Pinho, foi construído no terreno da família Zilotto, onde anteriormente funcionava uma antiga olaria.","Este local tranquilo e de ambiente familiar oferece uma estrutura ideal para pescadores que buscam sossego, além de uma área de lazer para suas famílias.",Rural,(41)9 9114-2168,,-,,,@velha_olaria; @pesqueiro_velha_olaria,-,-,"Ter à Dom: 06:30 às 18:00h; Seg: Fechado. Fecha também nos Dia dos Pais, Dia das Mães, Natal e Ano Novo.","Possui uma lanchonete simples que oferece  bebidas, porções, sorvetes e geladinho gourmet; mesa de sinuca; quiosques com churrasqueira, quatro tanques para pesca,  pedalinho; pesca de carpa cabeçuda,  tilápia, bagre catchfish.",Sim,19 Km até o aeroporto; 16 Km até o centro; 15  Km até a BR 116,-,-,sim,-,"Proibido som alto,  usar ração de coelhos e gatos para a pesca; proibido também pastilhas com corrantes.",Pesca e lazer para a família,,Não,,,,
Rota cicloturística Caminho do Vinho,Volume I,214,176,3,1,25,Lazer,Atividades Esportivas,Área Rural Cento-sul do Municipio, -, -, -,"São 64 km de percurso, passando por asfalto, estrada de terra batida e, especificamente na parte do Caminho do Vinho, em paralelepípedos.",,Rural,,,,,,,,,,,,"A rota tem inicio no aceso a Contenda, na BR 376 Km 629. Por ser circular pode ser percorrida a partir de qualquer ponto.",,,,,,,,Não,,,,
Rota cicloturística Camomilas,Volume I,215,177,3,1,26,Lazer,Atividades Esportivas,Área rural ao sudoeste do município e uma pequena parte no município de  Tijucas do Sul, -, -, -,"São 58 km, parte em asfalto, parte em terra batida e parte em paralelepípedos na área da Colônia Marcelino.",,Rural,,,,,,,,,,,,"A rota tem início na BR-376, no km 629, no acesso à Contenda. Por ser uma rota circular, pode ser iniciada a partir de qualquer ponto do percurso.",,,,,,,,Não,,,,
Rota cicloturística Colônia Castelhanos,Volume I,216,178,3,1,27,Lazer,Atividades Esportivas,"Área Rural ao Suldeste do município, no vale da Colônia  Santos Andrade e Castelhanos", -, -, -,"São 37 km de percurso de ida para a colônia, quase todo em descida pelo vale da Serra do Mar. Não é um circuito circular. Se desejar retornar pela mesma rota, serão  37 km de  subida. O desnível começa a 948 m de altitude na Panificadora Nogueira, na BR-376, passa pelo ponto mais alto próximo ao mirante do Morro Redondo, com 1.095 m, e termina no Bar do Lima, na Colônia Castelhanos, a 257 m de altitude.",,Rural,,,,,,,,,,,,"A rota tem inicio na panificadora Nogueira, no último retorno antes do pedágio, na BR 376, Km 634",,,,,,,,Não,,,,
Rota cicloturística Olarias,Volume I,217,179,3,1,28,Lazer,Atividades Esportivas,Área rural ao oeste do municipio, -, -, -,"São 45 km, parte em asfalto, parte em terra batida e parte em paralelepípedos.",,Rural,,,,,,,,,,,,"A rota tem inicio no aceso a Contenda, na BR 376 Km 629. Por ser circular pode ser percorrida a partir de qualquer ponto.",,,,,,,,Não,,,,
Rota cicloturística Pinheiro Seco,Volume I,218,180,3,1,29,Lazer,Atividades Esportivas,Área rural ao leste do municipio, -, -,,"São 28 km, parte em asfalto e parte em terra batida. É uma rota circular e pode ser percorrida a partir de qualquer ponto.",,Rural,,,,,,,,,,,,"A rota tem inicio pela BR 277 a partir dos dois ultimas saidas de caminho de terra a direta em direção ao litoral, antes de chegar ao pedágio.",,,,,,,,Não,,,,
Praça do Skate  (Praça do Verbo Divino),Volume I,219,181,3,1,30,Lazer,Atividades Esportivas,"R. Veríssimo Marques, 55",Centro, 83005-410,"-25.53345113879976, -49.204708946161524","Praça dedicada à prática de Skate , reúne os apreciadores do esporte durante toda a semana.",,Urbana,,,,,,,,,,,,5 Km até o aeroporto; encontra-se no centro;  5 Km até a BR 376/BR 116,,,Nas ruas laterais.,,,,,Não,,,,
Vila Hipica Murici,Volume I,220,182,3,1,31,Lazer,Atividades Esportivas,"Rua Doutor Murici, 2363 ",Colônia Murici,83015-290,"-25.573784056110988, -49.1397061615025","Oferece uma experiência completa para apreciadores de cavalos e da natureza. Localizada próximo ao Aeroporto Afonso Pena, o espaço disponibiliza aulas de equitação e hipismo, serviços de estabulagem para cavalos e também a oportunidade de desfrutar de um ambiente integrado à beleza natural da região turística da Colônia Murici.",,Rural,(41) 99203-2121 ,,,,comercial@vilahipicamurici.com.br,,www.vilahipicamurici.com.br,,"Seg  à Sáb: 8:00h-12:00h; 14:00h às 18:00h;
Dom: 8:00h às 12:00h",,,9 Km até aeroporto; 9 Km até o centro; 3 Km até a BR 116,,,,,,,,Não,,,,
,Volume I,221,,,,,,Eventos,,,,,,,,,,,,,,,,,,,,,,,,,,,Não,,,,
Aurora Eventos,Volume I,222,183,3,2,1,Lazer,Eventos," R. José Francisco Negoseki, 4329",Zacarias, 83020-838,"-25.582198991431692, -49.21221883978988","Está localizado na Rota das Colônias. Oferece uma combinação de estrutura moderna com um ambiente tranquilo e integrado à natureza. É uma opção adequada para encontros corporativos, treinamentos, workshops, palestras e confraternizaçõe, incluindo eventos familiares. Sua localização estratégica, próxima ao centro da cidade e ao Aeroporto facilita o acesso de equipes vindas de diferentes regiões.","Com foco na personalização, o espaço conta com uma equipe especializada na organização de eventos empresariais, oferecendo serviços adaptáveis a diferentes formatos e tamanhos de grupos. O ambiente favorece a troca de ideias, o fortalecimento de vínculos e a boa experiência dos participantes.",Rural,(41)99113-8986,,,,form.respondi.app/zCmOsDbT  (formulário para contato), @auroraevenntos,,,,,,,Local para quem busca exclusividade e sofisticação.,"20,2",Sim,130 pessoas sentadas,,,,Não,,,,
Belliti - Chácara de eventos,Volume I,223,184,3,2,2,Lazer,Eventos,"Rua do Piquete, 120  83005-970",Miringuava,83005-970,"-25.628423895991688, -49.22469901614687",O local possui uma  arquitetura moderna com toque rústico  que harmoniza   vidro e madeira em um charmoso chalé. A área total é de  aproximadamente   1000m². Inclui  um lindo jardim para cerimônias  ao ar livre e um salão  para  recepção.,"Ideal para  apresentações, casamentos, festa de quinze anos,  cerimônias  externas,ensaios fotográficos.",Rural,(41)9 8705-9022,(41) 9829-7646,,,,@chacarabelliti,https://bit.ly/BELLITISJP,Sim,De acordo com o evento,"Salões de banquetes, jardins, cozinha para uso do buffet, pista de dança, serviço de recepção e cerimônia",Sim,"16 Km até o aeroporto; 13,4 Km ate o centro; 9,4 até a BR 376","Arquitetura que combina o moderno e o rústico, jardim  de beleza cênica.",,Sim,Salão para 250 pessoas,Cerimônias podem ir até as 03:00h,Eventos,,Não,,,,
Caprini  Malhada - Chácara de eventos,Volume I,224,185,3,2,3,Lazer,Eventos,Tv. São Francisco de Assis,Área Rural,83005-150,"-25.64349958639061, -49.09512833383175","A chácara oferece 24.000 m² de área bem cuidada e uma estrutura completa para celebrações. Com salão climatizado, cozinha industrial, som e iluminação, gerador a diesel, espaços ao ar livre para casamentos, piscina, campo de futebol, lagos e jardins.",,Rural,(41) 99507-5912,,,,, @caprinieventos,https://bit.ly/CAPRINISJP,,,,,27 Km até o aeroporto;  26 Km até o centro; 11 Km até a BR 376,,,,,,,,Não,,,,
Chácara Bella Vitte,Volume I,225,186,3,2,4,Lazer,Eventos,Rua Julio César Setenareski 2750,Costeira,83085-290,"-25.56977126701923, -49.12420703004085","Espaço acolhedor e versátil localizado na Rota do Vinho. Possui estrutura planejada para receber eventos como casamentos, festas de 15 anos, confraternizações e hospedagens em grupo. A chácara também funciona como pousada, oferecendo conforto e tranquilidade do ambiente natural. O local é reconhecido por sua paisagem encantadora, que inclui lagos, bosques, uma capela, gazebo e pontes, compondo um cenário ideal para celebrações memoráveis e momentos de descanso em harmonia com a natureza",,Rural,(41)996166002,,,,, @chacarabellavite,www.casamentos.com.br/chacara-casamento/chacara-bella-vite--e431666,,,,,11 Km até o aeroporto; 11 Km até o centro; 4 Km até a BR 116,Crianças até cinco anos não pagam; crianças entre 5 e 10 anos pagam metade do valor do adulto.,,Sim,200 pessoas,Atendimento somente para grupos fechados a partir de 15 pessoas. ,,,Não,,,,
Espaço Namata,Volume I,226,187,3,2,5,Lazer,Eventos,"Rua Marcos Foggiatto, 121",Aristocrata,83030-162,"-25.53656434300641, -49.21148827918196","Construído para conectar pessoas com a natureza, está localizado em uma área de Mata Atlântica com nascentes preservadas, proporcionando ambientes internos e externos para atividades e treinamentos, palestras e confraternizações.","Possui uma  arquitetura contemporânea  inserida em uma  mata de araucárias. É procurada para  eventos corporativos e celebrações. Possui um domo geodésico para vivências, espaço gourmet e cozinha profissional.",Urbana,(41)9 9236-9257,(41) 3058-3888,,,administrativo@espaconamata.com.br,@espaconamataeventos,www.espaconamata.com.br,Sim,-,"Espaço com pergolado para recepção, amplo salão com vista panorâmica;  terraço, domo geodésico,  suíte para noiva, suíte para o noivo, gramado, cozinha profissional,  espaço gourmet.",Sim,"5,4 Km do aeroporto; 2,4 Km do centro;  3 Km da BR 376","Arquitetura contemporânea rodeada por mata de araucárias;  Selo ""Empresa Amiga da Mata Atlântica"" concedido pela RBMA/MaB/UNESCO",,Sim,,,Eventos corporativos e cerimônias em espaço conectado com a natureza,,Não,,,,
Jack Music Bar,Volume I,227,188,3,2,6,Lazer,Eventos,"R. Pedro Môro Redeschi, 177",São Pedro,83005-060,"-25.544949927405032, -49.199035744554855","Bar com ambiente descontraído, decoração acolhedora e estrutura preparada para música ao vivo. Oferece uma programação regular de shows, eventos temáticos, aulas de dança, e promoções especiais de chope.  Ambiente casual e animado.",,Urbana,(41) 99943-0503,,,,, @jackmusicbar,,,Ter à Dom: 18:00h às 02:00h; Seg: Fechado,,,5 Km até o aeroporto;  encontra-se no centro; 5 Km até a BR 376,,,Sim,,,,,Não,,,,
Livale Eventos Corporativos,Volume I,228,189,3,2,7,Lazer,Eventos,"Rua Julio Cesar Setenareski,2425",Colônia Mergulhão,83015-280,"-25.569545457333952, -49.12470600803704","Localizado no Caminho do Vinho, o espaço é uma chácara versátil, ideal para a realização de eventos corporativos, formaturas, confraternizações e celebrações familiares de alto padrão. O ambiente é moderno e clean. Com estrutura completa, oferece assessoria e cerimonial para casamentos, além de buffet com bebidas não alcoólicas, serviço de garçons, doces tradicionais e bolo de corte."," Conta com áreas internas e externas integradas, permitindo a realização de cerimônias e festas no mesmo local.  O atendimento exclusivo associado à variedade de ambientes que inclui espaços internos e áreas externas em contato com a natureza, torna a experiência dos clientes reconhecidamente como memoráveis.",Rural,(41) 98845-1461,,,,livaleneventos@hotmail.com, @ivaleneventos,https://www.casamentos.com.br/salao-casamento/livalen-eventos--e345496,Sim,De acordo com o evento.,"O ambiente possui um  salão espaçoso, duas portas de entrada, quatro banheiros, um espaço com berço para crianças e cozinha equipada para atender à equipe de buffet. ",,"10 Km até o aeroporto;  10,5 Km até o centro;  4 Km até a BR 116",,,Sim,pacotes para 100 convidados,,Eventos de alto padrão; exclusividade,,Não,,,,
Pellanda - Lazer & Eventos,Volume I,229,190,3,2,8,Lazer,Eventos,"R. José Zancheta Filho, 1837",Campina do Taquaral,83021-430,"-25.602298253234874, -49.218146287487386","A chácara possui uma área de 100 mil m² e conta com extensa área verde, lagos artificiais, bosque e um grande salão para eventos. Há cinco gerações, o local pertence à família do Sr. Clodoaldo José Pellanda.","Anteriormente, a área era utilizada para extração de areia e foi gradualmente transformada pelo Sr. Clodoaldo em uma referência local para a realização de eventos. A chácara recebe  diversos eventos tais como como encontros corporativos, casamentos, anive",Rural,(41)9 9891-1275,(41) 3282-0934,-,Clodoaldo José Pellanda,chacarapellanda@outlook.com,@ChacaraPellanda,www.rotadascolonias.com.br/associado/chacara-pellanda,Reservas devem ser feitas pelo whatsapp.,-,"Possui lagos artificiais, bosque, extensa área verde  e  um grande salão de festas de eventos com 1.000m² equipado com ampla  cozinha de 80m², bar, churrasqueira e banheiros;  estacionamento amplo e dispõe de equipe de brigadistas.",,"12,5 Km até o aeroporto; 9 Km até o centro; 5 Km até a BR 376",Amplo salão para eventos com 630m2 para mesas e cadeiras.,,Sim,500 pessoas sentadas,-,Eventos,-,Não,,,,
Rancho Ponderosa - Equosorriso,Volume I,230,191,3,2,9,Lazer,Eventos,"Rua Antonio Greboge, 3493",Colônia Malhada,83190-870,"-25.656639735671344, -49.120053336247594","O rancho  é um local de referência na integração entre o cuidado humano, o cavalo e a natureza. Abriga a EquoSorriso – uma organização não governamental dedicada à Equoterapia e à Equitação Lúdica, voltada ao atendimento de crianças com síndrome de Down, adolescentes, adultos e profissionais com sintomas de depressão ou síndrome de Burnout. As atividades são realizadas ao ar livre, em meio à natureza, promovendo estímulos sensoriais que favorecem o desenvolvimento motor, cognitivo e emocional dos praticantes.  ","A EquoSorriso foi fundada em 23 de setembro de 2013 pela família Collect, como parte de um processo de ressignificação do luto. Após o falecimento de Rúbia, irmã da proprietária Rosana Collect, a família encontrou um projeto de equitação deixado por ela e decidiu dar continuidade ao seu legado, transformando o local em um centro terapêutico. Desde então, mais de 600 pacientes, a partir dos dois anos de idade, já foram atendidos em sessões de equoterapia.Local indicado para eventos diurnos. É apreciado por suas belas paisagens.",Rural,(41)9 9867-2932,(41) 9753-4439,-,Rosana Colléct,gestaoadm@equosorriso.org.br, @chacara-rancho-ponderosa; www.youtube.com/watch?v=bdz278-NSg0,https://www.equosorriso.org.br/,-,Seg a Sáb: 08:00h às 12:00h e das 13:30h às 17:30h; Fecha domingo e feriados.,"A organização conta com uma equipe multidisciplinar formada por fisioterapeutas, psicólogos, pedagogos e equitadores, além de picadeiros adaptados e cavalos treinados para a intervenção terapêutica. Também oferece o cenário ideal para eventos diurnos e cerimônias ao ar livre. Salão para eventos, área de camping, atividades de equinoterapia.",,"21 Km ate o aeroporto; 20 Km até o centro; 3,9 Km ate a BR 376","Paisagismo com extenso gramado e pinheiros. Recebe eventos como passeios pedagógicos, visitas técnicas e ações de voluntariado corporativo; Encontros temáticos e workshops sobre saúde, equitação e educação inclusiva.",,Sim,Possui um salão para 250 pessoas e outro para 100 pessoas,"Local somente para eventos com finalidade eneficente, institucional ou educativa.","Espaço para eventos, equitonerapia, camping,",,Não,-,-,-,
Recanto Tamanini,Volume I,231,192,3,2,10,Lazer,Eventos,"R. José Roncaglio, s/n",São Sebastiao,83075-014,"-25.538952150266823, -49.10264463982441","A chácara oferece estrutura para eventos tais como casamentos,  aniversários, eventos corporativos e retiros. Possui espaço verde bem cuidado e também um casa para locação para até 15 pessoas.",,Rural,(41)9 9782-5978,,-,-,gi.tamanini@hotmail.com,@recantotamanini,,"Sim, Para cerimônias, as reservas podem ser feitas pelo whatsapp. A locação da casa pode ser feita pelo AirbnB",-,Casa para locação e salão de festas para pequenos eventos de até 150 pessoas,Sim.,17 Km até o aeroporto;  15 Km até o centro; 2 Km até a BR 277,-,-,Sim,150 pessoas,Atende pequenas formaturas,eventos sociais,,Não,,,,
Rendoke eventos,Volume I,232,193,3,2,11,Lazer,Eventos,"R. Felipe Rendoke, 431",Contenda,83116-010,"-25.683567269233983, -49.14179821016204","O espaço conta com uma estrutura moderna em meio à natureza. Oferece uma estrutura completa para receber eventos infantis e corporativos com conforto e praticidade. Conta com churrasqueiras internas e externas, além de um salão fechado com capacidade para até 100 pessoas. Estão disponíveis mesas e cadeiras, que podem ser escolhidas entre os modelos em madeira ou plástico, conforme a necessidade do evento.",x,Rural,(41) 98740-5432,,,,,,https://espacorendoke.com.br/,,,"A estrutura inclui uma cozinha industrial equipada, área de buffet, bar com geladeira e cervejeira, além de banheiros amplos e modernos ambos com fraldário. Para atividades esportivas, o espaço oferece um campo de futebol suíço com vestiários equipados com chuveiros aquecidos, proporcionando conforto e funcionalidade aos usuários.",Sim,33 Km do aeroporto; 31 Km até o centro;  1 Km até BR376,,,Sim,Salão para 100 pessoas,,eventos infantis e corporativos,,Não,,,,
,Volume I,233,,,,,,Parques  e Passeios,,,,,,,,,,,,,,,,,,,,,,,,,,,Não,,,,
Bosque da Usina (Bosque do Coelho),Volume I,234,194,3,3,1,Lazer,Parques  e Passeios,"Bosque ao lado da Usina da Música, R. Veríssimo Marques, 299 ",Centro, 83005-410,"-25.532156189890046, -49.20680273024187","Localizado ao lado da Usina da Música, no centro da cidade, o espaço é um pequeno bosque que oferece contato com a natureza, permitindo caminhadas leves e momentos de lazer infantil em meio ao ambiente urbano. O local também é palco de ações comunitárias e eventos pontuais, como mutirões de manutenção realizados por voluntários.
","Durante a Páscoa, passou a sediar o evento “Bosque do Coelho”, uma celebração gratuita com apresentações culturais voltadas especialmente para as crianças. O bosque recebe uma decoração temática e um grande coelho é instalado no centro do espaço. Com o sucesso do evento, o local passou a ser carinhosamente conhecido pela comunidade como Bosque do Coelho.",Urbana,x,x,x,x,x,x,x,x,,"Possui um parquinho infantil, algumas mesas para jogos",Sim,6 Km até o aeroporto; encontra-se no centro;  5 Km até a BR 376,Bosque do Coelho - evento que ocorre na Semana Santa,,Sim,,O evento Bosque do Coelho não funciona na Sexta-Feira Santa,,,Não,,,,
Bosque do Vovô,Volume I,235,195,3,3,2,Lazer,Parques  e Passeios,"R. Eliud Alves Pereira, 310 ",Rio Pequeno,83085-392,"-25.54006875686309, -49.15500703957833","É um parque urbano  localizado no bairro Rio Pequeno. Possui  mata nativa,  trilhas de caminhada, academia para a terceira idade e palco para apresentações culturais, parquinho infantil e churrasqueiras.  Além de ser um espaço de lazer para famílias e idosos, o bosque recebe eventos pontuais  tais como o Domingão do Rock e  encontro de motos e trikes.",,Urbana,x,x,x,x,x,x,x,x,,"Possui trilhas de caminhada, academia para a terceira idade, parquinho infantil e churrasqueiras.",Sim,5 Km até o aeroporto; 4 Km até o centro;  1 Km até a BR 116,,,"Sim, nas ruas laterais",,,,,Não,,,,
Calçadão da Rua XV,Volume I,236,196,3,3,3,Lazer,Parques  e Passeios,Ao longo da Rua XV,Centro,,"-25.535753498066278, -49.20635023853753","Rua exclusiva para pedestres, localizada no centro comercial da cidade, é considerada o centro popular do município. Proporciona um passeio pelo comércio local e, ao mesmo tempo, um percurso pelo centro histórico, conectando pontos de interesse como a Praça Getúlio Vargas, a Igreja Matriz, a Biblioteca Municipal Scharffenberg de Quadros, o Museu Municipal Atílio Rocco e o Centro Cultural João Senegaglia. É um dos principais pontos de encontro da região central.","O entorno é movimentado, com cafés, lojas, sorveterias e estabelecimentos comerciais que complementam a experiência.
Trata-se de um passeio urbano que valoriza a convivência, a cultura e a história local.",Urbano,x,x,x,x,x,x,x,x,,"O espaço conta com infraestrutura acessível, incluindo bancos, floreiras, iluminação urbana e piso adaptado, oferecendo conforto e segurança aos pedestres. Além de ser um local agradável para caminhadas e momentos de descanso, o calçadão recebe feiras de artesanato, eventos culturais, rodas de conversa e apresentações musicais ao longo do ano.",Sim,"4,5 Km até o aeroporto;  encontra-se no centro; 4,5 Km até a BR 376",,,"Sim, nas ruas laterais",,,,,Não,,,,
Caminho do vinho,Volume I,237,197,3,3,4,Lazer,Parques  e Passeios,R. Julio Cesar Seterenesky,Colônia Mergulhão,,"-25.57201256640889, -49.14684728585993","Roteiro rural que proporciona um mergulho na cultuira italiana. Reune cafés coloniais, restaurantes, espaços de lazer e eventos, agroindustrias e diversos tipos de atrativos de lazer para todas as edades. Além da culinaria o turista pode conhecer a arquitetura colonial através das casas que remontam ao período de fundação da colonia. 
O portal que marca a entradea do caminho do vinho foi construído em 2007.",x,Rural,x,x,x,x,x,x,x,x,,Uma das mais famosas rotas de turismo rural do Sul do Brasil  que destaca as tradições vinícolas e gastronômicas das colônias italianas.,Sim,"7 Km até o aeroporto; 6 m até o centro; 1,6 Km da BR 116",,,Nas ruas laterais.,-,"O comércio local funciona, em geral, de sexta a domingo. Nos primeiros dias da semana, é raro encontrar estabelecimentos abertos, pois os responsáveis costumam dedicar esse período ao recebimento de fornecedores e à manutenção dos espaços.",Gastronomia italiana.,,Não,,,,
Parque da Fonte,Volume I,238,198,3,3,5,Lazer,Parques  e Passeios,"R. Almirante Alexandrino, 1140","Parque da Fonte,",83040-420,"-25.504771318474006, -49.1812974980252","É uma área pública urbana situado no bairro Parque da Fonte com cerca de 3 hectares. Possui mata nativa, com a presença de  araucárias e pinheiros. O parque oferece ambiente tranquilo  junto à natureza lazer contemplativo,  atividades físicas, piqueniques, observação da fauna e flora e participação em eventos sazonais como apresentações culturais.",Na época do Natal recebe  o tradicional evento da” Casa do Papai Noel” que  reúne centenas de famílias não só da cidade mas também de outros municípios. O evento fez tanto sucesso que o local também passou a ser conhecido como “Bosque do Papai Noel”.,Urbana,x,x,x,x,x,x,x,x,"Diariamente, das 6:00h às 22:00h","O espaço conta com pistas de caminhada, academia ao ar livre, parque infantil, mini palco para apresentações e uma fonte. O parque também abriga a sede de três regionais da Prefeitura de São José dos Pinhais, além de um Centro de Referência da Assistência Social (CRAS). Nesses equipamentos públicos, os moradores têm acesso a diversos serviços, como solicitação da Carteira de Trabalho, emissão da segunda via do IPTU e outros atendimentos voltados ao bem-estar da comunidade.",Siim,6 Km até o aeroporto;  5 Km até o centro;  2 Km até a BR 277,,,"Sim, nas ruas laterais",,,,,Não,,,,
Parque do Polder ,Volume I,239,199,3,3,6,Lazer,Parques  e Passeios,Bairro Cidade Jardim  no limite com o Rio Iguaçú,Cidade Jardim,,Ainda não foi delimitado,"Também denominado Lagoa do Pôlder, é um projeto de parque linear em desenvolvimento, localizado na região da lagoa de contenção do bairro Cidade Jardim. A lagoa foi criada nos anos 2000 com a finalidade de escoamento das águas e destaca-se pelo seu potencial paisagístico e ambiental. ","O projeto tem como proposta transformar a área em um espaço de lazer integrado à natureza, com infraestrutura definida em diálogo com a comunidade local. O objetivo é oferecer qualidade de vida, preservar a biodiversidade existente e evitar ocupações irregulares nas margens da lagoa.",Urbana,,,,,,,,,,"Atualmente, estão sendo realizados o inventário da fauna e flora e o levantamento social da região, etapas fundamentais para a criação de um parque que reflita as necessidades e aspirações dos moradores.",Sim,No momento não se tem dados sobre a localização exata do parque.,"Em fase de projeto. Tanto o Parque Linear quanto o Parque do Pôlder contribuem para a conectividade ambiental, promovendo a restauração das matas ciliares e a requalificação das margens do rio e da lagoa, ampliando os benefícios ecológicos e sociais para a cidade.",,,,,,,Não,,,,
Parque Linear Rio Itaqui,Volume I,240,200,3,3,7,Lazer,Parques  e Passeios,Rua Guarani,Guatupê,83060-076,"-25.49995388289689, -49.130359409211415","O parque foi implantado de forma linear ao longo de 19,8 km, com início na região da Borda do Campo, na intersecção do Rio Itaqui com a BR-277, estendendo-se até os limites do Jardim Itaqui, sempre acompanhando a margem esquerda do rio.","Seu principal objetivo é o controle de cheias e a revitalização ambiental, por meio da recuperação de áreas de preservação permanente ao longo do Rio Itaqui, especialmente aquelas classificadas como de risco socioambiental.",Urbana,,,,-,-,-,-,-,-,O parque ainda está na fase de planejamento.  A localização foi feita por estimativa.,-,"12 Km até o aeroporto; 10 Km até o centro; 1,5 Km até a BR 116",,-,-,-,-,-,-,Não,,,,
Parque Linear Rio Ressaca,Volume I,241,201,3,3,8,Lazer,Parques  e Passeios,Parque ao lado do rio Ressaca do lado leste da Avenida das Torres BR-376,Cidade Jardim,,"-25.524011555045746, -49.19249144054015","O parque está localizado ao longo do Rio Ressaca, abrangendo principalmente a região do bairro Cidade Jardim e áreas adjacentes. Sua implantação tem como objetivo amortecer enchentes e proteger as áreas urbanas contra alagamentos.","A localização é estratégica, pois o trecho do rio contemplado pelo parque concentrava áreas de risco de alagamentos e ocupações irregulares, além de apresentar alto potencial para restauração ambiental e criação de espaços públicos de lazer.",Urbana,,,,,,,,,,"O parque está diretamente relacionado ao Parque do Pôlder, uma vez que ambos integram a Bacia do Rio Ressaca e fazem parte de um sistema conjunto de drenagem, contenção de cheias e recuperação ambiental, planejado pelo município com apoio do Governo Federal.",,"4 Kma do aeroporto; 2 Km do aeroporto;  4, 5 Km até a BR 277","Tanto o Parque Linear quanto o Parque do Pôlder contribuem para a conectividade ambiental, promovendo a restauração das matas ciliares e a requalificação das margens do rio e da lagoa, ampliando os benefícios ecológicos e sociais para a cidade.",,,,,,,Não,,,,
Parque São José - Horto Municipal,Volume I,242,202,3,3,9,Lazer,Parques  e Passeios,"Av, das Torres, 100,",Cidade Jardim,,"-25.5223129304931, -49.2124937614953","O espaço ocupa uma área de aproximadamente 649.000 m² e oferece uma ampla variedade de opções para lazer, contemplação e atividades esportivas. Destaca-se por abrigar o Horto Municipal, o Jardim das Sensações e uma grande lagoa, que tornam o local especialmente atrativo para quem busca contato com a natureza e momentos de tranquilidade.","O parque margeia o Rio Iguaçu, situando-se na divisa entre as cidades de São José dos Pinhais e Curitiba.",Urbana,,(41) 3283-6899,,,,,,,Seg a Dom: 7:00h às 23:00h,"Possui pistas de atletismo de 1.400m e 1.100m, pista de bocha, campo de futebol e quadra de vôlei, playground, academia ao ar livre, um parcão para os pets, churrasqueiras e um grande lago. O local também dispõe de barracas de comida e bebida, incluindo food trucks, e estacionamento para maior comodidade.",,5 Km até o aeroporto;  4 Km até o centro; 7 Km da BR 277;  8 Km até a BR 376,"No parque encontramos obras do artista local Roney Erthal, ""Os Passaros I e II"" feito em azulejos na parede de um dos galpões próximos ao Horto. A obra pode ser apreciada no caminho que leva ao horto.","20,11",,,,,,Não,,,,
Praça dos Missionários do Verbo Divino,Volume I,243,203,3,3,10,Lazer,Parques  e Passeios,"R. Veríssimo Marques, 55 - Centro",Centro,83005-410,"-25.53359964324689, -49.20473638535311","A praça oferece multiplas opções de lazer, desde quadras poliesportivas a pista de Skate. Possui uma pequena galeria de arte a céu aberto e um anfiteatro aberto. Contém as obra ""Imigrantes"" e ""Sociedade do Verbo Divino"" do artista Roney Erthal.",,Urbana,x,x,,,,,,,,,,"4 Km até o aeroporto; encontra-se no centro; 7,5 Km até a BR 277",,,,,,,,Não,,,,
,Volume II,244,,,,,,Registro II,,,,,,,,,,,,,,,,,,,,,,,,,,,Não,,,,
,Volume II,245,,,,,Experiência,,,,,,,,,,,,,,,,,,,,,,,,,,,,Não,,,,
,Volume II,246,,,,,Experiência,,,,,,,,,,,,,,,,,,,,,,,,,,,,Não,,,,
,Volume II,247,,,,,,Turismo ecopedagógico,,,,,,,,,,,,,,,,,,,,,,,,,,,Não,,,,
Ecoguaricana,Volume II,248,204,4,1,1,Experiência,Turismo ecopedagógico,"Estrada  Velha da Guaricana, 500",Área Rural,83115-992,"-25.726499901025672, -49.129269090633635","A Eco Guaricana é uma agência de ecoturismo especializada em experiências imersivas na natureza da Mata Atlântica. Com foco em educação ambiental, promove atividades como trilhas, passeios de caiaque, visitas a reservas naturais e vivências culturais que permitem aos participantes explorar a biodiversidade local e aprender sobre práticas sustentáveis.","Reconhecida como pioneira no etnoturismo no estado do Paraná, a Eco Guaricana destaca-se por oferecer experiências autênticas, como o Road Trip no Parque Nacional Guaricana e no Miringuava, e o Café com Abelhas sem Ferrão. Todas as atividades são planejadas e conduzidas por profissionais qualificados e experientes.",Rural,(41)9964-1974,,,Marcos Rosa Filho,marcos@ecoguaricana.com.br,@ecoguaricana,www.ecoguaricana.com.br,Sim,,"A sede da agência está localizada em uma área de rica biodiversidade e conta com um container para locação para até 2 pessoas, integrado à paisagem da Mata Atlântica. Além do ecoturismo, a Eco Guaricana também atua com consultoria ambiental, apoiando projetos voltados à preservação e ao uso consciente dos recursos naturais.",Não.,25 Km até o aeroporto; 24 Km até o centro; 800 m até a BR 386,,,Sim,,,,,Não,,,,
Rancho Caminho das Águas,Volume II,249,205,4,1,2,Experiência,Turismo ecopedagógico,"R. São Josemaria Escrivá, 3458 - Avencal",Avencal,83085-565,"-25.614080339203813, -49.07874103306926","Propriedade familiar criada em 1878 na região de colonização polonesa, há mais de 20 anos cultiva morangos. Produzr orgânicos, hortaliças, frutas e produtos coloniais. Oferece turismo ecopedagógico, espaço para eventos e diversas atividades ao ar livre.","Possui 20 hectares, sendo 60% de área preservada, possui duas nascentes que formam o córrego Miringuava-mirim, área com trilhas para observação da fauna e flora. Possui  variedade de animais,  proporcionando uma experiência rural.",Rural,(41)9 9135-4575,(41) 9169-2545,-,Gregório Leschnhak; Alexandra Leschnhak,ranchocaminhodasaguas@gmail.com,@ranchocaminhodasaguas,www.ranchocaminhodasaguas.com,"É necessário agendar as visitas. Há opções de meiro período, período integral ou à noite","Opções de visita: 
Meio período: 08:30h às 13:00h ou  13:30h às 18:00h
Período integral: 08:30h às 18:00h
Período da noite: 19:00h às 23:00h","Turismo ecopedagógico, passeio de pônei e cavalo, minhocário, mundo dos insetos, oficina de Alimentação Saudável, ordenha, trilha ecológica, trilha dos sentidos, biofábrica, observação das estrelas, fogueira de mashmallows, brincadeiras,  pomar.","Acessibilidade no espaço receptivo;  Dependendo da possibilidade, fazem adaptações  das atividades para  a criança participar das atividades externas.","17 Km do aeroporto; 17,3 Km do centro; 17,5 Km da BR 277; 14 Km da BR 376","Referência em turismo ecopedagógico,  turismo de experiência, educação ambiental a céu aberto. Atende professores, crianças e famílias, com atividades personalizadas para cada grupo.",Fazenda criada em 1878. Aberto ao turismo pedagógico desde 2011. Aberto para famílias aos domingos desde 2022,Sim,"Eventos:  450 pessoas. 
Grupos escolares:  150 por dia, dividido em subgrupos.",-,"turismo ecopedagógico,  turismo de experiência, educação ambiental,",-,Não,,,,
,Volume II,250,,,,,,Agropequária,,,,,,,,,,,,,,,,,,,,,,,,,,,Não,,,,
Cantina Zanchetta,Volume II,251,206,4,2,1,Experiência,Agropequária,"R. José Zancheta Filho, 3555 -","Campina do Taquaral, Rota das Colônias",83021-430,"-25.611769336404986, -49.20757273389984","Local que convida as clientes a mergulharem na cultura italiana, oferecendo pratos centenários da família Zanchetta tais como polenta cortada no fio e vinho, polenchetta, polenta com frango caipira, proporcionando uma autêntica experiência italiana.","Além de refeições e café colonial ao ar livre em um belo parreiral oferece experiências tais como Café no Parreiral, Merendin, Pisa na Uva, Meu Pé de Parreira, Sapecada de Pinhão. Reúne  sabores, história,  tradição e amor pela cultura italiana.",Rural,(41)9 9965-5494,,,José Zanchetta,cantinazanchetta@gmail.com, @cantinazanchetta; linktr.ee/cantinazanchetta;, www.cantinazanchetta.com.br,Aceita reservas. Recomenda ligar para saber os horários e disponibilidade.,"Sab e Dom: 11:30 às 14:30h (Ligar antes). Realiza a ""Noite italiana"" às quartas-feiras. Consultar programação nas mídias sociais. Fecha na Sexta-Feira Santa.","Wi-fi, mesas ao ar livre  debaixo do parreiral, pequeno museu que conta a história da Família Zanchetta; forno a lenha;  turismo de experiência, lazer ecopedagógico no parreiral,  participa do projeto ""Aulas no Campo""; possui opções vegetarianas e veganas",Sim,"13, 4 Km  (via R. Nestor Negoseke) e 16,6 Km (via R. José Zanchetta Filho) do aeroporto;  11 Km do centro;  7 Km da BR 376","Prêmio Assai Bons Negocios 2019 e 2020, Premio Turismo Sustentável  Audi e Boticário 2023. Oferece kits com batata smiles para crianças. Clientes podem visitar a cozinha",,Sim,Varia de acordo com o evento. Restaurante 120 pessoas; Café no parreiral: 100 pessoas.,Não pode dizer que não quer engordar,Gastronomia italiana,"Sim. Polenchetta, frango caipira tradicional da família",Não,,,,
Chácara das Vaquinhas,Volume II,252,207,4,2,2,Experiência,Agropequária,"R. Vila Nova, 500",Cachoeira,83022-400,"-25.609623835619672, -49.235108449215495","É considerada uma sala de aula à céu aberto, sendo referência em turismo ecopedagógico e gastronomia.  Realiza  eventos corporativos e infantis. Sua proposta inclui vivências afetivas e lojinha com  produtos da agricultura familiar.","Oferece   lazer ecopedagógico e  “Dayuse” em meio à natureza preservada.   equipe de recreação, bosque, interação com animais. Sua gastronomia inclui  o famoso varal de legumes e a premiada costela de fogo de chão.",Rural,(41)9 9815-2946,,-,,chacara@chacaradasvaquinhas.com.br,@chacaradasvaquinhas; @,www.chacaradasvaquinhas.com.br,É necessário fazer reservas.,"Sáb, Dom e Feriados: 11:30s às 17:00h; Recreação infantil: 13:00h as 17:00h","Eventos de gastronomia, ""day use"", eventos corporativos, pergolado, mini-aniversários para até 50 pessoas; pegue e pague de uva, morangos e verduras de acordo com a safra",Sim,14 Km do aeroporto; 11 Km do centro; 6 Km até a BR 376,"Costela de chão, varal de legumes, ""day use"", eventos gastronômicos variados - consultar programação nas mídias sociais",,Sim,,,"Dayuse, eventos, mini-aniversários, costela de chão premiada pelo Bom Gourmet 2022",Sim. Costela de chão,Não,,,,
Chácara Vailati,Volume II,253,208,4,2,3,Experiência,Agropequária,"Rua Nillo Pissaia, 1367",Campina do Taquaral,83021-476,"-25.61065642379963, -49.19407532698364","É conhecida pelo  Café Colonial artesanal  que valoriza as tradições italiana e alemã  e servido  em um ambiente ao ar livre cercado por jardins bem cuidados, horta,  árvores frutíferas e estufas. Possui um bosque para breves caminhadas.","Oferece  experiências  tais como o  “Colha e Pague” de morangos, verduras e uvas em época de safra. O espaço também está disponível para eventos diurnos. Possui salão interno e área ao ar livre, ideal para celebrações.",Rural,(41)9 9196-3343,,-,,mvailati@hotmail.com; marciavailati2@gmail.com,@chacara.Vailati,www.chacaravailati.com; www.rotadascolonias.com.br/associado/chacara-vailati/,Sim,"Café colonial: 2o e 3o domingo do mês, das 11:00h às 16:00h. Colha e pague: durante a temporada. Buscar informações nas mídias. sociais.","Café colonial, mesas nas áreas internas e externas,  programação colha e pague de morangos, verduras e uvas durante a temporada, locação para eventos diurnos, salão para eventos, lojinha de produtos coloniais, caminhada no bosque",Sim,"12,6 Km do aeroporto;  11 Km do centro; 7 Km até a BR 376","Café colonial artesanal, pegue e pague de morangos, verduras e uvas durante as respectivas temporadas; sua costela  recebeu o prêmio Campeão Sabor Popular Bom Gourmet",-,Sim,-,,"Café colonial, turismo de experiência, Dayuse","Sim, café colonial",Não,,,,
Família Ienkot - campos de camomila e girassol,Volume II,254,209,4,2,4,Experiência,Agropequária,"Estrada Vereador Domingos Benvenoto Molleta, 16231.",Colônia Marelino,,"-25.75033714631228, -49.24059908883896","É  uma chácara que proporciona desde a locação do espaço para eventos até o turismo de experiëncia oferecendo piqueniques no bosque, junto aos campos de camomila ou girassóis vermelhos e amarelos. ",,Rural,(41) 98759-6704,(41) 33845557,,Família Ienkot,chacaraienkot@gmail.com, @familia.ienkot,,Pelo whatsapp,Variável de acordo com floradas e eventos. Acompanhar pelas midias sociais.,"Oferece Day use, café colonial, festas de aniversários, vivência, pique niver debaixo das árvores ou nos campos das floradas. A experiência varia de acordo com a época do ano e das flores.",Sim,34 Km até o aeroporto;  29 Km até o centro; 18 Km até a BR 376,"Piqueníver, piquenique e vivências nos campos de camomila ou girassóis amarelos e vermelhos",,Sim,,Costuma fechar em feriados religiosos e reveillon.,Turismo de experiência,,Não,,,,
La Choupana - morangos,Volume II,255,210,4,2,5,Experiência,Agropequária,"R. São Josemaria Escrivá, n°3000",Colônia Murici,83085-344,"-25.613118215773152, -49.08194363306931","La Choupana é um espaço que adota o conceito de “colha e pague”, oferecendo uma experiência de turismo rural com foco no contato direto com a natureza e com o universo agrícola. O local cultiva morangos semi-hidropônicos em calhas suspensas, proporcionando ao visitante uma vivência diferenciada no campo.","O sistema de cultivo adotado é mais eficiente e econômico. O local oferece sucos, diversas sobremesas à base de morango e uma variedade de produtos coloniais caseiros, todos artesanais. Com ambiente amplo e acolhedor, La Choupana também é pet friendly, sendo muito apreciada por famílias que buscam momentos de lazer junto à natureza.",Rural,(41)9 9822-5611,(41) 3635-1236,-,Marcelo Leschnhak,-,@lachoupana001,-,Não é necessário,"Sáb, Dom e Feriados: 13:00h às 18:00h. Horário pode variar de acordo com as estações.","Funciona no sistema ""colha e pague"". Oferece venda de sucos,  salgados, sanduíches coloniais e  muitas opções de doces  à base de morango, local de  descanso e contato com a natureza.",Sim,"16,4 Km do aeroporto;  32 Km do centro; 14 Km da BR 277;","Sistema inteligente de irrigação  100% autônomo  graças à tecnologia e inovação da startup curitibana IrriGate. Irrigação e adubação são monitoradas por sensores subterrâneos, que alertam o produtor via aplicativo quando necessário.",-,Sim,-,-,"Colha e pague de morango, venda de produtos de morango.",Sim,Não,,,,
Lavandário Sítio São João,Volume II,256,211,4,2,6,Experiência,Agropecuária,"Rua Antônio Claudino Sobrinho, S/N, paralela com a Rua Albino Mickoz, (3a entrada à esquerda na Albino Mikos).",Colônia Marcelino,,"-25.751815214271822, -49.219276538395846","O espaço oferece a experiência de piqueniques entre campos de lavanda, girassóis ou alecrim, além do charmoso Café Lavandário e de um ambiente reservado para meditação. A área conta com trechos de mata nativa propícios para banhos de floresta, com espécies como pau-brasil, sassafrás, canela e pinheiros, promovendo contato direto com a natureza e momentos de contemplação.","Os visitantes podem encomendar buquês de lavanda fresca e realizar ensaios fotográficos em meio aos campos floridos. O Lavandário é resultado de um cuidadoso processo de recuperação do solo iniciado há mais de 40 anos pelo casal Edina e Paulo da Novas. Destinado aos amantes de lavanda e àqueles que buscam tranquilidade, o canto dos pássaros e o contato com a natureza, o espaço convida à contemplação e ao bem-estar.",Rural,(41)9 8861-8241,,-,Paulo Ricado da Nova e Edina Monczack  da Nova,emdnova@yahoo.com.br,@lavandariositiosaojoao,-,Atende  somente com reservas.,"Funciona somente no 2o e 3o final de semana do mês, das 13:00 `as 17:00h. Horário pode variar nos feriados.","O piquenique pode ser feito nos campos de lavanda ou debaixo das árvores. O Café Lavanda oferece opções que ficam entre o clássico café colonial e o café típico rural. Possui  espaco instagramável, espaço para meditação, e o oferece cromoterapia.",Possui rampa  nos banheiros e para quiosque com lanches,33 Km até o aeroporto; 31 Km até o centro; 13 Km até a BR 376.,Buquês de lavandas frescas. Está desenvolvendo doces à base de lavanda.,2024,Sim,30 pessoas,Não é permitido o uso de som nos automáveis.  Local focado em experiência na natureza. Espaço possui restrições a pets. Ligar antes para verificar as condições.,"Campos de lavanda, alecrim e girassol",,Não,,,,
Orquidário das Araucárias,Volume II,257,212,4,2,7,Experiência,Agropequária,"R. Ladislau Toczeck, 533",Colônia Murici,83085-240,"-25.591223670959053, -49.132062089024345","Orquidário premiado, criado a partir da paixão de seu proprietário, Alberto Vailasky, que transformou seu hobby em um negócio especializado. O espaço oferece uma variedade de insumos estratégicos para o cultivo e a manutenção saudável das orquídeas, sendo referência para colecionadores e apreciadores da espécie.","Os visitantes têm a oportunidade de adquirir uma ampla variedade de orquídeas e aprender sobre os cuidados básicos em cada etapa do cultivo. As orientações incluem informações sobre escolha de substratos, frequência de regas e técnicas de adubação, promovendo o manejo adequado e o desenvolvimento saudável das plantas.",Rural,(41)9 9148-9436,,,Alberto Valaski,,@orquidario_das_araucarias,-,-,Seg a Sex: 9:00h às 17:00h; Sáb e Dom: 10:00h às 18:00h. Horário pode variar nos feriados.,"Oferece orquídeas para apreciadores da flor  e colecionadores, insumos para jardinagem, local para  fazer pausa e apreciar o design da natureza",sim,"10 Km do aeroporto; 11 Km do centro; 4,5 K 116m da BR",Premiações recebidas: Catleya intermédia flamea - medalha de ouro. CWB - APRO; C. Intr. Orlata medalha de Prata. CWB - APRO; Sapatinho medalha de ouro. Melhor cultivo SJP - AOSPI; CelogeneaTestaccia medalha de Prata. CWB - APRO,,Fácil de estacionar,-,-,orquídeas,,Não,,,,
Quinta do Sabor,Volume II,258,213,4,2,8,Experiência,Agropequária,"Rua Alexandre Kreonis, S/N, a 750 m da Rua Carlos Kusma",Colônia Campestre da Faxina,83023-405,"-25.773414259306655, -49.1734594211733","Especializado na produção artesanal de morangos cultivados em estufa e bancada. O oferece  cerca de 32 produtos gastronômicos derivados da fruta.As mudas, provenientes da Segóvia, Espanha, e da Argentina, garantem a atividade durante todo o ano.","Além da atividade de colha-e-pague de morangos, o espaço proporciona diversas opções de lazer para a família, incluindo gastronomia variada, drinks, cerveja de morango, brinquedos, trilhas ao ar livre e hospedagem em cabanas.",Rural,(41)9 9235-3407,,,Goreti Ivankio,sac@produtosquintadosabor.com.br,@produtosquintadosabor,www.produtosquintadosabor.com.br,Recomendável fazer reservas pelo whatsapp. O local é muito procurado.,Abre uma ou duas vezes por mês. É recomendável conferir a programação nas mídias sociais.,"mesas e cadeira em área externa e interna, playground, passeio de trator, colha e pague de morangos, cabana para pernoite, trilha de aventura, cascata, drinks,  doces e salgados a base de morango, cerveja de morango.",Sim,33 Km até o aeroporto; 32 Km até o centro; 8 Km até a BR 376,Recebeu o 1° lugar em Excelência e Qualidade 2023 em CURITIBA dentro da  categoria de MORANGOS mediante a  opinião pública.,2012,Estacionamento aberto e pago,"Local com capacidade de atender grandes  públicos, acima de 1000 pessoas.",Não é permitido trazer alimentos de fora para consumo dentro da propriedade.,Produtos a base de morango.,"Diversas receitas, com destaque para o Morangoff, cerveja de morango e a tábua de frios com morangos in natura.",Não,1,1,1,
Rancho da Lavanda,Volume II,259,214,4,2,9,Experiência,Agropequária,Rua Albino Kuzma,Colônia Campestre da Faxina,,Proprietária não informou a localização exata.,"O rancho  oferece  café colonial servido a ""la carte"" em meio à natureza tendo o cultivo de lavadas como base da experiência. Proporciona relaxamento, lazer em família, contato com o campo.",Possui lugares de beleza cênica e um celeiro rústico  para eventos tais como festas de quinze anos e casamentos.,Rural,(41)9 9183-8467,(41) 8519-3601,-,Elizabety Locatelli,bety.locatelli@gmail.com,,,É recomendável  fazer a reserva.,"Sab,  Dom, feriados: 07:00h às 18:00h.Pode sofrer alterações nos horários devido ao clima e estações. É recomendável ligar antes e acompanhar a programação através das mídias sociais.","Celeiro country, gramado com mesas e guarda-sol, espaços para fotos e ensaios fotográficos, loja com produtos colonias, espaço para pets em vias de ser construído, estacionamento.",Planejada mas ainda não implantada.,Proprietária não informou a localização exata.,"Campos de lavanda, receitas gastronômicas com lavanda.",janeiro de 2025,Sim,,Não levar alimentos e bebidas de fora; é proibido som alto.,Cultivo de lavanda; gastronomia usando a lavanda,"Sorvete de lavanda, torta de lavanda,",Não,,,,
Rocha Estar & Mato - Chácara,Volume II,260,215,4,2,10,Experiência,Agropequária,"Rua Carlos Kusma, S/N. Na entrada próximo à Capela Imaculada da Faxina  entrar como se fosse para  a Querência Ivankio. Seguir mantendo-se à direita  na bifurcação que leva para a Querência..",Faxina,83023-400,"-25.771407604136368, -49.190417305334975","Como o próprio nome diz, a chácara  tem como proposta oferecer aos visitantes a  experiência de estar no mato. O local está se estruturando para ter oferecer  lugares para piquenique,  caminhada no bosque e  colheita de verduras.",Também serão  vendidos  produtos orgânicos de produção própria a partir de 2025.,Rural,(41)9 9963-1222,,,Eliane Loures da Rocha Ihlenfeldt,rosanedar@gmail.com; chacararochaestaremato@gmail.com,-,-,-,Sab: 14:00h às 18:00h e Dom: 14:00h às 18:00h,"Colha e pague de verduras, caminhada no bosque, área verde  para foto e pique-nique",-,33 km até o aeroporto; 32 Km até o centro; 12 Km até a BR 376,"Venda de produtos orgânicos, colhe e pague de verduras",2024,Sim,-,"Os visitantes devem levar sua comida para o piquenique. Não há venda de alimentos para consumo no local, somente verduras para levar.",Experiências no campo,-,Não,,,,
Só Morangos - Colha e Pague,Volume II,261,216,4,2,11,Experiência,Agropequária,"R. João Berger, 923 ",Colônia Mergulhão,83085-490,"-25.563088227091754, -49.12534710383166","Trata-se de uma propriedade rural que proporciona uma experiência única em torno do cultivo do morango. Fundado em 1999, o local tornou-se referência na região por oferecer aos visitantes a oportunidade de colher os frutos diretamente da plantação. Além da vivência no campo, o espaço conta com uma loja que funciona o ano todo, oferecendo sorvetes, geleias, sobremesas artesanais e morangos frescos. O ambiente é acolhedor e especialmente atrativo para famílias, casais e grupos escolares. Possui  área externa que oferece diferentes salgados, churrasco e bebidas","O local conta com peças em madeira talhadas por um artista conhecido como “Índio”, cuja obra singular contribui para uma decoração única e cheia de personalidade. No piso superior do restaurante, uma sala com inúmeras assinaturas de visitantes reforça o caráter especial da experiência, criando um ambiente acolhedor e memorável.",Rural,,(41) 3635-1169,,,,,www.somorangos.com.br,É recomendável  fazer a reserva para grupos,Ter a Sex: 13:00h às 17:00h; Sab. Dom e Feriado: 10:00h às 17:00h. Seg.: Fechado,"A colheita mínima para adultos é de 700g; crianças entre 5 e 9 anos, 300g, enquanto menores de 4 anos acompanham gratuitamente. Ha opção de compra de caixas de morango, geleias, suspiros, espetinhos com chocolate e derivados da fruta, além de degustação à vontade por um preço fixo. Há venda de petisco salgado na parte externa.",,"11 Km até o aeroporto; 11 Km até o centro;  4,5 Km até a BR 116","O local possui madeiras talhadas por um artista conhecido como “Índio” que, com seu trabalho singular,  confere ao local uma decoração diferenciada. Um sala com inúmeras assinaturas no piso superior do restaurante também torna a experiência do local singular.",1999,Possui amplo estacionamento pago. ,,O local costuma ficar cheio. Recomenda-se fazer reservas.,Produtos à base de morangos,Sim,Não,,,,
,Volume II,262,,,,,,Indústria,,,,,,,,,,,,,,,,,,,,,,,,,,,Não,,,,
Cini,Volume II,263,217,4,3,1,Experiência,Indústria,"R. Mal. Hermes, 2001",Rio Pequeno,83065-000,"-25.518895038631143, -49.16235662164288","Fundada em 1904, a mais antiga fábrica de refrigerantes do Brasil tem sua origem em  Vêneto, Itália com a história de Ezígio Cini. Iniciou com a produção de cerveja  na Colônia Cecília,  em Palmeira/PR e estabeleceu-se São José dos Pinhais em 1904.","Cresceu e foi para  Curitiba, retornou a São José dos Pinhais em instalações modernas e tecnológicas. Gengibirra, Cini Framboesa e Laranjinha são campeões de venda. Estão na memória afetiva dos paranaenses e conquistam o paladar dos turistas.",Urbana,(41)9 8849-4269,,,Família Cini,marketing@cini.com.br,@cinibebidas; @cinilover,www.cini.com.br,-,"Seg a Sex: 08:00h às 18:00h; Sáb, Dom e Feriados: Fechado",Fábrica de refrigerantes mais antiga do Brasil; Possui em seu interior um painel com a linha do tempo da história da empresa.,Sim,"7,4 Km do aeroporto;  6 Km do Centro; 4 Km da BR 277","A bebida Gengibirra é patrimônio imaterial da cidade de Palmeira, PR.",1904,Sim,-,Recebe pequenos grupos de estudantes marcados com antecedência e segundo normas de segurança.  Não recebe turismo convencional.,Refrigerantes.,Sim,Não,,,,
Nogas Condimentos,Volume II,264,218,4,3,2,Experiencia,Indústria,"R. Ver. Domingos Benvenuto Moletta, 17710  ",ColôniaMarcelino,83024-899,"-25.76200717713841, -49.242861642591514","A empresa  é uma referência local na desidratação de ervas medicinais e condimentos, com quase 40 anos de atuação no mercado. Especializada no cultivo e beneficiamento de produtos como salsa, coentro, camomila, cebolinha e alho-poró, a empresa agrega valor por meio de processos como desidratação, classificação e moagem, oferecendo insumos de alta qualidade prontos para uso por empresas alimentícias e comerciais.","Localizada na Colônia Marcelino, atende a grandes demandas regionais e internacionais. Sua linha de produção é automatizada, equipada com tecnologia de ponta e maquinário importado, o que garante alto padrão de qualidade e eficiência nos processos. A Nogas Neto destaca-se pela excelência na entrega de produtos condimentais e medicinais para o mercado nacional e internacional.",Rural,,(41)3556-0818,,Família Nogas,falecom@nogasneto.com.br,,https://nogasneto.com.br/,,"Seg a Sex: 08:00h às 18:00h; Sáb, Dom e Feriados: Fechado","A fábrica teve início em um pequeno barracão com apenas dois secadores e foi sendo ampliada conforme o crescimento da demanda. Seu fundador, o Sr. Pedro Nogas, chegou a desenvolver maquinários próprios em uma época em que não existiam equipamentos adequados para atender às necessidades específicas de sua produção.

",,33 Km do aeroporto;  32 Km até o centro;  13 Km até a BR 116,,1995,Sim,,Ainda não possui turismo industrial consolidado. Recebe visitação esporática de estudantes e empreendedores.,Produtos medicinais e condimentais desidratados,,Não,,,,
Nutrimental,Volume II,265,219,4,3,3,Experiência,Indústria,"Av. Rui Barbosa, 8153",Águas Belas,83040-550,"-25.53059377200686, -49.193983448416944","A Nutrimental foi fundada em 1968 por Rodrigo Rocha Loures, a partir de uma parceria entre os departamentos de Administração e Engenharia Química da UFPR, onde ele lecionava. A ideia inicial de produzir purê de batata instantâneo não prosperou, mas a empresa se reinventou ao desenvolver alimentos desidratados voltados à nutrição infantil, como sopas e farinhas — sendo a sopa de feijão seu primeiro grande sucesso.","Com isso, tornou-se referência nacional no fornecimento de merenda escolar até 1994. A virada veio com o pedido do navegador Amyr Klink, que inspirou a criação da primeira barra de cereal do Brasil, a Nutry, que logo se tornou o principal produto da empresa. Impulsionada por esse sucesso, a Nutrimental expandiu seu portfólio com granolas, biscoitos e cereais matinais, firmando-se como marca inovadora em alimentos saudáveis.",Urbana,,(41) 3299-1000,-,Rodrigo Rocha Loures,https://nutrimental.com.br/fale-conosco/,@nutrimental_alimentos,nutrimental.com.br,-,"Seg a Sex: 08:00h às 17:30h; Sáb, Dom e Feriados: Fechado","Produção de produtos alimentícios, barra de cereais,  universidade da Nutrimental, apoia eventos de inovação e startups",sim,"3, 3 Km do aeroporto; 1,5 Km do centro;  encontra-se às margens da Av. das Torres",Criadora da primeira barra de cereais do Brasil.,1968,Sim,,Ainda não possui turismo industrial consolidado. Recebe visitação esporática de estudantes e empreendedores.,"Produtos alimentícios, ingredientes alimentícios.",sim,Não,,,,
O Boticário,Volume II,266,220,4,3,4,Experiência,Indústria,"Av. Rui Barbosa, 3450",Parque da Fonte,83065-260,"-25.500001285582332, -49.16925380923641","A empresa foi criada em 1977, em Curitiba, pelo farmacêutico Miguel Krigsner, como uma pequena farmácia de manipulação, recebendo o nome da antiga denominação de ""farmacêutico"".","Em 1979, inaugurou sua primeira loja  no aeroporto. Seus produtos começaram a ganhar notoriedade ao serem comprados e transportados por tripulações encantadas pela loja. A fábrica foi instalada em 1982 e o centro de pesquisa e desenvolvimento em  2013.",Urbana,,(41) 3406-8393,-,Miguel Krigsner,-,www.youtube.com/watch?v=0GLTPtz4pqs; @grupoboticario; https://linktr.ee/grupoboticario_ig,www.grupoboticario.com.br,,"Seg a Sex: 08:00h às 17:30h; Sáb, Dom e Feriados: Fechado",,,7 Km até o  aeroporto;  6 Km até o centro; 1 Km até a BR 277,,-,Sim,-,,,-,Não,,,,
Renault do Brasil,Volume II,267,221,4,3,5,Experiência,Indústria,"R. Francisco Muñoz Madrid, 116-274",Roseira de São Sebastião,83070-010,"-25.5308307848666, -49.11534585455707","Inclui duas fábricas de veículos (passeio e comercial leve) e emprega 5,3 mil colaboradores diretos e gera 25 mil empregos indiretos. Ocupa 2,5 milhões de m², com 40% de mata preservada.  É referência em práticas de indústria 4.0 e  aterro zero.","Abriga um centro de preparação logística, a sede administrativa  do Brasil e da  América Latina, o centro de Engenharia  (RTA) e o Renault Design Center Latam (RDCL), que desenvolve carros-conceito. Utiliza 100% energia elétrica fotovoltaica.",Rural,,,-,-,-,-,,Telefone de contato: 0800 055 56 15,Seg à  Sex: 06:00h às 23:00h,"Fábrica de veículos de passeio e veículos comerciais leves, centro de preparação logística, sede administrativa da Renault do Brasil e Renault América Latina, o centro de Engenharia e Renault Design Center.",Sim,14 Km até o aeroporto; 13 Km até o centro;  2 Km até a BR 277,"Aspectos tecnológicos,  ambientais e de sustentabilidade; Inovação em eletrobilidade; área  de mata preservada, onde habitam mais de 110 espécies de aves e 28 mamíferos.",-,Sim,-,Agendamento prévio para visitas guiadas.,Indústria automobilística,-,Não,,,,
Rivoli Indústria e Comércio de Azeitonas,Volume II,268,222,4,3,6,Experiência,Indústria,"R. João Andrigueto, 271",Braga,83020-540,"-25.558684080986552, -49.18820730983425","Inaugurada em 1999, a fábrica da Volkswagen em São José dos Pinhais é uma das mais modernas do grupo no mundo. Com alta tecnologia e processos amplamente automatizados, a unidade conta com o programa de visitação VCnaVW (lê-se “você na VW”), iniciativa oficial da empresa que permite ao público conhecer suas instalações durante os turnos de produção. O programa abrange as quatro fábricas da Volkswagen no Brasil, incluindo a unidade de São José dos Pinhais.","É uma empresa tradicional com mais de 60 anos de atuação,  sendo pioneira no segmento no Paraná e reconhecida em todo o Brasil. Destaca-se pela qualidade e pela excelência na produção de azeitonas. A empresa controla 100% do processo produtivo de algumas linhas de produtos. Gerencia desde a plantação das oliveiras até a colheita, envasa e distribui para todo o  Brasil. ",Urbana,,(41) 2101‑8000 ,,-,sac@azeitonasrivoli.com.br,@azeitonas_rivoli,www.azeitonasrivoli.com.br;,-,Seg a Sex: 08:00h às 18:00h; Sáb e Dom e Feriados: Fechado. Horário pode variar  em feriados e recessos.,x,Sim,5 Km até o aeroporto; 4 Km até o centro; 500m até a BR 376, O nome da empresa tem  origem na cidade de Rivoli no norte da Itália.,Fundação:  1961 em São Paulo;  Inauguração em São José dos Pinhais em 2017.,Sim,Sim,x,Processamento e distribuição de azeitonas.,-,Não,,,,
Schattdecor do Brasil,Volume II,269,223,4,3,7,Experiência,Indústria,"R. Francisco Munõz Madrid, 1652",Roseira de São Sebastião,83070-152,"-25.519657026636935, -49.12940034271237",Empresa  líder globlal no mercado de impressão de papéis decorativos e produtos impressos de alta qualidade para revestimento de superfícies. Possui boas práticas de sustentabilidade que são referência no setor. Abre suas portas para visitações técnicas.,"Oferece um portfólio de produtos que vai desde o desenvolvimento e impressão de um desenho, até a impregnação do papel decorativo através de processos industriais que preparam o papel para aplicação em painéis, laminados e pisos.",Urbana,,(41) 4009-7500,-,-,info@schattdecor.com.br;,@schattdecorgroup,www.schattdecor.com/pt/,Visitas técnicas  devem ser previamente agendadas com o setor de Marketing (escolas e universidades) e RH (empresas).,Seg a Qui: 08:00h às 18:00h; Sex: 08:00h à 17:00h; Sáb e Dom: Fechado.,"A empresa abre suas portas para visitas técnicas orientadas, possibilitando aos visitantes interessados conhecer suas boas práticas de produção e sustenabilidade.",Sim,13 Km até o aeroporto; 13 Km até o  centro; 1 Km até a BR 277,"Conserva em  sua propriedade a casa original do antigo caseiro ornada com lambrequins típicos da cultura e uma antiga portaria de valor arquitetônico, com elementos da",-,Sim,-,Somente recebe visitas técnicas previamente agendadas.,Produtos impressos de alta qualidade para superfícies como papel decorativo ou overlay que imitam o aspecto de materiais naturais.,-,Não,,,,
Vale Fértil - Azeitonas,Volume II,270,224,4,3,8,Experiência,Indústria,"R. João Andrigueto, 271",Braga,83020-540,"-25.55855356150613, -49.1879671925961","Fundada em 1991, a Vale Fértil do Brasil se tornou uma referência no setor azeitoneiro, utilizando fábricas de alta tecnologia com equipamentos e know-how da Argentina e Espanha.","Conhecida por sua linha de azeitonas e azeites, também processa e distribui picles, vegetais em conserva e outros produtos alimentícios, atuando desde a seleção e importação das matérias-primas até o processamento e distribuição.",Urbana,(41)9 9179-2947,(41) 2101-8000,-,-,-,@vale_fertil; www.youtube.com/c/ValeFertill; linktr.ee/valefertil,www.valefertil.com.br/,-,Seg a Sex: 08:00h às 17:450h; Sáb e Dom e Feriados: Fechado. Horário pode variar  em feriados e recessos.,"Processamento  e distribuição de azeitonas, azeites, conservas vegetais e outros produtos alimentícios.",Sim,5 Km até o aeroporto; 4 Km até o centro; 500m até a BR 376,Por nove anos consecutivo foi a azeitona mais vendida do Brasil.,1991,Sim,-,-,"Processamento e distribuição de azeitonas, azeites, conservas vegetais e outros produtos alimentícios.",-,Não,,,,
Volkswagen,Volume II,271,225,4,3,9,Experiência,Indústria,"R. Antonio Singer, 6751","Campo Largo da Roseira,",83090-901,"-25.668495065585034, -49.17891551454247","Foi inaugurada em 1999, a fábrica  é uma das mais modernas do Grupo Volkswagen no mundo. Com alta tecnologia e processos automatizados, possui um programa de visitação chamado VCnaVW. O programa VCnaVW (leia-se “V.C. na VW”) é a iniciativa oficial da empresal de abri-se para a visitação ao público durante os turnos de produção em suas quatro fábricas nacionais, incluindo a de São José dos Pinhais",É pioneira no uso de robôs  trabalhando em parceria  com humanos no processo produtivo. Possui um complexo industrial anexado que atende mercados interno e externo e  uma área teste para veículos  de aproximadamente dois mil metros.,Rural,,(41) 3381-3002,-,-,visitas@volkswagen.com.br,@vwbrasil,https://www.vwnews.com.br/company/3/3,Visitas devem ser previamente agendadas com a empresa.,A visitação ocorre nos horários de funcionamento da fábrica: Seg a Sex: 9:00h às 17:00h. Sab e Dom: Fechado.,Possui uma área teste para veículos  de aproximadamente dois mil metros e  um complexo industrial anexado que atende mercados interno e externo. Sua área de preservação ambinental é de aproximadamente 390 mil m2.,Possui acessibilidade no estacionamento e na entrada.,20 Km até o aeroporto; 19 Km até o centro; 4 Km até a BR 376,"Esta unidade  foi pioneira no uso de robôs colaborativo, que trabalham lado a lado com os empregados na área de montagem, tornando o processo produtivo ainda mais flexível e seguro.",18 de janeiro de 1999,Sim,As visitas podem ser feitas em grupos de 20 a 40 pessoas.,Interessados em visitar  a fábrica deverão seguir as normas de segurança.,Fabricação de veículos automotores.,-,Não,,,,
,Volume II,272,,,,,Equipamentos e Serviços,,,,,,,,,,,,,,,,,,,,,,,,,,,,Não,,,,
,Volume II,273,,,,,Equipamentos e Serviços,,,,,,,,,,,,,,,,,,,,,,,,,,,,Não,,,,
,Volume II,274,,,,,,Guias e Agências de Turismo,,,,,,,,,,,,,,,,,,,,,,,,,,,Não,,,,
Guias de Turismo 1,Volume II,275,226,5,1,1,Equipamentos e Serviços,Guias e Agências de Turismo,,,,,,,,,,,,,,,,,,,,,,,,,,,Não,,,,
Guias de Turismo 2,Volume II,276,240,5,1,15,Equipamentos e Serviços,Guias e Agências de Turismo,,,,,,,,,,,,,,,,,,,,,,,,,,,Não,,,,
Guias de Turismo 3,Volume II,277,249,5,1,24,Equipamentos e Serviços,Guias e Agências de Turismo,,,,,,,,,,,,,,,,,,,,,,,,,,,Não,,,,
Agencias  de Turismo 1,Volume II,278,257,5,1,32,Equipamentos e Serviços,Guias e Agências de Turismo,,,,,,,,,,,,,,,,,,,,,,,,,,,Não,,,,
Agencias  de Turismo 2,Volume II,279,266,5,1,41,Equipamentos e Serviços,Guias e Agências de Turismo,,,,,,,,,,,,,,,,,,,,,,,,,,,Não,,,,
,Volume II,280,,,,,,"Cafés, Bares e Lanches",,,,,,,,,,,,,,,,,,,,,,,,,,,Não,,,,
Al Sultan,Volume II,281,271,5,2,1,Equipamentos e Serviços,"Cafés, Bares e Lanches","R. Ten. Djalma Dutra, 1281",Centro,83005-360,"-25.543353607725965, -49.201443898133526","No Al Sultan, a comida árabe tradicional é preparada com ingredientes frescos, especiarias tradicionais e sem conservantes. O ambiente possui mesas em espaço coberto e ao ar livre.","Os pratos carregam a essência e ancestralidade da culinária árabe, oferecendo um sabor autêntico. O cardápio inclui beirutes, shawarmas, esfihas abertas, kibes e uma variedade de porções e pratos combinados, satisfazendo todos os paladares.""",Urbana,,(41) 3058-6336,-,-,-,alsultanarabian,alsultansjp.meucardapio.ai,-,Ter a Dom: 11:00h às 23:00h. Horário pode variar  em feriados.,"Venda de comida árabe; embala para viagem, happy  hour, opções vegetarianas",Não,"4 Km do aeroporto;  500 m do centro; 1,5 Km da Av. das Torres",Kebab com  molho habesh - foi eleito o melhor de Curitiba,-,Não. Estacionamento gratuito na rua.,-,-,comida árabe,Sim,Não,,,,
Alemão Pães,Volume II,282,272,5,2,2,Equipamentos e Serviços,"Cafés, Bares e Lanches","Av. Benjamin Possebon, 386",Quissiana,83085-190,"-25.547873355524143, -49.153440984655695","Localizada próxima ao aeroporto, a padaria oferece execelentes opções  de produtos  artesanais  por um bom preço. Local é simples e organizado, com vitrines bem atraentes com seus doces e salgados bem preparados.","Indicada para um delicioso café da manhã ou da tarde, ou para quem quer um  lanche reforçado para recuperar energias. Uma das  raras padarias  cujo pão francês é preparado  pela própria equipe. Não utiliza misturas prontas.",Urbana,(41)9 9128-6328,,,Luciano Schappo Diogo,,@alemaopaespanificadora,https://linktr.ee/alemaopaespani,-,Seg a Sáb:06:00h às 20:00h; Dom: Fechado. Horários podem variar nos feriados.,"Banheiro, aceita encomendas, atende empresas, estacionamento, embala para viagem;",Sim,"5,6 Km do aeroporto;  6,5 Km do centro; 500m da BR 116","Muitos produtos se destacam por ser de massa preparada pela própria padaria. Sugestão comece pelo simples pão francês artesanal; misto quente feito com o pão francês; pastel de bananinha, bolo red velvet.",,Sim,30 pessoas,,Pães e produtos de confeitaria artesanais,"Sim. Destaque para o pão francês, cuja mistura é preparada pela própria equipe.",Não,,,,
Bahab’s Pizzaria e Esfiharia,Volume II,283,273,5,2,3,Equipamentos e Serviços,"Cafés, Bares e Lanches","Rua, Alameda Arpo, 2225",Costeira,83010-290,"-25.558347771813057, -49.167837275399584","Ponto  de parada para quem está de passagem, frequentado por  ciclistas.  Oferece várias oções de esfihas e pizzas variadas. O local é simples, com poucas mesas e poucas opções de refrigerantes.","O local é simples, com poucas mesas e poucas opções de refrigerantes. O forte são as encomendas,  o serviço de entrega  e pedidos para  viagem.",Urbana,,(41) 3556-7649,-,Emmanuel Chaves e sócios,,@bahabs_pizzariaeesfiharia,horario.pedir.delivery/bahabs,-,Fecha na Ter; Qua a Seg:  18:30h às 23:30h;  Feriados: horário pode variar,"Entrega por aplicativos,  para viagem. Tem poucos lugares para comer no local.","Sim, porém não possui banheiro com acessibilidade.",5 Km do aeroporto; 5 Km do centro;  1 Km do contorno leste/BR-116,Esfihas,,Sim,Possui  mesas para 8 pessoas.,,"Esfihas e pizzas, pizzas doces",,Não,,,,
Balaio do Pão,Volume II,284,274,5,2,4,Equipamentos e Serviços,"Cafés, Bares e Lanches","R. Ten. Djalma Dutra, 1530 ",Centro,83005-360,"-25.544793449419565, -49.20234781709918","Padaria completa oferece pães e doces tradicionais, área para café, lanches e diversas variedades de doces e salgados em geral. Possui diversas lojas espalhadas pela cidade, sendo uma boa referência para lanches na cidade.",Possui várias unidades na cidade.,Urbana,(41)32835962,,-,-,-, @balaiodepaosjp,https://linktr.ee/balaiodepao,,Seg a Sex:06:30h às 21:00h; Sab e Dom: 08:00h às 21:00h,"Outras unidades: Rua Dona Izabel A Redentora, 840, São Domingos; R. Pará, 951, Boneca do Iguaçu; R. Joinville, 2830, São Pedro",Sim,"4,5 Km até o aeroporto;  essa unidade encontra-se nos centro;  4,5 Km até a BR 376","Oferece café a partir das 06:30h, perfeito  para quem está viajando ou passando  cedo pela cidade, tais como turistas, ciclistas e viajantes.",,Sim,Em torno de 30 pessoas. Varia de acordo com as unidades,-,,Sim,Não,,,,
Bar da Rosinha,Volume II,285,275,5,2,5,Equipamentos e Serviços,"Cafés, Bares e Lanches","Estrada vereador, R. Domingos Benvenuto Moletta -",Colônia Marcelino,83024-970,"-25.751245236718113, -49.24175236741571",É um bar e mercearia que funciona próximo à igreja ucraniana da Santíssima Trindade. Oferece uma opção de pausa estratégica para quem está viajando e/ou fazendo trilhas nas proximidades.,"Entre os itens mais apreciados pelos viajantes estão o sanduíche de pão linguiça ou pão com ovos e linguiça e o o queijo artesanal. E ainda podem comprar  banha de porco e ovos caipiras. O local é fácil de estacionar, e o atendimento é sempre muito atencioso.",Rural,(41)9 9237-7440,,-,-,-,@bar_da_rosinha_,https://linklist.bio/BardaRosinha,-,Seg a Sex:07:30h às 20:00h; Sab: 07:30h às 19:00h; Dom:  08:30h às 13:00h. Horários podem variar em feriados religiosos.,"Possui wi-fi, banheiro simples,  3 ou 4 mesas para sentar. Ampla área externa para as pessoas se sentarem e descansarem.",Não,"33 Km até o aeroporto; 30 km até o centro; 11, 5 Km até a Br 116",-,-,Sim,-,-,Bar e mecearia,-,Não,,,,
Bar da Santa,Volume II,286,276,5,2,6,Equipamentos e Serviços,"Cafés, Bares e Lanches","R. Dr. Murici, 8283",Colônia Murici,83015-290,"-25.588932217966835, -49.12364725909383","Ponto de encontro estratégico para uma pausa, constitui uma opção de refeição  na região. O local é simples, familiar, apreciado por ciclistas e viajantes.","O estabelecimento tem uma  atmosfera e  estrutura característica  de bar. Oferece opções gastronômicas típicas de boteco. Atende muitos viajantes que passam pelo local, grupos familiares e de amigos. Os frequentadores costumam apreciar o seu filé de igreja, a costela e o pierogui e o atendimento.",Rural,(41)99139-8248,(41)36351019,,,, @bardasantasjp,,,"Diariamente, das11:00h às 00:00h. O horário pode variar conforme eventos locais",Possui  mesas no interior e algumas mesas são colocadas no exterior.,Não,"11,5 Km até o centro;  12 Km até o centro; 5 Km até a BR 116",Possui programação de apresentação de bandas,,Nas ruas laterais,Cerca de 100 pessoas,,Comida de Boteco,,Não,,,,
Bar do Lima (Bigode),Volume II,287,277,5,2,7,Equipamentos e Serviços,"Cafés, Bares e Lanches",Estrada do Castelhano  S/N,Castelhanos,,"-25.80999688939868, -48.89671674210854","O Bar do Lima é uma das raras opções para lanches e bebidas na região do Castelhanos. É um local simples, com poucas opções.  Costuma ter sempre pastel, refrigerante e cerveja. Vende também algumas coisas para o dia a dia.",Possui 2 quartos muito simples para pernoite.,Rural,,,,,,,-,-,,,,,,,,,,,,Não,,,,
Benedict Padaria,Volume II,288,278,5,2,8,Equipamentos e Serviços,"Cafés, Bares e Lanches","R. Dr. Motta Júnior, 1601 ",Centro,83005-170,"-25.541893032037617, -49.205380761503605","
O local é especializado na produção de pães artesanais diferenciados, elaborados sob encomenda, além de oferecer bolos, cookies e tortas. O menu é especialmente recomendado para quem busca experiências únicas com pães e suas combinações, cuidadosamente criadas pelo casal de proprietários. A casa possui um ambiente acolhedor e foi pensada para receber famílias, especialmente aquelas com crianças pequenas. Conta com espaços destinados à conversa e áreas lúdicas, onde as crianças podem brincar e desenhar, tornando a visita ainda mais agradável e aconchegante.",,Urbana,(41) 99602-9487,,,,andreza_lopesoliveira@hotmail.com, @benedictpadariaartesanal,,,Ter: 14:30h às 19:30h; Qua a Sex: 9:00h às 19:30h; Sab: 9:00h às 18:00h; Dom.: Fechado. Horários podem variar nos feriados.,,Não,"4 Km até o aeroporto; 1 Km do centro; 3,5 km até a BR 376",,,,,,,,Não,,,,
Boa Vista Madureira Bar,Volume II,289,279,5,2,9,Equipamentos e Serviços,"Cafés, Bares e Lanches","R. Cap. Tobias Pereira da Cruz, 1487",Centro,83005-050,"-25.541873996348155, -49.20494774268836","Um boteco raiz, tipicamente brasileiro, que está na cidade há três gerações. Oferece um  ambiente descontraído para quem aprecia comida de boteco e reunir amigos para jogar sinuca.","Suas porções são bastante apreciadas pelos frequentadores, destacando o famoso pão com bolinho de carne e a batata frita com bacon, acompanhados de cerveja gelada. Oferece música ao vivo  às noites de sextas e aos sábados.",Urbana,,(41) 3146-4048,,,,@barboavistamadureira,https://bit.ly/cardmadu,Não aceita reservas.,Ter à Qui: 14:00h às 23:00h; Sex e Sáb: 14:00h às 00:00h. Fecha aos domingos. Horário pode variar em feriados.,Mesas e cadeiras em áreas externa e interna; possui uma sala central com mesa semi-profissional de sinuca e espaço dedicado aos amantes da sinuca com mesa de sinuquinha;   oferece uma churrasqueira para reunir amigos no bar.,Não,4 Km até o aeroporto; encontra-se no centro; 4 Km da BR 376,,1995,Não. Estacionamento nas ruas laterais ou em frente ao bar.,285 pessoas,-,Comida de Boteco; jogo de sinuca,"Pururuca do Madu, bolinho de carne do Madu (receita da fundadora do bar); caipirinha bananinha.",Não,,,,
Bom Bolinho Bar e Petiscaria,Volume II,290,280,5,2,10,Equipamentos e Serviços,"Cafés, Bares e Lanches","R. Adrianópolis, 221",Cruzeiro,83010-070,"-25.53995370955765, -49.1892803986172",O espirito de um autêntico boteco do século passado  equilibrado com a inovação na gastronomia contemporânea pode ser encontrado neste local. A decoração é rústica. As garrafas aparentemente empoeiradas e organizadas  revelam um trabalho visual talentoso.,"Os bolinhos são o carro-chefe mas há diversas opções de porções, drinks, cervejas, caldinho de tilápia, dentre outros. Além da boa comida, a conversa com os proprietários sempre é agradável.  O ambiente é familiar e divertido.",Urbana,,(41) 3035-2247,,,bombolinho10@gmail.com,@bombolinhobar,,Aceita reserva,Ter a Qui: 14:30h à 00:00h; Sex e Sáb: 14:30h à 01:30h; Sáb e Dom: Fechado. Horários podem variar nos feriados.,"Wi-fi,  aceita encomendas; mesas na área externa, TV com programação de esportes",Sim,2 Km do aeroporto;  1 Km do centro; 250 m da BR 376,"Comida de Boteco,  bolinhod de carne, caldinho de tilápia, cachaças, drinks, decoração típica e o  atendimento  dos proprietários",1997,Não. Fácil de estacionar nar ruas laterais.,70  pessoas,,"Bolinhos, comida de boteco,",Sim,Não,,,,
Boteco da Júlia,Volume II,291,281,5,2,11,Equipamentos e Serviços,"Cafés, Bares e Lanches","R. Scharfenberg de Quadros, 340",Centro,83005-090,"-25.53805205202153, -49.20778988013599","Ponto de  referência para apreciadores de comida de boteco, oferece  uma grande variedade de frutos do mar, carnes, chopp e drink.",O bar foi criado  pela enfermeira e também cheff de cozinha Julia Marianna Rodrigues Block. Possui estrutura muito ampla capaz de atende grandes grupos e aceita locação para eventos durante o dia.,Urbana,(41)9 8831-5145,,-,-,-,@botecodajulia,,sim. Aceita reservas para grandes grupos e  eventos de empresas,Seg a Dom: 18:00h às 00:00h. Horário pode variar nos feriados.,"Para viagem, comida no local, reservas, wi-fi, espaço para crianças. Happy hour",Sim,"4,5 Km aeroporto;  está no centro; 7 Km da BR 376",Refência em Comida de Boteco,,Local fácil de estacionar,600 pessoas,Não aceita  pets,"Comida de boteco, frutos do mar",Sim,Não,,,,
Brasília Bar,Volume II,292,282,5,2,12,Equipamentos e Serviços,"Cafés, Bares e Lanches","Rua Paulino de Siqueira Cortês, 2080",Silveira da Motta,83005-030,"-25.541969110355463, -49.198796000683046","Considerado o bar mais antigo da cidade, está em atividade desde 1960. O ambiente é familiar, e o local é marcado pela tradição e história dos moradores locais.","O bar preservou sua essência ao longo do tempo, mantendo a tradição de oferecer aos clientes: boa conversa, cerveja gelada, drinks e porções saborosas. É um dos raros bares que abrem aos domingos na cidade.",Urbana,(41)9 9892-2527,(41) 8863-5932,,-,-,@barbrasilia1960,https://barbrasilia1960.com.br/,Aceita reservas,Ter à Dom: 10:00 às 22:00h,"Mesas e cadeiras em área interna, mesas de sinuca. Serve porções e pratos tradicionais  de acordo com o dia da semana, tendo em seu cardápio:  bolinho de carne, casquinha de siri, camarão, carne de onça, espetinhos, batata suiça, caldos, além de sanduíche",Não,3 Km até o aeroporto;  encontra-se no centro; 1 Km até a Av. das Torres/BR 376,Possui uma programação de pratos na semana: Batata Suiça às terças -feiras; Caldos às quartas-feiras; Carne de Onça às quintas-feiras; Espetinhos às sextas-feiras.,1960,Não,50 pessoas,-,Comida de boteco,-,Não,,,,
Caminhos do Bosque,Volume II,293,283,5,2,13,Equipamentos e Serviços,"Cafés, Bares e Lanches",R. Júlio César Setenareski 3107,Colônia Mergulhão,83085-290,"-25.569719734125474, -49.12102199038823","Espaço rustico com fogão à lenha. Oferece café colonial, gastronomia rural com comidas típicas italiana e polonesa. Possui amplo estacionamento, espaço kids e uma vista em meio a natureza. ",,Rural,(41) 9946 2566,,,,, @caminhosdobosquesjp,www.caminhosdobosque.com.br/,,Café colonial: Sab e Dom: 10:00h às 19:00h; Restaurante: Dom.: 11:00h às 15:30h,,,"10 Km até o aeroporto;  11Km até o centro; 4,3 até a BR 116",,,Sim,,,,,Não,,,,
Casa Bela Café,Volume II,294,284,5,2,14,Equipamentos e Serviços,"Cafés, Bares e Lanches","R. Júlio César Setenareski, 355","Colônia Murici, Caminho do Vinho",83085-290,"-25.571847606546957, -49.14659988773674","1° café colonial do Caminho do Vinho, oferece  experiência da autêntica gastronomia germânica em local de beleza cênica. A proprietária  Elfrida Dunkel se reinventou aos 57 anos e  alugou uma antiga chácara em 2006, para começar seu negócio","O café foi aberto no dia de Nossa Senhora do Carmo e com fé, trabalho e talento, oferece ao turista  além do café colonial, um café tipicamente alemão na 1a semana de cada mês, com produtos como a típicas tortas de   ruibarbo, queijo e cebola.",Rural,(41)9 9604-3026,(41) 3635-1523,,Elfrida Dunkel,casabelacafe@gmail.com,@casa.bela_oficial,,Durante a semana atende somente grupos acima de 30 pessoas. No final de semana não aceita reservas.,"Sáb, Dom e Feriados: 9:00h às 18:30h; Atende durante a semana mediante reserva de grupos acima de 30 pessoas","Wi-fi, 2 salões com mesas, mesas na área externa, área de lazer  para crianças, espaço para pets.",Sim,"7 Km do aeroporto;  8 Km do centro;  1,5 Km do Contorno Leste/BR 116","Beleza cênica, local silencioso, café colonial tipicamente germânico, decoração da casa e paisagismo local.",2006,Sim,100 pessoas,Não aceita reservas no final de semana,gastronomia germânica,"Sim, com destaques para  as tortas salgadas de  atum, cebolas, ruibarbo e queijo, quiche de alho poró, torna alemã, repolho azedo.",Não,,,,
Casarão Café Colonial,Volume II,295,285,5,2,15,Equipamentos e Serviços,"Cafés, Bares e Lanches","R. João Berger, 6129",Colônia Mergulhão,83085-490 ,"-25.563716513499767, -49.124485533864124","Espaço gastronômico que reúne pratos da culinária local, feitos com receitas que incluem receitas da época das avós. Surgiu em 2001 surgiu aproveitando uma casa já existente que foi transformada em um ambiente aconchegante que oferece doces, salgados, geleias, sobremesas, pães, bolachas, e diversos outros produtos.",,Rural,(41) ‪99750‑3326‬,(41)3635-1237,,,casarao_cafe@yahoo.com.br, @colonialcasaraocafe,www.casaraocafecolonial.com.br,,"Sáb, Dom e Feriados: 11:00h às 19:00h",,Sim,10Km até o aeroporto; 11 Km até o centro;  4 Km até a BR 116,,2001,Sim,Aproximadamente 50 pessoas,,,,Não,,,,
Catarina Bebidas e Lanches,Volume II,296,286,5,2,16,Equipamentos e Serviços,"Cafés, Bares e Lanches","Estrada  Velha do Guaricana, 67",Campo Largo da Roseira,,"-25.732949389174244, -49.1223725304242","Local simples que possibilita uma parada estratégica para quem está na estrada e precisa fazer uma pausa  para descansar e fazer lanches rápidos, tomar um café,  uma  cerveja e/ou  um bom sorvete.",Possui uma pequena mercearia com itens de primeira necessidade.,Rural,(41)9 9524-7201,,-,,jefesantoss@gmail.com,@jeferson_jessica_santos;,-,-,Ter a Dom: 10:00h às 21:00h; Seg: Fechado.  Horário pode mudar de acordo com feriados.,"Mesas e cadeiras na área externa,  banheiro, estacionamento",Não,26 Km do aeroporto; 25 Km do centro;  2 Km da BR 376,"A proprietário nem sempre está direto no local. Às vezes, é necessário chegar e aguardar.",,Sim,"Possui mesas externas para 8 pessoas, podendo ampliar de acordo  com a necessidade.",O local é pequeno. No caso de planejamento de grupos acima de 10 é  recomendável entrar em contato  com o estabelecimento.,-,-,Não,,,,
Cia do Espeto,Volume II,297,287,5,2,17,Equipamentos e Serviços,"Cafés, Bares e Lanches","BR 376, Rod. Br 376",Cruzeiro,84064-290,"-25.539210006097118, -49.19157187540015","A Cia do Espeto é um restaurante  sertanejo e tem como proposta oferecer espetinhos variados, porções, chopp gelado e música ao vivo.",,Urbana,(41)9 9958-3591,,,,,@ciadoespetosjp,-,-,Ter a Sab: 16:00h às 23:00h. Fecha aos domingos,"Comida no local,  acessibilidade, estacionamento amplo",Sim,"2,3 Km do aeroporto; 1 Km do centro; está na BR 376",,,"Sim, utiliza o mesmo estacionamento do espaço Xanguai",-,,"Espetinhos, música sertaneja",,Não,,,,
Delicias da Vovó - Esfihas,Volume II,298,288,5,2,18,Equipamentos e Serviços,"Cafés, Bares e Lanches",Rua Tenente Djalma Dutra 1658,Bom Jesus,83005-360,"-25.546353438203155, -49.203144404235985","Um local aconchegante que serve esfihas gigantes  feitas com massa fresca e fofa a partir de uma receita da família dos proprietários, ricamente recheada com ingredientes de alta qualidade.",As esfihas tem 15 cm de diâmetros e possuem opções salgadas e doces.,Urbana,(41)9 9618-5138,(41) 3383-5013,-,-,-,@deliciasdavovo_sjp,linktr.ee/deliciasdavovo_sj; www.deliciasdavovoesfiharia.com.br,Aceitam reservas para aniversário,Dom a Seg: 17:00h às 23:00h. Horários podem variar nos feriados.,"Mesas  e cadeiras  em áreas interna e externa, embala para viagem.",Sim,5 Km do aeroporto; 3 Km até o centro; 3 Km até a BR 376,"Esfihas de 15 cm com massa artesanal, destaque para creme  de camarão, queijo catupii, a'eitona preta e manjericão e esfiha doce de creme de leite ninho e morango.",2021,Não. Estacionamento gratuito nas ruas laterais.,,-,Esfihas gigantes artesanais,"Sim,  com destaque para a massa de esfiha que é  receita da família dos proprietários",Não,,,,
Do Didi Lanchonete,Volume II,299,289,5,2,19,Equipamentos e Serviços,"Cafés, Bares e Lanches","R. Gen. Catão Mena Barreto Monclaro, 140",São Pedro,83005-510,"-25.54104501373212, -49.19389004878466","Antigo ""Rolts"", funciona como lanchonete e restaurante, servindo lanches, porções durante o dia. À partir das 19:00h oferece também comidas típicas regionais, tais como ""Noite da Galinha Caipira"", "" Noite da Dobradinha"", quirera com suan,  'Noite de Caldos",O restaurante participa do Festival da Tilápia e pertence a mesma família do Pesque e Pague do Didi.,Urbana,,(41) 3146-3434,-,-,vouchersdidi@gmail.com,@restaurantedodidicentro,https://www.cardapiodigital.io/restauranteelanchonetedodidi/,Recomenda fazer reservas para o período da noite,Seg a Sab: 08:00h às 22:00h; Domingo e Feriados: Fechado. Horário pode variar  em feriados.,"Refeição no local e para viagem, serviço de entrega",Sim,3Km até o aeroporto; encontra-se no centro;  300 m da Av. das Torres/BR 376,Caldos e Sopas,-,Não.  Estacionamento gratuito na rua.,,-,"Comida brasileira, caldos e sopas","Caldos e sopas, dobradinha",Não,,,,
Dulce Restaurante,Volume II,300,290,5,2,20,Equipamentos e Serviços,"Cafés, Bares e Lanches","R. Júlio César Setenareski, 3525",Colônia Murici,83085-290,"-25.570179424812117, -49.11456475091787","O restaurante é conhecido por sua variedade de pratos caseiros, como carneiro, porco no rolete e a costela fogo de chão, servidos no buffet.","As sobremesas caseiras, como sagu, arroz doce e canjica, estão inclusas no valor cobrado por pessoa. Possui um espaço destinado a eventos com capacidade de até 300 pessoas. Possui anexo uma sorveteria em forma de cogumelo.",Rural,(41)9 9709-9877,(41) 3635-1085,-,-,-,@dulcerestaurante,https://www.caminhodovinho.tur.br/restaurante-dulce/,-,Sáb: 11:30h às 15:00h; Dom: 09:00h às 17:00h; Seg às Sex: Fechado. Horário pode variar  em feriados de final de ano.,Restaurante e café colonial,sim,10 Km ate o aeroporto; 11 Km ate o centro;  9 Km da BR 116,Restaurante colonial com área de lazer,-,Sim,300 pessoas,,Comida e café colonial,-,Não,,,,
Elcio do Bolinho,Volume II,301,291,5,2,21,Equipamentos e Serviços,"Cafés, Bares e Lanches","R. José Francisco Negoseki, 1025",Colônia Zacarias,83020-838,"-25.58194176250388, -49.21100225453574","O bar foi fundado em 1987 por Élcio Negoseke. Possui dois carros-chefes: o bolinho, receita original da esposa Marina que foi aperfeiçoada  para a venda pelo marido. Ponto de parada obrigatória para quem quer degustar um bom bolinho de carne.","Muito apreciado por ciclistas e    curitibanos, que se deslocam mesmo durante a semana para apreciar os bolinhos. Premiado como Boteco Bom Gourmet 2022. Vende de 500 a 700 bolinhos/Dia. Atende a mais de 150 ciclistas/semana.",Rural,(41)9 9224-1994,(41) 3282-2526,,Élcio Negoseke,,@bardoelciodobolinho,,Muito movimentado geralmente após 20h durante a semana. É aconselhável  fazer pedidos antecipadamente.,Ter à Sáb: 17:30h às 24:00h; Sáb: 9:30h às 20:00h. Dom: Fechado. Horários podem variar nos feriados.,"Ponto de recarga de celular, complexo esportivo para futebol, wi-fi, banheiros,  mesas e cadeiras na parte interna e externa, espaço para crianças com canja de areia, parquinho, camping mirim, 7 coberturas para churrasco, aceita animais de estimação",Não,"11 Km do aeroporto, 7 Km do Centro; 2 Km da BR 376",Bolinho premiado pelo Bom Gourmet 2022,1987,Sim,Atende 300 pessoas simultaneamente,Recomenda que s pais cuidem com atenção  de suas crianças,"Bolinho de carne, sacolé de nutella","Sim, bolinho de carne premiado",Não,,,,
Florana café & Flores,Volume II,302,292,5,2,22,Equipamentos e Serviços,"Cafés, Bares e Lanches","Rua Carlos Kusma Faxina,",Faxina,83023-400,"-25.76782525616256, -49.181458865430656","O conceito da empresa é proporcionar ao cliente a experiência de um delicioso café colonial dentro de uma estufa florida, acompanhado por orquídeas, suculentas e pés de morangos. Oferece lindas tortas decoradas com flores e frutos.","Durante a temporada de morango, os clientes podem saborear o café e  colher suculentos morangos. Possui uma programação diversificada para família, incluindo  passeio de charrete, uma fonte de desejos e um espaço para atividades ao ar livre.",Rural,(41)9 9537-8027,(41) 9970-7578,-,Ana Maria kuche,-,@floranacafecomflores,https://linktr.ee/floranacafecomflores,Sim,O espaço é aberto ao público somente em dias de evento  nos finais de semana e feriados. Entrar em contato  e consultar midias sociais para verificar a programação.,"Café colonial, colheita de morangos durante a temporada, charrete, espaço para lazer ao ar livre, balanços, aceita animais de estimação",-,34 Km do aeroporto; 33 Km do centro; 8 Km ate a BR 376,"Torta doce de pétalas de rosas, torta de flores,  café com flores, morango com nata",,Sim,,Colheita de morango somente durante a temporada.,"Orquídeas, Bolo Com Pétalas de Flores,  bolo com pétalas de rosas e torta de flores comestíveis, morangos",sim,Não,,,,
Gardens Coffee,Volume II,303,293,5,2,23,Equipamentos e Serviços,"Cafés, Bares e Lanches","Rua Visconde de Rio Branco, 1800",Centro,83005-420,"-25.53690804898309, -49.200562564813346","Local aconchegante e confortável, indicado para reuniões de negócios, trabalho ou para fazer uma pausa no centro da cidade. Oferece opções de café de qualidade, chocolate quente, bebidas geladas  doces e salgados, incluindo alguns sanduíches quentes.","O local é preparado para que os clientes possam sentar e trabalhar confortavelmente, online ou offline.",Urbana,(41)9 9821-1042,,,,gardenscoffeesjp@gmail.com,@gardenscoffeesjp,-,-,Seg a Sab: 08:30h às 18:00h. Abre ocasionalmente aos domingos. Horários podem variar conforme o feriado ou festividades da cidade.,"Mesas, cadeiras e sofás adequados para reuniões de trabalho, local para recarga de celular, bebidas quentes e geladas,  opções de brunch, cafés, doces e salgados. Também serve açai.",Não,4 Km do aeroporto; encontra-se no centro; 4 Km da BR 376,Possui opção sem lactose. O cliente pode pedir pequenas modificações no cardáveio. Está proximo  da Catedral de São José  ao lado de serviço de lava-carros e farmácia.,2022,Não.,15 pessoas,,Cafés,Chantili servido nos cafés é feito na casa.,Não,,,,
Joseph,Volume II,304,294,5,2,24,Equipamentos e Serviços,"Cafés, Bares e Lanches","Piso Li do Shopping São José , na Rua Dona Izabel A Redentora, 1434 - Q-103",Centro,83005-010,"-25.538068162792005, -49.2043855353514","O Joseph Café é uma cafeteria estrategicamente  localizada no piso L1 do Shopping São José. O ambiente acolhedor e tranquilo serve uma variedade de cafés, tortas salgadas e doces, além de pães recheados como o tradicional pão de batata com requeijão.",Oferece também opção de brunch e bebidas  geladas preparadas com café. Localizado  perto do Museu Atilio Rocco,Urbana,(41)9 9999-9826,,,,josephcafe.contato@gmail.com,@josephcafe,bit.ly/josephcardapio,-,"Seg a Sab: 10:00h às 22:00h
Dom:  14:00h às 20:00h. Horário pode variar nos feriados.","Oferece mesas em ambiente climatizado, comida no local e  para viagem.",sim,"4 Km do aeroporto;  encontra-se na área central;  1,5 Km da BR 376/Avenida das Torres",Café com bolo sírio e  bolo red velvet,-,sim,30 pessoas,,"Cafés, brunch, doces e salgados",-,Não,,,,
Juliatto Café Colonial,Volume II,305,295,5,2,25,Equipamentos e Serviços,"Cafés, Bares e Lanches","R. Júlio César Setenareski, 3883",Colônia Mergulhão,83290-085,"-25.570068115404776, -49.112384615878256","Localizado no Caminho do Vinho, o espaço se destaca pela decoração rústica e pela vista para um lago sereno, sendo ideal para quem busca tranquilidade e contato com a natureza. O nome do estabelecimento homenageia uma das famílias tradicionais da região, cujos descendentes, atuais proprietários, mantêm viva a herança da produção artesanal de vinhos, sucos e geleias — produtos que também integram o café colonial servido no local.",,Rural,(41) 99834-5417,,,,,,https://www.caminhodovinho.tur.br/juliatto-cafe-colonial/,Aceita reservas,"Sáb: 12:00h às 18:00h; Dom e feriados: 11:00 às 18:00h por ordem de chegada, Horário pode variar em feriados religiosos","Crianças de 6 a 10 anos pagam metade do buffet, enquanto crianças de até 5 anos não pagam. O local possui   parque infantil, lago com pedalinho com ingresso vendido separadamente e um pequeno bosque com redário.",Sim,11 Km até o aeroporto; 12 Km até o centro; 5 Km até a BR 116,"Entre os destaques do cardápio estão o porco no tacho, o caldo de mandioquinha com carne seca, empadão, bolo de morango com suspiro, bolo de especiarias e quindim. ",2020,Sim,,,Café colonial,,Não,,,,
La Brasa Burguer SJP,Volume II,306,296,5,2,26,Equipamentos e Serviços,"Cafés, Bares e Lanches","R. Alm. Alexandrino, 1087",Parque da Fonte,83040-420,"-25.504229802973875, -49.18016040439801","O horário estendido permite que clientes aproveitem o jantar com tranquilidade, seja para um encontro informal, uma saída em família ou uma refeição rápida após um dia de trabalho. É recomendável acompanhar as redes sociais para atualizações sobre promoções, novos sabores e possíveis alterações de expediente em datas comemorativas.","O horário estendido permite que clientes aproveitem o jantar com tranquilidade, seja para um encontro informal, uma saída em família ou uma refeição rápida após um dia de trabalho. É recomendável acompanhar as redes sociais para atualizações sobre promoções, novos sabores e possíveis alterações de expediente em datas comemorativas.",Urbana,,(41) 3383-2764,,,, @juliattocafecolonial,https://pedidos.labrasaburger.com.br/unidade/sao-jose-dos-pinhais/,Sim,Ter a Dom: 18:00h às 23:30h,É uma das poucas opções de alimentação no entorno do Parque da Fonte,Sim,6 Km até o aeroporto; 5 Km até o centro;  2 Km até 277,,,Sim,Aproximadamente 40 pessoas,,Hambúgueres,,Não,,,,
Linda Café,Volume II,307,297,5,2,27,Equipamentos e Serviços,"Cafés, Bares e Lanches","Empresarial Jankosz - R. Visc. do Rio Branco, 1604",Centro,83005-420,"-25.53611146785138, -49.20256681969112","Criada na garagem do antigo e belo casarão que hoje abriga o Empresarial Jankosz. O local é de beleza arquitetônica,  possui  mesas em um espaço coberto e charmoso e também uma lojinha para aquisição de grãos e equipamentos para preparar o café em casa.","Oferece  cafés especiais preparados com grãos selecionados, expressos e opções coadas, doces e salgados, sucos  preparados com ingredientes frescos e de alta qualidade.",Rural,(41)9 9817-4396,,-,"Alessandro André Ferreira Bueno

Ermelinda Claudiane dos Anjos",lindacafeteria22@gmail.com,@lindacafeteria,-,Aceita encomendas,Seg a Sáb:  08:30às 18:30h; Dom e feriados: 14:00h às 18:00h,"Mesas e cadeiras  em um deck,  mesas e cadeiras internas, cadeiras protegidas com pele de carneiro no inverno, lojinha com venda de grãos selecionados e equipamentos para preparo do café em casa.","Sim; possui assentos, banheiro e entrada com acessibilidade para pessoas em  cadeira de rodas.","4 Km ate o aeroporto;  encontra-se no centro;  4,6 Km da  br 376","Local charmoso e aconchegante, cafés selecionados,   destaque para o Moccha Belga, receita desenvolvida pela casa.",2022,Não. Estacionamento gratuito na rua.,40 pessoas,-,Cafés especiais,Moccha Belga,Não,,,,
Lusi Padaria & Confeitaria - Costeira,Volume II,308,298,5,2,28,Equipamentos e Serviços,"Cafés, Bares e Lanches","R. Carlos Drumond de Andrade, 348 - 2 endereços",Costeira,83015-440,"-25.56915660600033, -49.15714222805075",Local tranquilo para comecar o dia ou  fazer uma pausa durante a viagem no caminho das colônias. A  padaria  é  artesanal e os doces são  lindos e difíceis de escolher. Tem cafeteria anexa e ótimas opões para levar para presentear amigos e familiares.,"Você pode  escolher  doces e salgados na padaria e complementar com opções de cafés especiais, drinks e brunch na área da cafeteria. A cafeteria  possui mesas para pequenos grupos e tem uma bela decoração com destaque para o tabuleiro de xadrez vertical.",Urbana,(41)9 9187-9137,,-,Juliano Ligeski de Ramos,padaria.lusi@gmail.com,@padarialusi,-,-,Seg à Sab: 06:30h–20:00h; Dom: 07:00h–18:00h. Horário pode variar nos feriados.,"Wi-fi, mesas para pequenos grupos, aceita encomendas, embala para viagem.",Sim,"6 Km do aeroporto;  6, 6 Km do centro; 1 Km da BR 116","Pães artesanais,  doces lindamente decorados, pão de queijo, atendimento, decoração.",,Local fácil de estacionar,30 pessoas.,-,"Padaria, confeitaria, café",Sim,Não,,,,
Madero Steak House Afonso Pena,Volume II,309,299,5,2,29,Equipamentos e Serviços,"Cafés, Bares e Lanches",Av. Rocha Pombo - Área Institucional Aeroportuária,,,"-25.536234445957273, -49.17195705389569","O Madero é uma rede de restaurantes fundada pelo chef Júnior Durski, conhecido por seu hambúrguer artesanal. A marca foi criada em 2005, em Curitiba, com o primeiro Steak House localizado no Largo da Ordem, e expandiu-se para São José dos Pinhais em 2008, com uma unidade no Shopping São José. O restaurante também se destaca pela beleza de sua arquitetura e pelas cores diferenciadas, proporcionando uma experiência estética sofisticada.","Além da unidade do Aeroporto, está presente no endereço: Av. das Torres, 1994 - São Cristóvão.",Área Institucional Aeroportuária ,,(41) 3012- 1794,-,Grupo Madero,https://www.restaurantemadero.com.br/pt/contato, @maderobrasil,www.restaurantemadero.com.br,"Sim. Para reservas de grupos, é necessário que ao menos metade dos integrantes esteja presente no horário agendado.","Qui e  Dom:  11:45h às 22:30h; Sex e Sáb: 11:45h às 22:30h; Delivery: Seg a Dom, 11:45h às 22:00h","O restaurante oferece um cardápio variado, que inclui entradas, saladas, fettuccines, cheeseburgers, carnes e sobremesas. Há cheeseburgers nas versões Junior, Clássico e Super (com até 390 g de carne), carnes grelhadas como picanha argentina e frango assado, massas com filé-mignon e sobremesas artesanais — além de opções vegetarianas, veganas e pratos saudáveis, todos preparados com ingredientes frescos e sem conservantes.",Sim,"Unidade Aeroporto: 4,5 Km até o centro; 6 Km até a BR 116","As receitas mais famosas do chef Júnior Durski são o Cheeseburger, o L’Entrecôte e o Petit Gâteau de doce de leite.",,Sim,Aproximadamente 100 pessoas simultâneas,Recomenda-se fazer reservas antecipadamente.,,Sim,Não,,,,
Marina 2 - Bar e Futebol,Volume II,310,300,5,2,30,Equipamentos e Serviços,"Cafés, Bares e Lanches","Está dentro do complexo de futebol do Elcio do Bolinho - R. José Francisco Negoseki, 1025",Colônia Zacarias,83020-838,"-25.581725059137888, -49.21058650755151",O Marina 2 é um complexo onde fuciona  a  lanchonete Marina 2 e  9 campos de futebol que  atendem  aos  times e grupos de amigos da região e mesmo de outras cidades.  São realizados diversos eventos ligados ao mundo do futebol ao longo do ano.,"O nome da lanchonete foi dado em homenagem à esposa do Élcio Negoseke, criadora do famoso bolinho  de carne da região. O bolinho de Marina foi posteriormente  aperfeiçoado para  comercialização pelo marido, fazendo nascer  a fama do  ""Elcio do Bolinho"".",,(41)9 9224-1994,(41) 3282-2526,-,Élcio Negoseke,,@bardoelciodobolinho,,É aconselhável  fazer pedidos antecipadamente.,Ter à Qui: Fechado. Sab e Dom: 08:30 às 21:00h. Seg: 16:30h às 21:00h.  Horários podem variar nos feriados e em dias de eventos.,"Comida de Boteco, Wi-Fi, banheiros, 1 campo de futebol oficial, 1 campo sintético, 07 campos suíços, parquinhoinfantil, camping mirim, 7 coberturas para churrasco,",Não,"11 Km do aeroporto, 7 Km do Centro; 2 Km da BR 376",Bolinho premiado pelo Bom Gourmet 2022,,Sim,Atende 300 pessoas simultaneamente,Não pode trazer bebidas de fora.,Bolinho de carne e campo de futebol,"Sim, bolinho de carne premiado",Não,,,,
Mr Hoppy - beer & burguer,Volume II,311,301,5,2,31,Equipamentos e Serviços,"Cafés, Bares e Lanches","R. Veríssimo Marques, 1442",Centro,83005-410,"-25.536228322849986, -49.19915950821876","Com uma atmosfera descontraída e funcionários tão amigáveis quanto suas cervejas e drinks gelados, o Mr. Hoppy é uma rede especializada em chopes especiais, drinks, porções e hambúrgueres artesanais.","Os atendentes são corteses, a decoração é convidativa e interessante, tornando o local muito agradável. Uma boa opção para reunir-se com a família e  amigos, experimentar opções como  chop de vinho e os hambúrgueres artesanais em uma atmosfera acolhedora.",Urbana,(41)9 9886-8529,,-,-,-,@mrhoppysjp,mrhoppy.com.br,-,Dom a Qui: 17:00h às 00:00h; Sex e Sáb: 17h às 02:00h; Seg: Fechado Horário pode variar nos feriados,"Wi-fi, embrulha para viagem, música, ambientes com mesas  para conversar, diversos ambientes. O clientes gostam de ficar do lado de fora conversando e tomando cerveja.",Sim,"3,8 Km do aeroporto;  está na região central;  1 Km da Av. das Torres",Hamburgueres e o ambiente descontraído,,Estacionamento  nas ruas laterais,-,,Hamburgueres e cervejas,sim,Não,,,,
Nostra Italia Cafeteria & Osteria,Volume II,312,302,5,2,32,Equipamentos e Serviços,"Cafés, Bares e Lanches","R. Júlio César Setenareski, 2900",Colônia Mergulhão,83085-290,"-25.570141246475444, -49.12381990854648","Inserido no tradicional Caminho do Vinho, o Nostra Italia é um espaço que combina o charme de uma cafeteria italiana e o aconchego de uma osteria (pequeno restaurante com atmosfera familiar). A proposta do local é proporcionar aos clientes uma pequena experiência da Itália no Caminho do Vinho.","O local oferece cafés especiais (quentes e gelados), sanduíches elaborados com frios e embutidos italianos, como presunto de Parma, salames curados, pães artesanais e salsichas especiais, além de queijos nobres e iguarias típicas de empórios gourmet. O café trabalha com cafés especiais de altíssima pontuação e bebidas autorais à base de café.",Rural,(41) 9 9113-9651,,,,, @nostraitaliacafe,,Recomenda-se reservar antecipadamente. As reservas devem ser feitas pelo Instagram e whatsapp.,"Sáb e Dom: 11:00h àsa 18:00h. Horários podem variar em feriados, podendo funcionar em alguns e não abrir em outros.","O cardápio oferece paninis italianos, focaccias, bruschettas, peras ao vinho e outros lanches simples, preparados como nas casas das nonas italianas.
É possível fazer refeições rápidas, degustar um brunch ou adquirir produtos para levar.",,10 Km até o aeroporto; 11 Km até o centro; 4 Km até a BR 116,"Bebidas autorais com cafés especiais de alta pontuação; pães especiais. Arquitetura típica, beleza estética.",2022,Sim, 40 pessoas,O local é pequeno. Pede-se fazer reservas para grupos antecipadamente.,"Cafés especiais, pães italianos",Sim,Não,,,,
Overtime Sport Burguer,Volume II,313,303,5,2,33,Equipamentos e Serviços,"Cafés, Bares e Lanches","R. Mendes Leitão, 3197",Centro,83005-150,"-25.541877289664583, -49.206874004236056","Hamburgueria e bar de esportes.  Além dos hamburgueres artesanais  de nomes criativos relacionados ao esporte e chopp gelado, a batata da casa também faz muito sucesso entre os frequentadores.","O local é elogiado peltanto o sabor  dos hamburgueres como também pela boa música, pelo    ambiente familiar, aconchegante e bem cuidado. Pedidos podem vir acompanhados de maionese da casa, de pimenta, maionese de wasabi ou molho barbecue.",Urbana,(41)9 9111-0068,,-,-,overtime.burguers@gmail.com,@overtime.burgers,www.overtimeburgers.com.br,Sim,Ter à Qui: 18:30h às 22h; Sex e Sáb: 18:30h às 22:30h; Dom: 18:30h às 22:00h. Horário pode variar nos feriados.,"Wi-fi, entrega, pedidos podem ser feito por aplicativo próprio.",Não,"4,5 Km do aeroporto;  encontra-se na região central;  2,9 Km da  BR 376",Hamburgueres artesanais e sanduiches autorais batizados com nomes relacionados ao esporte.,,Local fácil de estacionar,50 pessoas sentadas,Não recebe animais,"Hamburgueres artesanais, chopp gelado",Sim,Não,,,,
Pani Sena,Volume II,314,304,5,2,34,Equipamentos e Serviços,"Cafés, Bares e Lanches","Alameda Arpo, 1243",Cruzeiro,83010-290,"-25.552222222061236, -49.17617303141035",Opção de padaria e confeitaria na região do bairro Cruzeiro.,Oferece  variedade de doces e salgados  e também oferece almoço e marmitex. Possui estrutura para receber pequenos grupos (15 – 20 pessoas).,Urbana,(41)9 9787-3961,(41) 3587-0646,-,-,-,@panisena,https://panisena.menudino.com,Aceita encomendas. Pedidos podem ser feito pelo site.,Seg a Sex: 06:30h às 20:00h; Sáb: 07:00h às 20:00h. Dom e Feriados: Fechada,"Mesas e cadeiras na parte interna, em  três ambientes, banheiro, produtos de panificação e padaria. Possui algumas vagas de estacionamento em frente a loja, mas possui lugares fáceis de parar em torno do quarteirão.",Sim. Possui acessibilidade para cadeirantes,"3 Km do aeroporto;  3,5 Km do centro;  1 Km da BR 116",-,-,Sim. Possui estacionamento em frente a  entrada da padaria mas é mais fácil de estacionar nas ruas laterais.,-,-,Produtos de panificação e padaria,-,Não,,,,
Panificadora Costa,Volume II,315,305,5,2,35,Equipamentos e Serviços,"Cafés, Bares e Lanches","R. Antonio Singer, 4842","Campo Largo da Roseira,",83091-002," -25.651143949813505, -49.18841748861879","Oferece uma variedade de pães, bolos, lanches rápidos e doces, muitos deles de fabricação própria. O ambiente é simples e acolhedor, com opções de café da manhã, lanches rápidos e encomendas para eventos, como festas e confraternizações.","O local é pequeno e simples, o atendimento é ágil e o ambiente  é familiar. Possui algumas mesas no interior e 2 mesas na parte exterior. Serve de ponto de parada de ciclistas.  ",Urbana,(41)991338734,,,,,X,X,X,Seg a Sáb: 06:00h às 20:00h; Dom:07:00 às 19:30h. Horários podem variar em feriados.,Possui mesas e cadeiras na parte interna e externa.,Não,"16 Km até o aeroporto,  15 Km até o centro; 5 Km até a BR 376","É um ponto de alimentação estratégico durante o dia,  na região. Principalmente para quem passa pela manhão.",,Nas ruas laterais,,,,,Não,,,,
Panificadora Manumania,Volume II,316,306,5,2,36,Equipamentos e Serviços,"Cafés, Bares e Lanches",R. Cap. Tobias Pereira da Cruz,Carioca,83005-050,"-25.544028860585566, -49.199148398975055","A Manumania é uma panificadora que, além de diferentes opções de lanches e produtos de café da manhã, oferece almoço durante a semana, café colonial e feijoada aos sábados. O torresmo também é preparado segundo receita própria.
","Organiza festival de esfihas,  possui uma grande variedade de receitas próprias, doces e salgados bem acabados.",Urbana,(41)9 9967-4151,(41) 3146-5866,,,,@manu_manias,,-,Seg a Sex: 07:00h às 19:00h; Sáb: 07:00h às 17:00h.  Café colonial e feijoada aos sábados. Horário pode variar  em feriados.,"Mesas, serviços de panificadora, almoço durante a semana, café colonial e feijoada aos sábados.",sim,4 Km do aeroporto;  500 m do Centro;  2 Km da BR 376,Café colonial e feijoada aos sábados; temporada de caldos no inverno,,Sim,-,-,"Produtos de padaria, feijuca - feijoada estilo Manumania",Sim,Não,,,,
Panificadora Nogueira BR 376,Volume II,317,307,5,2,37,Equipamentos e Serviços,"Cafés, Bares e Lanches","BR-376, s/n - Contenda",Contenda,83183-000,"-25.730551688094998, -49.13395364187293","Produtos coloniais, padaria, confeitaria e lanchonete  diversificada, oferece variedade de produtos para   para quem está indo ou chegando de viagem e precisa de abastecer  a despensa. Encontra-se de tudo um pouco.","Parada estratégica para ciclistas e viajantes recuperarem as energias. Boas opções de pães de fabricação própria, bebidas quentes, além de ovos caipiras, favos de mel e geléias de produção local.  Possui mesas externas e internas.",Rural,(41)9 9906-5568,(41) 3634-1131,-,-,-,@padaria.nogueira,panificadoranogueira376.com.br,,Sab a Qui: 06:30h às 20:30h; Sex.: 06:30h às 21:00h; Dom: 07:00h às 18:00hh. Fecha para férias coletivas; Horário pode variar nos feriados.,"Comida no local e para viagem, mercadinho, bebidas, produtos coloniais, banheiro, varanda externa com mesas",Sim,"23,7 Km do aeroporto; 24 Km do centro; esta na lateral da BR 376, no Km 634","Sanduíche Colonial no Pão Caseiro, produtos orgânicos",1992,sim,50 pessoas sentadas,-,"Panificadora, lanchonete, mercearia, confeitaria",Sim,Não,,,,
Panificadora Nogueira Centro,Volume II,318,308,5,2,38,Equipamentos e Serviços,"Cafés, Bares e Lanches","R. Mendes Leitão, 3806",Centro,83005-150,"-25.54014783157566, -49.206986800000266","A padaria oferece uma diversidade de doces e salgados muito bem preparados, além de bolos, panetones e biscoitos de fabricação própria.","Um local que atende muito bem pessoas que buscam desde um café rápido até um brunch, com mesas para trabalhar ou fazer uma pequena reunião enquanto apreciam o café. O espaço possui poucas mesas.
",Urbana,,(41) 3634-1131,-,-,-,@nogueirapanificadora,-,-,Seg a Sáb: 07:00h às 20:00h. Domingo: Fechado. Horário pode variar nos feriados.,"Comida no local e para viagem, encomendas, wi-fi",Não,"4,5 Km do aeroporto;  encontra-se no centro; 3,8 Km da BR 376","Broa úmida de fubá, pães artesanais, biscoitos natalinos.",,Local fácil de estacionar,18 pessoas sentadas,-,"Panificadora, confeitaria,",Sim,Não,,,,
Pão da Colônia Panificadora,Volume II,319,309,5,2,39,Equipamentos e Serviços,"Cafés, Bares e Lanches","R. Dr. Murici, 1105",Colônia Murici,83015-290,"-25.586815029960636, -49.125869085606794","Ambiente simples e objetivo; oferecer boas oções para quem, quer somente um pão com manteiga ou  prefere um café ou lanche  reforçado.  No cardápio, além do pão frances,  estão:  mini pão de frios,  esfiha aberta,  mini pizza, língua de sogra,  cuca recheadas, torteletes de creme com morangos ou uvas,  sonhos  e muitas opções de bolos para quem quer comemorar aniversário de forma descontraída.",É uma parada estratégica  para quem está de passagem pelas proximidades e já se transformou em parada obrigatória para ciclistas.,Rural,,(41) 9928-4132,-,-,-,@pao_da_colonia,-,Aceita encomendas.,Seg a Sab: 7:00 às 19:00h;  Dom e feriados: Das 8:00h às 18:00h,Oferece serviço de encomenda de bolos de diversos sabores e bem acabados.,Não,10 Km até o aeroporto; 9 Km até o centro; 5 Km até a BR 116,-,-,Sim,-,-,"Panificadora, confeitaria",-,Não,,,,
Pastelaria Tio Pedro,Volume II,320,310,5,2,40,Equipamentos e Serviços,"Cafés, Bares e Lanches","Av. Rui Barbosa, 9176",Centro,82530-060,"-25.537876052541566, -49.20176264287125","É a  pastelaria mais tradicional da cidade. Oferece a mesma qualidade e sabor há anos, o que traz  um gosto de infância aos moradores! Com uma variedade de pastéis, lanches e porções feitos na hora, é uma  opção para um lanche rápido no centro da cidade.","Sem frescura gourmet, a fachada simples esconde a praticidade, qualidade e preço justo. Local apreciado por ciclistas.Turistas estrangeiros gostam de comprar  o molho  que é servido junto com o pastel. Possui oções de pastéis doces.",Urbana,,(41) 3035-1577,,,ver@gmail.com,@PastelariaTioPedro,-,Massa de pastel acima de 5 metros necessitam ser encomendadas com antecedência.,"Seg a Sex: 07:00h às 18:30h; Sáb: 07:00 às 17:00h, Dom e Feriados: Fechado","Possui opções vegetarianas e veganas, vende molho da casa para viagem; possui espaço reservado para crianças;  salgados para revenda;  vende massa de pastel por metro (mínimo de 1 m); acima de 5 metros de massa é necessário fazer encomendas.",Sim. Possui rampa para cadeirante e pessoas com mobilidade reduzida,"4 Km do aeroporto; encontra-se no centro;  1, 5 Km da Av. das Torres","Pastel de chocolate; Pastel de vento e pastel de queijo são os preferidos das crianças.  O molho da casa é apreciado por turistas estrangeiros, que costumam comprar para levar na viagem.",-,Não. Local fácil de estacionar,80 pessoas,-,Pastéis,Massa de pastel e molho que acompanha os pastéis são as principais destaques autorais.,Não,,,,
Phunk Sound Room,Volume II,321,311,5,2,41,Equipamentos e Serviços,"Cafés, Bares e Lanches","Rua Tv. José Zillioto, 105",Centro,83005-080,"-25.53731121943827, -49.207086244337106","Criado com a missão de promover uma fusão cultural característica da cultura brasileira, o local oferece uma fusão cultural de arte urbana, boa música com a  gastronomia.","A atmosfera única promove desde o Hip Hop e Rap até o eletrônico, com performances ao vivo de quinta a domingo. A experiência gastronômica inclui receitas autorais de hamburgueres, drinks e cerveja.",Urbana,(41)9 9906-8102,,,Rafael Gutierrez,phunkbarsjp@gmail.com,@phunksoundroom,-,-,Ter a Sex: 17 às 00:00h; Sáb.: 17:00h às 03:00h; Dom: 17:00h às 00:00hh. Seg.: Fechado; Horário pode variar nos feriados.,"Música ao vivo, comida na madrugada, DJ, wi-fi",Não,"4, 5 Km ate o aeroporto;  está no centro; 4,6 Km ate a BR 376",Comida e música alternativa até a madrugada,2023,Local fácil de estacionar,,,,-,Não,,,,
Porky's,Volume II,322,312,5,2,42,Equipamentos e Serviços,"Cafés, Bares e Lanches","R. Sete de Setembro, 328 - Centro",Centro,83005-100,"-25.537568905823047, -49.20654918935428","Rede brasileira que oferece opções gastronômicas  preparadas com carne de porco de alta qualidade, oferece  receitas  tradicionais e inovadoras. Podem ser consumidas à mesa, no balcão ou em pé.","Os clientes podem desfrutar de petiscos , hamburgueres e sanduíches  acompanhados de  chopes artesanais. O ambiente é  ambiente animado e  o  espaço é pet friendly.O funcionamento é  enxuto  e sem garçons, tonando preços mais acessíveis.",Urbana,"(41)9964557,69",(41) 3403‑6378 ,-,Renata Marcondes de Lima,, @porks_sjp,,,Ter a Sex: 17:00 às 00:00h;. Sáb:11:30 às 01:00h; Dom: 17:00h às 00:00h,"Feijoada aos sábados, aceita animais, não possui garçons, Wi-fi, estacionamento para carros e ônibus, musica ao vivo",,5Km do aeroporto; encontra-se no centro;  500 m da Av. das Torres/BR  376;,Referência em Carne de porco  de alta qualidade,,Local fácil de estacionar,,,"Carne de porco, chope acompanhado de blues e rock",Sim,Não,,,,-
Rizzard hamburgueria,Volume II,323,313,5,2,43,Equipamentos e Serviços,"Cafés, Bares e Lanches","R. Nilto Jacob, 81","Parque da Fonte,",83050-670,"-25.49241359806964, -49.17052340656045","A hamburgueria tem como proposta  o atendimento rápido em ambiente casual. Os hamburgueres são feito com carne fresca, o que dá mais sabor ao produto final. Possuem cardápio online e costumam fazer edições limitadas de alguns tipos de hamburgueres e doces","Também possuem opções de sobremesa, milkshakes,  drinks, sucos,combo para casais, cardápio para crianças. Para quem tem fome de comida, tem o Dell'ris:  várias opções de comida combinadas que são servidas  com as porções separadas.",Urbana,(41)9 9576-8190,,-,,,@rizzardbr,ww.rizzardsjp.menudino.com,Aceita reservas,Seg a Dom: 18:30h às 23:30h.,"Wi-fi, consumo no local, embala para viagem, serviço de entrega, estacionamento descoberto",Sim,"8 Km do aeroporto;  6,5 Km do centro;  0,5 Km da BR 277",Edições limitadas  de hamburgueres e doces que não estão no cardápio.,,"Sim, aberto.",50 pessoas,,Hamburgueres artesanais,Sim,Não,,,,
Seu Luiz - Bar & Petiscaria,Volume II,324,314,5,2,44,Equipamentos e Serviços,"Cafés, Bares e Lanches","Tv. José Ziliotto, 223 - Centro, São",Centro,83005-080,"-25.537336262195996, -49.206813868318186","O Bar do Seu Luis oferece comida de boteco, com aperitivos e drinks  muito bem preparados. Considerado o melhor bar  de São José dos Pinhais em 2023. O ambiente é familiar, animado e muito concorrido. Atende por ordem de chegada.","É recomendável fazer a reserva para evitar tempo longo de espera. Atende grupos. Música ao vivo (sertanejo, pagode, samba).  Cozinha chefiada pela cheff Julia Marianna Rodrigues Block",Urbana,,(41) 3534-5747,-,Júnio Souza,adm@barseuluis.com,@barseuluis,-,sim. Recomenda-se fazer sempre,Seg a Sáb: 18:00h às 23:00h. Horário pode variar nos feriados,"Refeição no local; entrega; reservas; wi-fi; espaço para crianças, happy hour.",Sim,"4,5 Km aeroporto;  está no centro; 7 Km da BR 376","Referência em Comida de Boteco,",,Local fácil de estacionar,200 pessoas sentadas. Em ampliação.,Não aceita pets,Comida de boteco,"Sim, da cheff Julia Marianna Rodrigues Block",Não,-,-,-,-
Tere Nogueira Bolacharia e padaria,Volume II,325,315,5,2,45,Equipamentos e Serviços,"Cafés, Bares e Lanches","Av. Rui Barbosa, 8371",Centro,83040-550,"-25.53158337368342, -49.196242775400464","O Tere Nogueira oferece uma seleção de pães, bolachas, bolos e café, todos artesanais e preparados com criatividade e paixão pela gastronomia. Destaca-se pela variedade de opções de lanches, produtos sempre frescos e um ambiente acolhedor e diferenciado.","Transforma pratos simples em sofisticados, sem cobrar preços astronômicos. Você pode experimentar a criatividade da casa em um pão na chapa, um pão com ovo ou um delicioso bolo de strogonoff de nozes com damasco. Serve almoço de segunda a sábado.",Urbana,,(41) 3058-6552,-,-,padaria.terenogueira@hotmail.com,@terenogueirapadaria,-,Aceita encomendas,Padaria: Seg a Sex: 06:30h às 19:30h. Sab:  07:00h às 18:00h;  Dom e Feriados: Fechado Almoço de Seg a Sex: 11:30h às 13:30h.,"Serviços de panificadora, comida no local e para levar, wi-fi, almoço, aceita encomendas.",Sim,"4,5 Km do aeroporto; encontra-se no centro; 2 Km da Av. das Torres","Local aconchegante e climatizado, pães artesanais, lanche para crianças, mesas em espaço coberto e mesas em espaço aberto.",-,"Sim, poucas vagas, descoberto.",,-,"Pães artesanais, bolacharia",Sim,Não,,,,
Titolla - Café Ateliê de Bolacha,Volume II,326,316,5,2,46,Equipamentos e Serviços,"Cafés, Bares e Lanches","R. Ivaí, 216",São Pedro,83020-080,"-25.54946930399626, -49.192184148416246",Nesse charmoso ateliê de bolachas austríacas mãe e filha se uniram para criar bolachas artesanais  cuidadosamente preparadas. As receitas de família são cuidadosamente preparadas e proporcionam uma experiência única.,"Os  clientes podem desfrutar de um café completo e artesanal em um jardim lindamente decorado. A decoração inspirada na Áustria  transporta os visitantes para um cenário de contos de fada, tornando cada visita uma  experiência encantadora.",Urbana,(41)9 9903-6008,,,,,@titollabolachas,www.titollabolachas.com.br,É necessário fazer reservas para o café. O local aceita reservas para eventos.,Seg a Sex: 08:00h às 18:00h. Sab e Dom: Fechado. Horário pode variar  em feriados.,"Café da manhão ou da tarde, venda de produtos, café de experiência, oficinas de bolachas, vivência para mães e filhos. Cursos temáticas  para lazer ou para interessados em novos empreendimentos relacionados à produção de biscoitos.",Não,"4 Km do aeroporto;  2,4 Km do centro;  400 m da Av. das Torres","As  bolachas  surpreendem pelo sabor, textura e aroma. A decoração do Jardim e de todo o local transporta a pessoa para a Europa e com  elementos da natureza.",2015,Não. Estacionamento fácil  nas ruas laterais.,,,Bolachas de receitas austríacas familiares.,"Sim, todas as receitas das bolachas.",Não,,,,
Wolf Grelhados - Hamburguer,Volume II,327,317,5,2,47,Equipamentos e Serviços,"Cafés, Bares e Lanches","R. Dr. Flávio Zetola, 371",Três Marias,83030-680,"-25.53336724092859, -49.211057853428585","A hamburgueria  se caracteriza por sua originalidade no preparo de diferentes combinações de ingredientes. O cardápio foge da concepção tradicional de hamburgures e fritas,  utilizando pães artesanais, formatos  criativos e inusitados.","Oferece uma experiência diferenciada, edições limitadas,  hamburguer preparado com croassaint  e  misturas inusitadas, como o  Fucking Fries, que leva batata palito frita, coberta com nutella, sorvete de creme e finalizado com leite ninho.",Urbana,(41)9 9256-4769,,,,,@_wolfsb,www.wolfsbr.com,-,Seg a Qui: 18:30h às 22:00h. Sex e Sáb:  18:30h às 23:00h  Horário pode variar nos feriados.,"Wi-fi, mesas para consumo no local, cadeirinhas para crianças",Sim,5 Km do aeroporto; menos de 1 Km do centro; 8 Km da BR 277,"Hamburgueres artesanais criativos,  mistura de ingredientes inovadoras",,Não. Estacionamento nas ruas gratuito.,,,"Hamburgueres artesanais, várias opções de hamburgures vegetarianos",Sim,Não,,,,
Zeppolis Pães e Doces,Volume II,328,318,5,2,48,Equipamentos e Serviços,"Cafés, Bares e Lanches","R. Paraiso, 484",Roseira de São Sebastião,83070-165,"-25.518400433089045, -49.125492821229585","É  uma pequena padaria e confeitaria artesanal com foco em produtos feitos à mão. Oferece desde pães de fermentação natural até bolos, doces, salgadinhos e itens personalizados como mini-assados e bolos temáticos.",O ambiente é acolhedor e indicado tanto para um café da manhã reforçado quanto para um lanche da tarde diferenciado. É uma boa opção para  turistas e viajantes  que passam pela região. ,Urbana,(41)98430-3095,,,, -, @zeppolipaesedoces,,,Seg a Dom: 06:000h às 20:00h. O horário pode variar em feriados.,,Sim,"12 Km até o aeroporto; 12 Km até o centro; 1,5 Km até a BR 116","Produtos feitos sem conservantes, atendimento simpático e ambiente agradável. Os produtos são bem acabados e cuidadosamente organizados na vitrine, proporcionando também uma experiência estética a quem passa por ali.",,,,,,,Não,,,,
,Volume II,329,,,,,,Compras e Apoio ao Turista,,,,,,,,,,,,,,,,,,,,,,,,,,,Não,,,,
Armazém do Produtor - Quiosque,Volume II,330,319,5,3,1,Equipamentos e Serviços,Compras e Apoio ao Turista,"R. Quinze de Novembro,  em frente ao No 2025",Centro,83005-000,"-25.538537542527752, -49.19901241311166",O armazém é um quiosque que funciona como importante ponto de venda de produtos  coloniais e  artesanato local.  Os vendedores são os próprios produtores que fazem rodízio entre si.,"No quiosque podem ser encontrados  molhos, conservas, doces, bolachas, chips de banana, geleias, queijos, suculentos  morangos congelados, mandioca, compotas, doces, dentre outras, dependendo da estação do ano.",Urbana,(41)9 8788-0672,,,,,@quiosqueecosolsjp,-,Aceita encomendas.,Seg a Sex: 09:00h às 18:00h. Sab: 09:00 às 14:00h. Dom: Fechado Horário pode variar  em feriados.,Venda de produtos coloniais e artesanato local produzidos pela Economia Solidária,Não,4 Km do aeroporto; encontra-se no centro; 850m  da Av. das Torres,"Produtos coloniais, morangos congelados.",,Não.  Estacionamento nas ruas laterais.,-,-,Venda de artesanato e produtos coloniais.,-,Não,,,,
Armazén Rústico - Moveis,Volume II,331,320,5,3,2,Equipamentos e Serviços,Compras e Apoio ao Turista,"R. Dr. Murici, 4155 - Costeira",Costeira,83015-290,"-25.567553223047177, -49.15529288534162","Armazém de móveis rústicos, oferece móveis de qualidade em madeira maciça tais como sofás em madeira e couro, bancos, a clássica namoradeiras, mesa e banquetas em  peroba, com detalhes em ladrilhos no estilo colonial.",Está localizado próximo ao  Caminho do Vinho e Colônia Murici.,Urbana,(41)9 9552-0664,(41) 3282-4100,-,-,-,@armazem.rustico,-,-,Seg a Sáb: 09:00h às 17:30h; Dom: Fechado. Horário pode variar  em feriados.,Venda de móveis rústicos,"Sim, mas dentro da loja a pessoa pode ter dificuldade em se locomover.",6 Km do aeroporto; 6 Km do centro; 600 m do Contorno Leste/BR 116,Móveis rústico;,,Sim,-,,Móveis rústicos em madeira,,Não,,,,
Arte Pharmacêutica,Volume II,332,321,5,3,3,Equipamentos e Serviços,Compras e Apoio ao Turista,"MATRIZ - R: Isabel a Redentora, 2076; R. Visc. do Rio Branco, 1945 - FILIAL",Centro (Matriz),83005-010,"-25.54006195257534, -49.19864681562129","Especializada em serviços farmacêuticos, possui um singelo museu da arte farmacêutica  composto por equipamentos e vidrarias antigas.","Dispõe de serviço de entrega de medicamentos e oferece uma ampla variedade de produtos de beleza, cuidados dermatológicos e complementos de saúde.",Urbana,(41)9 9169-4197,(41) 3383-0532,,,contato@artepharmaceutica.com.br,@artepharmaceutica,www.artepharmaceutica.com.br,-,Seg a Sex: 08:00h às 18:30h; Sáb: 08:00h às 13:00h. Horário pode variar  em feriados.,"Delivery de medicamentos homeopaticos, venda no balcão, farmácia de manipulação; delivery.",Sim,3 Km do aeroporto; esta no centro da cidade; 1 Km da BR 376,Pequeno museu da arte farmacêutico,-,Sim,-,-,"Manipulação, homeopatia, delivery, homeopatia veterinária",,Não,,,,
Az de Espadas - Loja,Volume II,333,322,5,3,4,Equipamentos e Serviços,Compras e Apoio ao Turista,"Rua Dona Izabel A Redentora, 1901",Centro,83005-010,"-25.53900886662414, -49.19991147954756","Loja tradicional  especializada na venda de materiais e equipamentos  para diversos modalidades esportivas, incluindo  sobrevivencialismo.","A loja oferece uma diversidade de produtos  para a prática de camping, cutelaria, defesa pessoal, natação, pesca, arco e flecha, futebol, artes marciais, natação, tênis e tênis de mesa. Também comercializa medalhas e troféus.",Urbana,(41)9 9698-3369,(41) 3035-4191,,,sacsite@azdeespadas.com.br,@loja_azdeespadas,www.azesportesecamping.com.br,-,Seg a Sex: 10:00h às 19:00h; Sáb: 09:00h às 13:00h. Horário pode variar em feriados.,Venda de equipamentos  materiais para vários tipos de esporte,Não,"3,3 Km do aeroporto;  encontra-se no centro;  4,5 Km da BR 116","Diversidade de artigos esportivos de diferentes modalidades; artigos e equipamentos para ciclistas, montanhismo",1944,Não,-,,Materiais e equipamentos  para prática de esportes,-,Não,,,,
Beija Flor - Plantas Nativas e Raras,Volume II,334,323,5,3,5,Equipamentos e Serviços,Compras e Apoio ao Turista,"Estrada do Gêre, 1540",Campo Largo da Roseira,83091-010,"-25.65636807244513, -49.2022287604432","Conhecida por sua coleção de plantas raras, como begônias, samambaias e cactos, além de flores sazonais como as flores de outubro, flores de maio e cacto orquídea, cada exemplar é cuidadosamente mantido.","O zelo e a dedicação da florista transparecem na beleza exuberante das folhas e flores, tornando a Beja Flor uma boa parada para os amantes da natureza e da jardinagem.",Rural,(41)9 9626-6685,,-,-,-,@beijaflorplantasraras;  @IraciPereiraIrisPereira/videos,-,-,Sab. Dom e Feriados: 08:00h às 18:00h. Horário pode variar em feriados.,"Venda de plantass nativas e raras, plantas medicinais e vasos no atacado e varejo",-,18 Km até o aeroporto; 17 Km do centro;  7 Km ate a BR 376,Plantas raras e nativas muito bem cuidadas,,Sim,-,-,"Plantas  nativas e raras de produção própria,   plantas medicinais e vasos no atacado e varejo.",-,Não,,,,
Bike Shop Adventure,Volume II,335,324,5,3,6,Equipamentos e Serviços,Compras e Apoio ao Turista,"R. Jorge Mansos do Nascimento Teixeira, 210",Centro,83005-500,"-25.54277480527817, -49.193083451731226","Loja especializada na venda de bicicletas, peças e equipamentos para ciclistas tanto amadores quanto profissionais. Promove diversos cursos ligados à manutenção da  bicicleta e à conduta do ciclista.","Oferece circuitos para todas as modalidades, sejam ciclistas iniciante ou experiente. Não é necessário possuir uma bicicleta própria para participar dos circuitos, pois a loja  oferece serviço de aluguel com uma variedade de modelos disponíveis.",Urbana,,(41) 3283-6829,-,,-,@bikeshoping,bikeshop.cgdw.com.br,Inscrições pelo site,Seg a Sex: 10:00h às 19:00h; Sáb: 09:00h às 13:00h. Dom: Fechado. Horário pode variar   em feriados.,"Venda de bicicletas, peças e equipamentos para ciclistas, organização de passeios para iniciantes e experientes; locação de bicicletas.",Sim,3 Km do aeroporto;  encontra-se no centro; 500m da BR 376,Venda de bicicletas nacionais e internacionais,,Não,-,-,Venda de bicicicletas e acessórios.,-,Não,,,,
Bio Arts - Marcenaria,Volume II,336,325,5,3,7,Equipamentos e Serviços,Compras e Apoio ao Turista,"Av. Rui Barbosa, 7735",Centro,83005-340,"-25.52755363263592, -49.19246232443843","Criação artesanal de  móveis rústicos   utilizando  madeiras que seriam descartadas em peças exclusivas, belas e duráveis.","Cada móvel é cuidadosamente tratado com resina epóxi e depois lapidado, gerando peças únicas  para cada cliente.  O trabalho é artesanal e a venda é feito por encomenda através de plataformas online. A loja física está programada para 2025.",Urbana,(41)9 9632-6659,(41) 9726-6529,,-,bioartsmarcenaria@gmail.com,@bioarts.marcenaria,www.bioartsmarcenaria.com.br,"Aceita  encomendas pelo site,  whatsapp ou email",Não possui loja física,Produção de móveis rústicos resinados com madeiras maciças,-,Loja física ainda não esta definida.,Móveis rústicos resinados  refinados e elegantes,-,-,-,Encomendas pelo site e whatsapp,Peças de madeiras maciças  artesanalmente resinadas,-,Não,,,,
Bolachas Vovó Elza,Volume II,337,326,5,3,8,Equipamentos e Serviços,Compras e Apoio ao Turista,"Rua Izabel A Redentora, 1434, Loja 128, Piso L1, Shopping São José",Centro,83005-010,"-25.53738903829133, -49.20436240423626","A loja tem sua origem nas receitas centenárias da Vó Elza da cidade de  Gaspar, Santa Catarina e estabelecidas em Curitiba desde 1998. A loja tem ótimas lembrancinhas  tradicionais e também criativas na forma de biscoitos para quem passa pela cidade.","Algumas opções criativas são as caixas de bolachas de mel cobertas com chocolate e amanteigados decorados com mini rosas, o biscoitos aquarela, que pode ser colorido e depois comido e o  pote coração, composto por 3 tipos de bolachas amanteigadas.",Urbana,,(41) 3216-1029,-,-,-,@bolachasvovoelza,lojabolachasvovoelza.com.br,Atende todo o Brasil,Seg a Sáb: 10:00h às 22:00h; Dom:14:00h às 20:00h. Horário pode variar  em feriados.,"Venda de biscoitos, presentes, lembrancinhas na forma de biscoitos e opções criativas. Vendas on line para todo o Brasil.",Sim,"4 Km do aeroporto;  encontra-se na área central;  1,5 Km da BR 376/Avenida das Torres",Lembrancinhas para todas as idades; biscoitos para colorir e comer,-,Sim,-,-,Biscoitos de receitas da família,Sim,Não,,,,
Casa do Campo - Móveis Rústico e Decoração,Volume II,338,327,5,3,9,Equipamentos e Serviços,Compras e Apoio ao Turista,"Rod. Br 376, 2131",Centro,83005-446,"-25.541845668035496, -49.190909406151526","A loja possui autenticidade e combina tradição, estilo e o charme do rústico. Cada peça é escolhida com esmero pela proprietária. Oferece uma variedade impressionante de móveis e objetos de decoração vindos de várias partes do Brasil.","Possui uma localização estratégica, próxima ao centro da cidade, facilitando o acesso a decoradores, designers de interiores e apreciadores de móveis rústicos. Também possui artigos para jardins, incluindo fontes de queda d´água  feitas à mão.",Urbana,(41)9 9589-0921,,-,-,casadocampo699@gmail.com,@casadocampomoveisrusticos; @casadocampo699,www.ccmoveisrusticos.com.br,-,Seg a Sex: 09:00h às 18:00h. Sab:  09:00h às 14:00h;  Dom e Feriados: Fechado,"Venda de diveross móveis rústicos e artigos de decoração para casas de campo, decoração estilo country. Móveis rústicos mineiros,  de madeira de demolição, balanços, namoradeiras, aparadores, mesas, cristaleiras",Não,"2,5 Km do aeroporto;  menos de 500 m do centro; encontra-se na BR 376","Proprietária faz criteriosa curadoria de peças de madeira, objetos de cerâmica de todo o Brasil. Local para quer ter inspiração e  ter idéias para de casa de campo e decoração  estilo country. Peças para decoradores.",,Sim,-,-,"Móveis rústicos e objetos de de coração para casas de campo, estilo country",-,Não,,,,
Cerâmica Tortato,Volume II,339,328,5,3,10,Equipamentos e Serviços,Compras e Apoio ao Turista,"R. Teófilo Negosek, 296  (Também chamada de Nestor Negoseki)",Colônia Zacarias,83020-836,"-25.585927318045403, -49.2022535070297","O local  é  simples  e reúne  cerâmica e  olaria.   Os produtos surpreendem pela qualidade   e acabamento dos tijolos refratários  usados para  a construção de fogões a lenha e churrasqueiras, incluindo tijolos maciços, curvos e com diferentes espessuras.","Além disso, oferece acessórios  de ferro fundido de alta qualidade como fornos, chapas e portas, garantindo um acabamento resistente e duradouro.  O proprietários são atenciosos e o local ainda tem equipamentos para quem gosta de cozinhar.",Rural,(41)9 8536-3345,,,,,https://linktr.ee/tortatoficial; @tortatoficial,www.tortatoficial.com.br,Aceita encomendas e entrega para todo o Brasil.,Seg a Sex: 08:00h às 18:00h. Sab: 09:00h às 17:00h.  Horário pode variar  em  feriados.,"Venda e fabricação  de tijolos refratários, incluindo tijolos curvos e de revestimento de lareiras; venda de acessórios  de ferro para lareiras, fogões a lenha e churrasqueiras",Não.,9 Km ate o aeroporto;  8 Km ate o centro; 2Km ate a BR 376/116;,"O tijolos refratários  maciços e curvos de alta qualidade, produtos de ferro da região de Cláudio, MG que combinam perfeitamente com os tijolos; produtos de ferrro para cozinha rústica",,Sim,-,-,"Tijolos refratários e artigos de ferro fundido de alta qualidade e resistência, artigos de ferro fundido para cozinha.",-,Não,,,,
Chácara Gomes - Produtos Rzeznik,Volume II,340,329,5,3,11,Equipamentos e Serviços,Compras e Apoio ao Turista,R. Lisímaco Cruz - Area Rural,,,"-25.759879947665215, -49.19262488338016","O local é rústico e  oferece sucos, doces, salgados e produtos coloniais, venda de cogumelos paris, morango, verduras e legumes.",,Rural,(41)9 9701-7985,,,,,@produtosrzeznik,-,-,Sab e Dom: 14:00h às 22:00h. Seg a Sex: Fechado.,"Venda de sucos, doces e salgados e produtos coloniais, venda de cogumelos paris, morango, verduras e legumes",Sim,32 Km do aeroporto;  31 Km do centro; 10 Km da BR 376,"Lanches coloniais, verduras, legumes, morangos, cogumelo Paris.",,Sim,-,,"Cogumelos Paris, Morango, Verduras e Legumes, lanches coloniais",',Não,,,,
Complexo Comercial  R7,Volume II,341,330,5,3,12,Equipamentos e Serviços,Compras e Apoio ao Turista,"Alameda Arpo, 2565",Costeira,83010-290,"-25.55994512175981, -49.16532378889111","É um centro comercial de médio porte localizado no bairro Costeira.. Oferece  aproximadamente 32 lojas  distribuídas entre  comércio e serviços localizada em ponto  estratégico para quem  está na região, ou próximo ao Caminho do Vinho. Ponto de parada  estratégico muito apreciado por ciclistas.",,Urbana,,,-,,, @r7comercialalameda,,,Lojas possuem horário de funcionamento distintos. Horário pode variar nos feriados.,"Restaurantes, sorveteria, farmácia, academia,  ferragens, produtos de beleza, loja de reparos e equipamentos para bicicletas, academia, loja de suplementos, dentre outros.",Sim,"4,5 Km ate o aeroporoto; 5 Km ate o centro;  1 Km da BR 116",Serviços e compras de apoio ao turista/ciclistas,,Sim,100 veículos,,Comércio e serviços,,Não,,,,
Copenhagen Store Moda Country,Volume II,342,331,5,3,13,Equipamentos e Serviços,Compras e Apoio ao Turista,"R. Barão do Cerro Azul, 2828",Santo Antônio,83025-140,"-25.552923945146294, -49.20505495674636","É referência em moda country e também se destaca pelo apoio a eventos da cultura country, incluindo projetos voltados para jovens. Oferece variedade de produtos masculinos, femininos e infantis, incluindo para bebês, além de  acessórios de couro legítimo.","Destacam-se peças bordadas para rodeios, chapéus em feltro e palha, botas texanas, botinas para trabalho, fivelas, moda campeira e itens tradicionais como tererê e cuia. Desenvolve o  projeto 4 x 4  que visa divulgar a cultura country entre jovens.",Urbana,(41)9 9952-6687,,-,-,-,@copenhagenstorebrasil,www.copenhagenoficial.com.br,-,Seg a Sex: 09:30h às 19:00h. Sab:  09:30h às 18:00h;  Dom: Fechado. Horário pode variar  em feriados.,"Produtos masculinos, femininos e infantis, acessórios de couro legítimo, tais como carteiras, chaveiros e botas, peças bordadas, chapéus em feltro e palha, botas texanas, botinas para trabalho, fivelas, tererê e cuia, moda bebê country",-,6 Km do aeroporto;  2 Km do centro;  3 Km da BR 376,"Moda country e campeira, moda bebê country a partir de 3 meses. Projeto 4 x 4  que busca divulgar e fortalecer a cultura country entre os jovens.",-,Sim,-,-,Moda country,-,Não,,,,
Empório Vinhos & Olivas,Volume II,343,332,5,3,14,Equipamentos e Serviços,Compras e Apoio ao Turista,"R. Joinville, 3060",São Pedro,83020-000,"-25.551654302397562, -49.19343619422496","O Empório Vinhos e Olivas é conhecido por sua seleção sofisticada de produtos importados de alta qualidade, incluindo chocolates Nugali, variedades de azeitonas,   tábua de frios com produtos da Vale Fertil e presentes especiais.","Também são encontrados   queijos, com destaque para o Queijo Tipo Asiago Witmarsum, de sabor doce e delicado e os vinhos selecionados para cada ocasião.",Urbana,(41)9 9164-6655,(41) 3283-2461,-,-,emporio@vinhoseolivas.com.br,@emporio_vinhoseolivas,,Aceita encomendas,Seg a Sab: 09:00h às 19:00h. Dom: Fechado. Horário pode variar  em feriados.,"Seleção de vinhos, produtos importados, variedade de queijos, azeitonas e chocolates, presentes",Sim,4 Km do aeroporto; 2 Km do centro; 1 Km da BR 376,"Azeitonas, Produtos Vale Fértil, caponata siciliana,  pão italiano artesanal.",,Sim,-,,Empório de produtos de alta qualidade,-,Não,,,,
Feira do Produtor - Mercado,Volume II,344,333,5,3,15,Equipamentos e Serviços,Compras e Apoio ao Turista,"R. Colombo, 1975",Centro,83025-300,"-25.53690546311725, -49.194890167486825",Feira dos produtores locais que acontece aos sábados no estacionamento da loja agropecuária CLAC - Cooperativa de Laticinios Curitiba Ltda.,"Nesta  feira, são vendidos produtos tais como embutidos,  hortaliças, pães caseiros, massas e bolos. Ela permite que os produtores comercializem o excedente de produção que não conseguiram vender durante a semana.",Urbana,,(41) 3035-5850,-,-,-,@cooperativa-de-laticinios-curitiba,https://clac.lwsite.com.br/,-,Sáb: 08:00 às 12:00h. Horário pode variar  em feriados.,Venda de produtos agropecuarios e coloniais.,-,4 Km até  o aeroporto; encontra-se no centro;  500 m da A. das Torres,Venda de produtos direto do produtor,-,Não. Estacionamento gratuito na rua.,-,-,Produtos  agropecuários e coloniais,-,Não,,,,
Fiets Bikes,Volume II,345,334,5,3,16,Equipamentos e Serviços,Compras e Apoio ao Turista,"R. Jorge Mansos do Nascimento Teixeira, 780",São Pedro,83005-500,"-25.547347500399194, -49.19562491958006","A Fiets se destaca por oferecer bicicletas e equipamentos de alta qualidade para ciclistas de todos os níveis, seja para estrada, pista ou trilha.  Ponto de parada  e de apoio para ciclistas  e  simpatizantes, possui um café junto com a loja.","A empresa atende tanto atletas profissionais quanto amadores. Além de bicicletas, oferece uma variedade de produtos complementares, como tênis, vestuário, peças e equipamentos.",Urbana,,(41) 3146-5945,-,,,@fietssaojose,www.fiets.com.br,-,Seg a Sex: 10:00h às 19:30h; Sáb: 09:00h às 13:00h. Horário pode variar  em feriados.,"Venda de bicicletas,  vestuário, peças, equipamentos, consertos, ponto de apoio ao turista, café.",Sim,"3,6 Km do aeroorto;  2 Km do centro; 4 Km até a BR 376","Variedade de bicicletas importadas e nacionais,  café e ponto de apoio para ciclistas",,Sim,-,-,Venda de bicicleta,,Não,,,,
Holy Bikes,Volume II,346,335,5,3,17,Equipamentos e Serviços,Compras e Apoio ao Turista,"Alameda Arpo, 2565, loja 20 -  Complexo R7",Ouro Fino,83010-290,"-25.56010268442604, -49.16538167150898","A Holy Bikes é uma loja especializada em bicicletas novas e usadas, peças e acessórios, estrategicamente posicionada no complexo R7, por onde passam inúmeros ciclistas. A loja oferece equipamentos de manutenção e apoio aos ciclistas.",,Urbana,,(41) 3678-0193,-,-,-,@holybikessjp,-,-,Seg a Sex: 9:00 às 19:00h; Sáb.: 9:00h às 14:00h; Dom: Fechado. Horário pode variar  em feriados.,,,"4,5 Km ate o aeroporoto; 5 Km ate o centro;  1 Km da BR 116",,,,,,Bicicletas,,Não,,,,
Mercado Zeglin,Volume II,347,336,5,3,18,Equipamentos e Serviços,Compras e Apoio ao Turista,"R. Carlos Kusma, 59",Faxina,83183-000,"-25.763074888993515, -49.18353217670138","Oferece compras estratégicas para o dia a dia para os moradores locais e para quem está passando pela região. São encontraos itens básicos como  alimentos, itens de higiêne e limpeza, água, cuias para chimarrão, etc.",,Rural,(41)9 9591-9333,(41) 3046-9003,-,,-,-,-,-,Seg a Sáb: 07:30h às 17:45h. Domingos e feriados: Fechado. Horário pode variar durante feriados religiosos e festas de final de ano.,Comercializa gêneros alimentícios em geral e entrega à domicílio.,-,31 Km do aeroporto;  30 Km do centro; 9 Km da BR 376,-,-,Sim,-,-,Comercialização de itens básicos,-,Não,,,,
Mobiliario do Designer Roni Sebben,Volume II,348,337,5,3,19,Equipamentos e Serviços,Compras e Apoio ao Turista,Estrada da Velha Guaricana,Roça velha,,"-25.729927538120076, -49.095586323667966","Roni Sebben é um ecodesigner e empresário de projetos de madeira além de proprietário de reserva particular na Serra da Guaricana. Roni transforma  troncos descartados e árvores retiradas pela Copel  em bancos, esculturas de madeira, puffs de eucalipto.",Suas peças valorizam e dão visibilidade ao material natural e também proporciona uma destinação nobre para a madeira.,Urbana,,(41) 9995-7851,-,-,roni@ronimarmoveis.com.br, @roni.sebben; https://www.youtube.com/watch?v=QfLOXObFmV0,-,-,-,"Alguns dos trabalhos estão dispostas no Parque são José, na Praça do Verbo Divino e na torre panorámica de Curitiba",Sim,30Km até o aeroporto; 29 Km km até o centro; 5 Km até a BR 376,Produtos rústicos que harmonizam-se com a paisagem.,-,-,-,-,Escultura em madeira,-,Não,,,,
Konhol - Agroindústria Geleias e Doces,Volume II,349,338,5,3,20,Equipamentos e Serviços,Compras e Apoio ao Turista,"R. Dr. Murici, 7166",Colônia Murici,83085-235,"-25.582352449619442, -49.13454043617912","Empresa familiar que se dedica à produção artesanal de doces e  molho de tomate. Boa parte das matérias-primas utilizadas na produção é cultivada na propriedade da família. O pomar da  agroindústria funciona como uma sala de aula aberta, sendo procurado desde  estudantes universitários à escoteiros que se interessam em conhecer a produção agrícola da família.","O nome foi criado pelo primeiro dono da propriedade, o Sr. Kondrat Holtman, que é o avô da geração atual que está à frente da produção. ""Granja"" refere-se a uma pequena propriedade rural. “Konhol” deriva do nome do Sr. Kondrat, responsável pela criação de um anagrama com as iniciais de seu próprio nome e que deu origem à marca Konhol.",Rural,(41)9 9244-6016,,-,,ester_holtman@hotmail.com,@g.konhol,,,Seg a Sex: 9:00h às 17:00h; Sáb: 9:00h às 12:00h. Abre nos feriados. Domigo: Fechado,,,"9 Km até o aeroporto; 9 Km até o centro; 3,5 Km até a BR 376",Oferece visitas guiadas ao pomar.,,Sim,,,Doces e molho de tomate artesanais,,Não,,,,
Pezão - Morangos,Volume II,350,339,5,3,21,Equipamentos e Serviços,Compras e Apoio ao Turista,"R. Benjamim Negoseki, 5556A",Cachoeira,83021-250,"-25.593642765670054, -49.23638113677489","Produção de morangos in natura e congelados. Seus  frutos são muito apreciados pelos moradores locais, comerciantes  e  boleiras da região  que usam a fruta no preparo de  arranjos.",A propriedade cultiva morangos  para abastecer a Ceasa. As encomendas devem ser feitas previamente pelo whatsapp e agendar o horário para retirada no local.,Rural,(41)9 9196-2966,,-,Maria Cecília Negoseki,mnegoseki@yahoo.com.br,-,-,Sim,"De outubro a março, durante a temporada de morangos,  atende todos os dias das 06:30 às 18:00h",Cultivo  de morangos,sim,"13 Km do aeroporto; 7,8Km do centro; 3,7 Km da BR 376;  650 da BR 376",-,-,Sim,-,-,"Morangos ""in natura"".",-,Não,,,,
Poncho Crioulo,Volume II,351,340,5,3,22,Equipamentos e Serviços,Compras e Apoio ao Turista,"R. Joinville, 3829",São Pedro,83005-550,"-25.55610513208703, -49.1876796365401","Loja indicada para quem aprecia as modas campeira e country. Oferece produtos veterinários, rações em geral e selaria. É reconhecida pelo incentivo ao desenvolvimento agropecuário no município e realiza entregas para todo o Brasil.","Dispõe de uma ampla variedade de trajes gaúchos e country, incluindo calças, botas, chapéus masculinos e femininos, cintos e produtos de couro, além de ponchos femininos, saias de prenda, bombachas capeiras, ponchos crioulo e saias em Oxford.",Urbana,(41)9 9225-4009,,-,-,-,@ponchocrioulo,-,-,Seg a Sex: 08:00h às 18:00h. Sab:  08:00h às 15:00h. Domingo: Fechado.  Horário pode variar  em feriados,"Produtos veterinarios, moda country, moda capeira",Sim,5 Km  até o aeroporto; 3 Km do centro; 1 Km até a Av. das Torres,-,1998,Sim,-,-,"Produtos veterinários, moda campeiro e moda country",-,Não,,,,
Portal Móveis Rústicos,Volume II,352,341,5,3,23,Equipamentos e Serviços,Compras e Apoio ao Turista,"Rodovia BR 376 km 14 n15250 - , São José dos Pinhais - PR, 83015-000",Ouro Fino,83015-000,"-25.564862887860528, -49.183553943102496","Oferece móveis rústicos de fabricação própria feitos com  madeira de demolição.  Destacam-se as tradicionais cristaleiras de madeira de peroba, os bancos com couro,  as grandes mesas de madeira com cadeiras ripadas, dentre outros.",Uma loja para quem gosta de apreciar a arte de trabalhar a madeira,Rural,(41)9 9205-6339,(41) 3336-6317,-,-,-,@portalmoveisrusticos; @portalmoveisrusticosmurici,,Aceita encomendas.,Seg a Sex: 09:00h às 18:00h. Sab: 09:00h às 16:00h; Dom: Fechado. Horário pode variar  em feriados.,Fabricação e venda de móveis rústicos de madeira de demolição,Sim,4 Km ate o aeroporto; 4 Km ate o centro;  3 Km da BR 376,Móveis pesados e resistentes.,,Sim,-,-,Móveis rústicos de madeira de demolição.,-,Não,,,,
Queijaria Sapori Italiane,Volume II,353,342,5,3,24,Equipamentos e Serviços,Compras e Apoio ao Turista,"R. Estéfano Woicikievisz, 12",Area Rural,83085-505,"-25.553493234384526, -49.12734027674934","Carla Helena e Antonio Gualano trazem a autêntica tradição italiana à Queijaria Sapori Italiani, produzindo queijos artesanais  com leite de vaca Jersey de alta qualidade, com curas que variam de 2 a 10 meses.","São destaques a  ricota cremosa, o caciocavallo, queijos  trança, Scamorza e San Gargano.  A queijaria tem como referência cultural e gastronômica Puglia, região Sul da Itália onde a família de Antônio produz queijos há quase 50 anos.",Rural,(41)9 9784-8684,,,"Carla Helena Guerra Carvalho Gualano, Antonio Gualano,",carlahelena.carvalho@gmail.com,@queijariasaporiitalian,https://linktr.ee/queijariasaporiitaliani,Sim,Qui: 13:30h à 18:00h; Sex à Dom: 10:00h às18:00h; Seg. a Qua: Fechado. Horários podem variar no feriado.,"Possui mercearia de produtos coloniais de alta qualidade, oferece espaço para artistas plásticos locais exporem seus produtos. Aceita  reserva para grupos que desejam uma refeição com sabor italiano. Vende hidromel.",Sim,"10 Km do aeroporto; 10 Km do centro; 3,4 Km da BR 116","Queijo Caciocavallo Medalha  PRATA no VI Prêmio Queijo Brasil, 2023; Queijo Scamorza ao vinho Medalha OURO no  VI Prêmio Queijo Brasil, 2023.",,Sim,,,Queijo Artesanatos,Sim. Queijos de fabricação própira,Não,,,,
Rancho da Cuia,Volume II,354,343,5,3,25,Equipamentos e Serviços,Compras e Apoio ao Turista,"Av. das Américas, 2212",Tres Marias,83030-640,"-25.53333113584689, -49.19520439100039","Destaca-se por ter a  maior cuia do Brasil em sua área externa, medindo 12,20m de altura e 5,5m de diâmetro, sendo também a única cuia giratória do país. Atende às necessidades dos amantes da cultura gaúcha.","É uma loja completa do sul do Brasil, oferecendo uma variedade de produtos típicos, como erva mate, cachaças e itens de moda sulista. Com belas palas femininas, cuias e bombas para chimarrão, seleção de facas e produtos de decoração.",Urbana,(41)9 9763-0092,(41) 3398-9813,,,ranchodacuia@yahoo.com.br,@ranchodacuia; @rancho.da.cuia,www.ranchodacuia.com.br,-,Seg a Sab: 08:00h às 19:00h. Dom: 08:00h às 12:00h. Horário pode variar  em feriados e dias festivos.,Venda  e entrega de produtos.,Sim,"3,5 Km do aeroporto;  Menos de 1 Km do centro;  100 m da Av. Das Torres; 6 Km da BR 277",É uma loja completa para quem desema conhecer a cultura do Sul. Oferece também vários tipos de cachaças brasileiras e produtos mineiros.,,Sim,-,-,"Loja temática gaúcha, com vestuário e acessórios tradicionais.",-,Não,,,,
Rancho dois Irmãos,Volume II,355,344,5,3,26,Equipamentos e Serviços,Compras e Apoio ao Turista,"R. Carlos Kuzma, S/N, a 1,4 Km da Capela |N. Senhor Bom Jesus  Campestre da Faxina",Campestre,,"-25.73083052334689, -49.1688521919828","A propriedade produz queijos artesanais sem adição de conservantes. Entre seus produtos, destacam-se o queijo minas frescal com limão e ervas, frescal temperado, frescal em formato de coração, nozinho grande, mininozinho, queijo meia cura e doce de leite. A empresa realiza entregas em Curitiba e região.","Encomendas podem ser feitas pelo telefone, whatsapp ou Instagram. Horário de entregas à combinar.",Rurals,(41) 995337797,,-,Edna Silvana e Marim,ednasilvana2021@gmail.com,@rancho2irmaos,,Sim. Atende por encomendas.,-,Vende somente por encomendas até o momento.,Não,27 Km até o aeroporto;  26 Km até o centro; 7 Km até a BR 376,Queijo Minas Frescal temperado com limão e ervas e mininozinho,,-,-,Entrega por encomendas,Queijos e derivados,Sim,Não,,,,
RK Gravações à Laser,Volume II,356,345,5,3,27,Equipamentos e Serviços,Compras e Apoio ao Turista,"R. Joinville, 3001 - Loja 07 (Dentro da galeria do supermercado Condor)","São Pedro,",83020-000,"-25.550499437373333, -49.19344061074002",Esta localizada na galeria do supermercado Condor.  A loja foi criada inicialmente para oferecer ao mercado opções de presentes masculinos.Possui  uma variedade de facas personalizadas que destacam pelo design e qualidade além de  brindes corporativos.,"Oferece belas facas personalizadas, produtos para colecionadores e sobrevivencialistas,  tábuas de churrasco de madeiras nobres. Cada item é cuidadosamente selecionado para garantir qualidade e originalidade.",Urbana,(41)9 8480-6622,(41) 8523-2738,-,-,rkfacasacessorios@gmail.com,@rkfacas_eacessorios,,Aceita encomendas.,Seg: 13:00h - 20:00h; Ter a Sab: 09:00h às 20:00h; Dom: Fechado. Horário pode variar  em feriados.,"Venda de facas e acessórios personalizados, facas para churrasco com oções de gravação a laser.",Sim,4 Km do aeroporto;  2 Km do centro; 1 Km da BR 376,"Facas de design diferenciado de  alta qualidade, tábua de madeira  madeiras nobres.",,"Sim, do próprio supermercado.",-,É uma loja pequena dentro da galeria.,"Facas e acessórios, gravação a laser.",,Não,,,,
RM Cutelaria,Volume II,357,346,5,3,28,Equipamentos e Serviços,Compras e Apoio ao Turista,"Rua Isidoro Haluch,110 - B",Colônia Murici,,"-25.58990790979536, -49.130357263534215","Localizada perto do Orquidário das Araucárias, o artesão Reginaldo Haluch produz vários tipos de facas artesanais tais como faca de pesca, santoku, facão kukri, acabamento brut forge  e diversos produtos relacionados com a arte da cutelaria.","Produz espetos de aço para churrasco, recupera  antigos facões, afia disco de arado, vende bainhas e canivetes e faz  manutenção de facas, troca de cabos e afiações em geral tais como de disco de arado a alicate de cutícula. Também faz cópia de chaves.",Rural,(41)9 9925-3293,,,Reginaldo Haluch,-,@regi_haluch,-,Aceita encomendas.,Seg a Sáb: 09:00h às 17:00h. Dom: Fechado. Horário pode variar  em feriados.,"Serviços de cutelaria, cópia de chaves, amolação  e recupera facas, amolação de  alicates e disco de arado.",Sim,10Km até o  aeroporto; 11 Km do centro; 5 Km até a BR 116,Local de produção de facas artesanais,-,"Não. Estacionamento na estrada, local fácil de parar.",-,,Facas artesanais,-,Não,,,,
Salumeria Negosek,Volume II,358,347,5,3,29,Equipamentos e Serviços,Compras e Apoio ao Turista,"R. José Francisco Negoseki, 589",Colônia Zacarias,84020-838,"-25.581534525588108, -49.21018661827148","Oferece produtos coloniais 100% suínos, produzidos artesanalmente. Utiliza matéria-prima de alta qualidade para elaborar linguiças, salames, torresmo e banha, com destaque para  a linguiça Blumenau, vendida na loja da fábrica.","Os visitantes costumam ser atendidos  pelo  proprietário. Os produtos da salumeria também podem ser encontrados na Feira do Produtor que acontece aos sábados, das 06:00h às 10:00h, na Loja Agropecuária CLAC.",Rural,(41)9 9192-8825,,-,-,-,@salumeria.negosek,-,-,Seg a Sex: 09:00h às 17:00h. Sab:  10:00h às 17:00h. Horário pode variar  em feriados.,Venda de  em embutidos de carne suína,Não,10 Km até o aeroporto; 7 Km do centro;  2Km até a BR 376,Embutidos suínos de fabricação própria.,-,Sim,-,-,Embutidos suínos.,-,Não,,,,
Setim alimentos,Volume II,359,348,5,3,30,Equipamentos e Serviços,Compras e Apoio ao Turista,"R. São Pedro do Ivaí, 322",São Pedro,83020-070,"-25.550174154795904, -49.190330679785774","A loja da fábrica dos produtos Setim  esta localizada no bairro  São Pedro. Oferece oportunidade de compras de excelentes produtos coloniais  dentro da cidade, para pessoas que não tem tempo de ir ate as colônias.","Comercializa conservas, embutidos, doces e compostas típicas, como os tradicionais  roll-mops, conserva de sardinha típicamente alemã, ovos de codorna, dentre outras",Urbana,(41)9 9983-5008,(41) 3383-5315,-,,setim@setimalimentos.com.br,-,-,-,Seg a Sex: 10:00h às 19:00h; Sáb: 09:00h às 13:00h. Horário pode variar  em feriados.,"Comércio de alimentos em conserva, produtos coloniais",Não,3 Km do aeroporto;  2 Km do centro;  5 Km  da BR 376,"Roll-mops (sardinha em conserva), palmito, ovos de codorna, mel",,,,Não tem consumo no local.,Produtos em conseva de fabricação própria.,,Não,,,,
Shopping  São José,Volume II,360,349,5,3,31,Equipamentos e Serviços,Compras e Apoio ao Turista,"Rua Izabel A Redentora, 1434",Centro,83005-010,"-25.53738903829133, -49.20436240423626","Localizado na região central e a  7 minutos do  aeroporto, possui mais de 170 lojas  que se distribuem entre moda, lazer,  serviços para o dia a dia, praça de alimentação, cinemas Cinemark.","Oferece vasta programação de lazer, ações de sustentabilidade e diversas comodidades.  Possui casa de câmbio, lavanderia, salão de beleza, quiosque para impressão de documentos, chaveiro,  dentre outros serviços de apoio ao turista.",Urbana,,(41) 3035-1500,,,marketing@shoppingsaojose.com.br,@shopsaojose; https://linktr.ee/ShoppingSaoJose,www.shoppingsaojose.com.br,-,"Lojas: Seg a Sáb: 10:00h às 22:00h; Dom: 14:00h às 20:00h. Alimentação e Lazer: Seg a Sáb: 10:00h às 22:00h, Dom: 11:00h às 22:00h.","Estacionamento, casa de câmbio, lavanderia, salão de beleza, quiosque para impressão de documentos, chaveiro, dentre outros. Conferir em www.shoppingsaojose.com.br/servicos",Sim,"1,8 Km do aeroporto; encontra-se no centro;  2Km da BR 116",Variedade de lojas e opções de alimentação,2008,"Sim, coberto, pago. Pode ser pago com desconto através de aplicativo próprio do shopping.",-,,"compras, serviços",-,Não,,,,
Soberano Texas Country,Volume II,361,350,5,3,32,Equipamentos e Serviços,Compras e Apoio ao Turista,"R. Visc. do Rio Branco, 1550",Centro,83005-420,"-25.535933748496664, -49.20299376667655","A loja oferece moda country com muito estilo. Botas, chapeus, bonés, vestuário feminino e masculino, bijuterias.  São encontradas botas em diferentes tipos de couro, com avestruz e jacaré.",Oportunidade para conhecer o universo do country através dos objetos e artigos que muitas vezes são verdadeiras obras de arte.,Urbana,(41)9 9221-2199,(41) 3081-7896,,,soberanotexas@hotmail.com,@soberanotexas; @lojasoberanotexas,-,Aceita encomendas de artigos especiais.,Seg a Sex: 09:00h às 18:00h. Sab: 09:00h às 17:00h; Horário pode variar  em feriados.,"Moda country completa, artigos de couro de boi e couros nobres como avestruz, jacaré, bijuterias  Vende por encomendas",Não,"4,5 Km do aeroporto; encontra-se no centro; 2 Km da Av. as Torres",Curadoria dos produtos muito bem feita. Produtos de  qualidade.,,Não. Estacionamento nas ruas laterias.,-,,Moda country,-,Não,,,,
Suacki - Morangos,Volume II,362,351,5,3,33,Equipamentos e Serviços,Compras e Apoio ao Turista,"R. Ladislau Toczeck, 757 ",Colônia Murici, 83085-240,"-25.590831797835946, -49.132499901972764","Plantação de morangos cultivada por uma família de agricultores  dedicados a ter um produto de alta qualidade. Oferece  a experiência de colha e pague de morangos, além da venda de morangos ""in natura"" em bandejas, morangos congelados e polpa.",,Rural,(41) 99996-4066,,,,,@morangos_suacki,,,Ter a Dom e feriados: 10:00h às 18:00h,,,11 Km até o aeroporto; 11 Km até o centro; 5 Km até a BR 116,,,Sim,,,Morangos,,Não,,,,
TMA Acampamentos,Volume II,363,352,5,3,34,Equipamentos e Serviços,Compras e Apoio ao Turista,"Rua Olímpio Cardoso Gomes, n°915",Roça Velha,,"-25.68909123876509, -49.11280568646632","Oferece vários atividades de educação ambiental e desenvolvimento humano, além do acampamento que  atividades que promovem um ambiente de confraternização, integração, sociabilidade, aprendizagem e lazer.","O lúdico e o lazer  são usados como ferramentas para instruir e educar, por meio de atividades educativas, recreativas, esportivas em diferentes projetos que proporcionam aprendizagens sobre a vida no campo, arqueologia, empreendedorismo dentre outras.",Rural,(41)0 3278-8723,(41) 3278-8723,-,-,tmaacampamentos@gmail.com,@tma.acampamentos,www.tiomiro.com.br;,Sim.,Seg a Sex: 08:30h às 12:00h; 13:00 às 17:30h.,"Day use,  passeios à cavalo, contato com animais, casa da tia vitamina, fantoches, mina abandonada, sítio arqueológico, recursos audivisuais, tirolesa, paradedão de escalada, arvorismo,  e vários tipos de equipamentos.",Sim. Entrada e estacionamento com  acessibilidade para pessoas com cadeira de rodas,25 Km até o aeroporto; 24 Km até o centro;  6 Km até a BR 376.,Acampamento e esporte de aventura,-,Sim,-,-,Lazer ecopedagógico,-,Não,,,,
Viver Bem - Alimentos Integrais,Volume II,364,353,5,3,35,Equipamentos e Serviços,Compras e Apoio ao Turista,"R. Joinville, 2073",São Pedro,83005-550,"-25.545367735758862, -49.200575765262236","Loja de produtos naturais de alta qualidade. Possui grande variedade de produtos tais como cereais, temperos, óleos e extatos vegetais, farinhas, supleentos. Um de seus destaques é a  granola produzida  regionalmente.",Ponto de apoio para abastecer quem precisa de alimentos saudáveis para viagem ou para cuidar da saúde.,Urbana,(41)9 9766-8917,(41) 3382-9151,,,,@viverbemprodutos_naturais,,,Seg a Qui: 09:00h às 18:00h.  Sex: 09:00h às 17:00h. Horários podem variar nos feriados.,Produtos naturais embalados e a granel. Aceita encomendas,Não,"4 Km do aeroporto;  Fica a menos de 1Km do centro; 2,2 Km da BR 376","Granola, produtos sem glúten e sem lactose, diversos extratos e óleos vegetais",2005,Não. Estacionamento nas ruas laterais.,-,,Produtos naturais e saudáveis de alta qualidade.,,Não,,,,
,Volume II,365,,,,,,Hospedagem,,,,,,,,,,,,,,,,,,,,,,,,,,,Não,,,,
A casa da árvore,Volume II,366,354,5,4,1,Equipamentos e Serviços,Hospedagem,"Estrada de terra saindo da Rua  Ana Didi Baptista Gabardo, próximo ao número 2500, ao lado da Chácara Gestsêmani -",Borda do Campo,81075-015,"-25.555972534804738, -49.068627701823885",A Casa na Árvore é  uma pousada que oferece uma experiência mágica em contato com a  Mata Atlântica. O espaço construído e decorado foi a realização do sonho de criança da proprietária que pensou em cada detalhe e na  privacidade dos hóspedes.,A casa possui uma cama de casa e uma beliche. O espaço inclui um parquinho para crianças e diversos eletrodomésticos para uma estadia confortável. Possui um salão para eventos  e oferece tranquilidade e proximidade com animais silvestres.,Rural,(41)9 9637-4818,,,Daiani Zane,,@casanaarvoreventos; https://www.youtube.com/watch?v=C6_Eez99Vaw,abnb.me/EVmg/mOvQd6012E,"Sim, Airbnb",-,"Wi-fi,  2 banheiros, aceita animais de estimação. Possui área para  fogueira, churrasqueira, lareira com lenha, aquecedor elétrico, panela para fondue, jogos de tabuleiro, caixa de som e smarTV.",Não,23 Km do aeroporto; 21 Km do centro; 3 Km da BR 277,"Beleza cênica,  contato com a natureza, tranquilidade, projeto arquitetônico e paisagismo, reaproveitamento de materiais, decoração.",,Sim,4 pessoas,Não pode receber visitas,Casa na árvore - tree house,"Projeto arquitetônico, objetos  de decoração criado pela proprietária com material de reaproveitamento",Não,2,1,1,
Astron Hotel São José dos Pinhais,Volume II,367,355,5,4,2,Equipamentos e Serviços,Hospedagem,"Avenida Rui Barbosa, 9500",Centro,83005-340,"-25.540627225822195, -49.203203048633085","Localizado no centro, na principal avendida da cidade, possui fácil acesso às rodovias e está a apenas dois quarteirões do Shopping São José. Os quartos são espaçosos e acomodam até 4 pessoas. Restaurante oferece opções vegetarianas.","Os apartamentos estão equipados com internet gratuita, frigobar e cozinha compacta, garantindo conforto e conveniência para todos os hóspedes. Seu restaurante oferece   buffet de café da manhã e menu à la carte para almoço e jantar.",Urbana,(41)9 8803-9219,(41) 3035-2000,-,Shana Melissa Schwab,reservasasjp.astron@nobilehoteis.com.br,-,https://bit.ly/ASTRONSJP,Através dos principais sites de reserva,Funciona 24 h,"Quartos com  mini cozinha equipada, mesa para trabalho, televisão de tela plana  que é possível assistir tanto da sala quanto do quarto; possui quartos para não fumantes e estacionamento gratuito; possui salão de eventos e auditórios e salas.",Sim. Possui apartamentos adaptados para cadeirante.,4 Km do aeroporto;  está no centro;  4 Km da BR 376,Possui Selo Turismo Responsável (Mtur); possui atendimento em espanhol e inglês.,2013,Sim,170 pessoas,Somente aceita um animal de estimação por andar. Possui restrições à fumantes.,Hotelaria,-,Sim,22,46,79,
Bouganville Eco Hotel,Volume II,368,356,5,4,3,Equipamentos e Serviços,Hospedagem,Rua Domingos Burakowski 850,Contenda,83115-004,"-25.680536530134564, -49.14186255573122",O conceito do hotel reúne o charme da arquitetura rústica com a  gastronomia colonial. Possui piscinas aquecidas com jacuzzis que convidam  a relaxar em meio a uma ampla área verde.,"Oferece uma estrutura completa para eventos, incluindo cerimônias de casamento, eventos corporativos e um moderno auditório. O restaurante é  aberto ao público mas precisa ligar antes.",Urbana,,(41) 3398-5995,,"Mario Knorst, adminitrado pelas filhas Jenifer e Mariana Knorst",atendimento@ecohotelbouganville.com.br; recantobouganville@gmail.com,@ecohotelbouganville,https://bit.ly/ECOBVILLE,Sim,"Horário de check-in: 14:00
Horário de check-out: 11:00","Wi-Fi, café da manhã incluído, estacionamento, piscinas interna e externa Serviço de lavanderia,  centro de reuniões, permite animais, serviço de quarto, banheira quente, academia, bar, restaurante aberto ao público. Interessados em almoçar recomenda-se",Sim,"23,3 Km do aeroporto;  22 Km do centro; 950 Km da BR 376","Conceito e decoração do local, expresso na arquitetura e no paisagismo.",,Sim,23 pessoas,,"Hospedagem, Eventos",Sim,Não,5,18,18,
Boutique Vinícola Araucária Hotel,Volume II,369,357,5,4,4,Equipamentos e Serviços,Hospedagem,"Rua Aparecida Góes de Paula, 1300",Colônia Murici,83185-000,"-25.658453262123643, -49.07501564907282","Administrado pelo Slaviero Hotéis, proporcina uma experiência campestre diferenciada em chalés aconchegantes, em meio às araucárias, árvore símbolo do estado do Paraná .","Além da vista para a natureza, o hotel convida os hóspedes à conhecer o vinhedo, trilhas e lagos da propriedade  e ainda desfrutar do seu  conceituado restaurante Gralha Azul.",Rural,,(41) 3122-2996,,,recepcao.scva@slavieirohoteis.com.br,@slavierohoteis; https://linktr.ee/slavierohoteis,https://bit.ly/SLAVIEROSJP,pelos sites  agências  de  turismo online,Café da manhã: 07:30h às 10:30h; Almoço: 11:45h às 15h; Chá da tarde: 16h às 18h,"A pensão completa, além das refeições inclui: imersão na natureza, visita e degustação na vinícula, empréstimo de bicicleta; cama king size, TVs Smart 55`, lareira elétrica e varanda, banheira de hidromassagem com vista para a natureza, berço",Sim,27 Km do aeroporto; 4 Km do centro; 10 Km até a BR 376,Imersão na natureza; restaurante Gralha Azul com culinária franco-italiana; desgustação feita na Vinícola Araucária,-,Sim,39 pessoas,,,,Não,13,13,13,
Cabana Cedro,Volume II,370,358,5,4,5,Equipamentos e Serviços,Hospedagem,"Estrada Ver. Domingos Benvenuto Moletta, SN",Cotia,83024-899,"-25.687244106694695, -49.22725188007167","Cabanas construídas no estilo A-frame (estrutura em forma de A) em área  rural, com vista para o lago  ou para  bosque, proporcionando  relaxamento e contato com a natureza. Ass decoração é de acordo com solicitação do cliente.","O local possui duas cabanas, sendo uma de frente para o lago (Cedro Lago) e outra para o bosque (Cabana Cedro da Mata).",Rural,(41)9 9977-0801,,-,-,-,@cabanacedro,www.cabanacedro.com.br,"Sim, podem ser feitas pelo whatsapp ou pelo Airbnb",Entrada à partir das 15:00h;  saída até às 11:00h,"Cama Queen size, hidromassagem, cama de roupa e banho, ar condicionado, cozinha equipada, TV com Netflix, lareira, rede de descanso. Oferece 2 tipos de cabana bem cuidadas: Cedro lago e Cedro bosque, com áreas  compartilhadas.",-,23 Km até o  aeroporto;  22 Km até o centro; 10 Km até a BR 376.,"Arquitetura A-Frame, tranqulidade, privacidade, organização; oferece cesta com itens básicos de café da manhã e um espumante de boas vindas.",-,Sim,2 pessoas,Não aceita animais de estimação. Não aceita festas e eventos no local. Consultar taxa extra no caso de hóspede adicional.,-,-,Não,0,2,2,
Cabanas Rio de Uma,Volume II,371,359,5,4,6,Equipamentos e Serviços,Hospedagem,R. Izaura Ravaglio da Rocha s/n,Campo Largo da Roseria,83185-000,"-25.7297111804215, -49.14657630608107","O local chama atenção pela arquitetura diferenciada de suas habitações: a cabana bolha  e a cabana  rústica Nó de Pinho. Ambas oferecem todo conforto e são muito bem  equipadas, possibilitando aos hóspedes uma experiência de integração com a natureza em u",,Rural,(47)9 9986-1932,,-,-,-,@cananasriodeuma,https://linktr.ee/cabanasriodeuna,Pelo Airbnb. Aceita reservas para períodos acima de 28 dias.,,"O Domo possui  um deck com lareira externa, churrasqueira e uma rede suspensa para contemplar a natureza, Wi Fi, cozinha completa, estacionamento, segurança,  Permitido animais,  jacuzzi privativa, HDTV, 
Hidromassagem aquecida, cama quee, smartTV",Não,"26 Km do aeroporto aproximadamente, 25 Km do centro,  2 Km da Br 276","Arquiteturas diferenciadas,.",,Sim,4 pessoas,"Proibido fumar dentro do domo, assim como fumar e utilizar objetos cortantes e inflamáveis. A tensão das tomadas é  220v.",Alojamentos de arquitetura diferenciada cercada pela natureza.,-,Não,0,2,2,
Carmelo Hotel,Volume II,372,360,5,4,7,Equipamentos e Serviços,Hospedagem,"R. Joaquim Nabuco, 639",Cidade Jardim,83040-210,"-25.52009850588335, -49.20038675853482","Localizado próximo ao portal da cidade, o hotel tem uma proposta de hospedagem  para quem buscar uma estadia prática. Oferece um ambiente organizado e objetivo com atendimento em inglês e espanhol, além do português. Estacionamento coberto incluso no valor da hospedagem.","O hotel dispõe de quartos familiares, casal, casal master, solteiro duplo e  solteiro individuais.",Urbana,(41)9 9866-7617,,,-,hotelcarmelsjp@gmail.com,@hotel.carmelo,www.hotelcarmelo.com.br,Pelo site do hotel e pelos principais  sites de reserva,24h,"O hotel dispõe de quartos familiares, casal, casal master, solteiro duplo e  solteiro individuais, todos sendo suites. Os quartos do hotel estão equipados com TV Smart, Frigobar, Ar Condicionado e Wi-fi. Buffet de café-da-manhã",-,"4,5 Km até o aeroporto;  2 Km até o centro; 5,5 Km até a BR 277",O café da manhã  é simples  e costuma  ser elogiado pelos hóspedes. Costumam servir granola produzida no município da Fazenda Rio Grande.,,,37 pessoas,,,,Não,7,13,17,
Cassino Tower Curitiba Hotel Aeroporto,Volume II,373,361,5,4,8,Equipamentos e Serviços,Hospedagem,"Rua Barão do Cerro Azul, 261",Bairro Aguas Belas,83005-430,"-25.534902289433337, -49.19113572285422","Inaugurado em agosto de 2000 como Holliday Inn, passou pelas marcas Tulip Inn e Mercore. Em 2023 foi aquirido pelo gupo mineiro  Naciona Inn que se destaca pela expansão contínua e pela adaptação às necessidades do mercado turístico e de negócios.","A empresa valoriza a hospitalidade mineira, oferecendo conforto e qualidade de serviços aos seus hóspedes.",Urbana,(41)9 9866-7998,(41) 3074-5000,-,Grupo Nacional Inn,reservas@cassinotowercuritiba.com.br,@hotelcassinotowercuritiba,www.nacionalinn.com.br/hoteis/cassino-tower-curitiba-aeroporto,"Pelo aplicativo do Nacional Inn, por telefone, email e através das principais Agência de Viagens Online (OTAs)",Funciona 24 h,"Atendimento em inglês e espanhol, academia, bar, lavanderia,  recepção 24 h, restaurante aberto ao público, salas de reunião, wi-fi, aceita animais de estimação (consultar tabela de valores).",Sim. Possui rampas de acesso e quarto adaptados para pessoas de mobilidade reduzida.,2 Km do aeroporto; 2 Km do centro; menos de 1 Km da BR 376,"Restaurante possui opções vegetariana, veganas e sem glúten, utiliza temperos naturais, oferece opção de água servida na jarra, pratica coleta seletiva",2000,"Sim, para carros e ônibus",200 pessoas,Fumantes,,,Sim,78,81,120,
Chácara Tapera,Volume II,374,362,5,4,9,Equipamentos e Serviços,Hospedagem,"R. Vila Nova, 4837 - Cachoeira",Cachoeira,83022-400,"-25.63316805810219, -49.21103590423252","A Chácara Tapera proporciona uma experiência  de conexão com a natureza. Possui área para camping, animais, lagoas para prática de pesca esportiva, stand-up ou canoagem.  Um local para  se deconectar,  passar tempo com a família, amigos ou consigo mesmo.","A  área é  particular,  isolada e possui  estrutura para pernoite ou passar o dia. Oferece passeios  com veículos 4x4.",Rural,(41)9 9288-0804,,,Moisés Camargo,,@chacara.tapera,airbnb.com/h/chacaratapera,Pelo Airbnb,,"Wi-fi, estrutura  para camping e moto-home,  espaço para fogueira, bosques, cavalos, lagos para prática de canoagem e stand-up, pesca esportiva e passeios com veículos Off Road",Sim,18 Km do aeroporto; 15Km do centro;  7 Km da BR 376,"Casa rústica, contato com a natureza",,Sim,4 pessoas,"Não fornece  travesseiros, roupas de cama, toalhas e cobertores. Não são aceitos animais agressivos. Não aceita eventos noturnos.",hospedagem rústica e local de eventos,,Não,1,2,1,
Chalé Cambará da Serra,Volume II,375,363,5,4,10,Equipamentos e Serviços,Hospedagem,R. Guilherme Moreno,Estrada do Taquaral Queimado,83149-899,"-25.72754970679198, -49.11169603261457","Oferece um ambiente aconchegante, romântico e sofisticado junto à natureza, onde cada detalhe é pensado para o conforto e o encanto dos hóspedes.","O local é apreciado por casais em lua de mel. Possui estilo típico de  zona rural  e o quarto proporciona vista para um lago.  Possui fogo de fogo no jardim e banheira com hidroterapia,",Rural,(41)9 8747-5383,,-,Gisele Maria e Sergio Ricci,cambaradaserra@gmail.com,@chalecambaradaserra,www.airbnb.com.br/rooms/769690939281827997,Sim. A locação da casa pode ser feita pelo AirbnB,-,"Chalé equipado com cozinha completa, secador,  lanterna, banheira com hidromassagem, roupas de cama, roupões confortáveis. 01 cama de casal, 01 quarto, 01 banheiro,   chuveiro duplo, fogo de chão jardim,  adega, calefator e ar condicionado.",,29 Km até o aeroporto; 28 Km até o centro; 4 Km até a BR 376,Oferece  tábua de frios e cesta de manhã.,,,2 pessoas,,,,Não,0,1,1,
Chale Chamoni,Volume II,376,364,5,4,11,Equipamentos e Serviços,Hospedagem,R. Anna Didi Baptista Gabardo,Borda do Campo,83075-015,"-25.56814491313481, -49.06716671903805","A proposta deste chalé é oferecer um local romântico imerso na natureza. Possui  um arquitetura  estilo chalés dos lugares frios, feito em madeira e está imerso na mata. A cozinha é equipada para os hóspedes prepararem a própria comida.",Permite animais de estimação.,Rural,(41)9 9938-3193,,,,,@chalechamoni,www.holmy.com.br/hospedagem/refugio-romantico-na-natureza/,"Sim, Airbnb e Holmy",-,"Cozinha completa, roupas de cama de algodão, toalhas, lareira, Wi-Fi, conexão Ethernet,  estacionamento, ventiladores, admite estadias longas, lareira, SmartTV",Não,23 Km do aeroporto; 21 Km do centro; 3 Km da BR 277,"Espaço romântico, beleza cênica,  integração com a natureza, tranquilidade, projeto arquitetônico e paisagismo,",,Sim,4 pessoas,"Não possui máquina de lavar nem de secar, não possui aquecimento central",Chalé na mata atlântica,,Não,0,2,2,
Dandelion Cabana,Volume II,377,365,5,4,12,Equipamentos e Serviços,Hospedagem,Rua Domingos Burakowski s/n,Miringuava,83185-000,"-25.692414951363606, -49.10093073938118",O nome tem origem na planta  Dente-de-leão = Dandelion. Uma cabana  confortável  para atender pessoas que gostam de estar em contato com a natureza mas não abrem mão do conforto associada ao  sossego. Apreciada por casais em lua de mel.,,Rural,(41)9 9612-0303,,-,,-,@dandelioncabanas,airbnb.com/h/dandelioncabanas,Pelo Airbnb,-,Oferece cozinha completa e churrasqueira. O hóspede recebe  um cesta de boas vindas com itens de café da manhã. Aceita encomendas antecipadas de massas.,Não,"26 Km do aeroporto aprox; 27,4 Km do centro; 11Km da BR 376","Canana de madeira, confortável e silenciosa dentro da mata",,Sim,2 pessoas,Não aceita animais,cabana de madeira confortável e silenciosa,-,Não,0,1,1,
Dom Pablo Hoteis,Volume II,378,366,5,4,13,Equipamentos e Serviços,Hospedagem,"R. Carolina Manafes Ligoki, 305",Barro Prêto,83015-805,"-25.5849050925472, -49.174598551546595","Hotel econômico e bem localizado na cidade, é muito procurado por pessoas que buscam hospedagens rápidas. Dispõe de quartos preparados para famílias e exclusivos para não fumantes. Aceita animais de estimação.",,Urbana,,(41) 3587-1044,,,contato@dompablohoteis.com.br;     dompablohoteis@gmail.com,https://www.facebook.com/profile.php?id=61556382435512,www.dompablohoteis.com.br,Sim,,,Sim,9 Km até o aeroporto; 8 Km até o centro; encontra-se na BR 376,,,Sim,60 pessoas,,Hotel econômico,,Não,30,19,36,
Dom Ricardo - Bourbon Hotel,Volume II,379,367,5,4,14,Equipamentos e Serviços,Hospedagem,"Avenida Rocha Pombo, 2400",Águas Belas,83010-620,"-25.53322919382744, -49.193288804594424","O hotel combina alta qualidade com conveniência, ideal para quem busca uma hospedagem com facilidades e próxima ao aeroporto. É também uma referência na realização de eventos, com espaços climatizados e bem equipados. Oferece fácil acesso às principais avenidas da região, serviços 24 horas, café da manhã a partir das 4h30 e translado gratuito entre o aeroporto e o hotel no check-in e no check-out. Dispõe ainda de bar e restaurante com gastronomia refinada.",,Urbana,,(41)3299-2400,,,reservas@bourbon.com.br,,https://bit.ly/DOMRICARDOSJP,Sim,24h,,"Sim, para cadeirantes","2,5 Km até o aeroporto; 2 Km até o  centro;  6 Km até a BR 116",Oferece Petit Café das 4:30h às 6:00h,,Sim,148 pessoas,Não aceita animais,,,Não,34,57,124,
Estância Belvedere,Volume II,380,368,5,4,15,Equipamentos e Serviços,Hospedagem,"Rua Izaura Ravaglio da Rocha, s/n",Campo Largo da Roseira,,"-25.720904827135346, -49.15411491957311","Estância com  chalé de madeira estilo canadense,  oferece uma estadia aconchegante e relaxante, com espaço para até quatro pessoas que desejam  passar momentos tranquilos no campo. Local apreciado  por ciclistas.",A casa possui dos quartos e compota 4 pessoas (2 casais). Os hóspedes podem desfrutar da espaçosa varanda com redes e têm acesso exclusivo às belas áreas comuns. Possui plantação de alcachofras orgânicas e outros frutos interessantes como o frisalis. Pont,Rural,(41)9 9115-9833,,,,estanciabelvedere@estanciabelvedere.com.br,@estancia.belvedere,https://estanciabelvedere.com.br/,"Sim, Airbnb",-,"Dispõe de uma cama de casal no mezanino e um sofá-cama de casal na sala, banheiro com chuveiro elétrico de água quente, cozinha mobilhada com fogão e geladeira com freezer, sala com lareira e estacionamento gratuito, casa na árvore",,"24 Km do aeroporto, 22,7 do centro; 2,7 Km da BR 376;","Ambiente rústico,  plantações orgânicas, cultivo de alcachofra, beleza arquitetônica, paisagismo relaxante",,sim,4 pessoas,,,,Não,1,2,2,
Estância Carmello,Volume II,381,369,5,4,16,Equipamentos e Serviços,Hospedagem,"Rua Maurício Schulies, 1204",Colônia Murici,83185-000,"-25.640436858473784, -49.04227437724856",Foi criada com o conceito de oferecer para os hóspedes a casa de campo que  poderiam ter. Possui opção de incluir o café campeiro  na hospedagem.  Não oferece refeição. Atende familias especiais. Autistas e idosos não pagam.,"O  local possui quatro tipos de cabaa:  Bem-te-vi,  Gralha Azul, Chalé Baitaca e Chalé Grimpeiro, todas com cozinha equipada e capacidades de pessoas diferentes.  Todas possuem camas de casal e beliches. Aceita reserva de grupos. Ambiente familiar.",Rural,(41)9 9622-4034,,-,Sônia Beatriz de Paula,estanciacarmello@gmail.com,@estanciacarmello,estanciacarmello.com.br,Sim,-,"As cabanas e chalés possuem cozinha equipada, churrasqueira, varanda para rede. Oferece acesso livre para  piscina, banheira de hidromassagem, redário, playground, local para futebol e vôlei, além de uma extensa área verde.  Wi fi somente em alguns pontos",Sim,"a 4 km da  Capela Nossa Sra do Perpétuo Socorro - Capela da Antinha (mas não na mesma rua da capela).
25 Km do aeroporto; 26 Km do centro; 18 Km da BR  376",Referência em conservação em água e natureza,2014,"Sim, próximo das cabanas",47 pessoas,Possui restrição a fumantes. Pets devem ficar na companhia dos donos.,Experiência de casa de campo,,Não,16,7,11,
Exclusivo Hotel,Volume II,382,370,5,4,17,Equipamentos e Serviços,Hospedagem,"R. Ten. Djalma Dutra, 200",Centro,83005-360,"-25.532855046236545, -49.196790009767795","Hotel três estrelas, fundado há mais de duas décadas, possui localização estratégica, a menos de 10 minutos do aeroporto. Apresenta boa relação custo-benefício para viajantes em conexão aérea. Conta com restaurante aberto ao público e salas para reuniões e eventos, sendo uma com capacidade máxima para 40 pessoas e outra para até 15 pessoas.", O café da manhã é servido das 6h às 10h.,Urbana,(41) 8833-2139,(41)30283800,,,reservas@hotelexclusivo.com.br,@hotel_exclusivo,hotelexclusivo.com.br,Sim,24h,"Oferece Wi-Fi gratuito, estacionamento self-service sem custo, restaurante aberto das 6h às 22h, com buffet de café da manhã incluso, bar/lounge,  business center 24h e sala de TV/leitura. Dispõe de quartos adaptados para acessibilidade, berços infantis, acomodações antialérgicas, ar-condicionado, frigobar e TV.",Sim,"3 Km até o aeroporto; 1,5 Km até o centro; 450 m da Av. das Torres; ",Aceita animais domésticos mediante taxa por estadia. Cães-guia não pagam.,,Sim,80 pessoas,,,,Não,87,34,68,
Ibis Budget Curitiba Aeroporto,Volume II,383,371,5,4,18,Equipamentos e Serviços,Hospedagem,"Avenida Rocha Pombo, 2600",Águas Belas,83005-430,"-25.53440080448198, -49.19029284947423",Hotel econômico que segue o padrão Ibis  e bem localizado na cidade. É muito procurado por pessoas que buscam hospedagens rápidas. Dispõe de quartos preparados para famílias e exclusivos para não fumantes., Os hóspedes podem desfrutar e relaxar no lounge bar no local. Nos fins de semana um pequeno-almoço expresso é servido das das 6:00h às 10:00h.,Urbana,(41)9 9161-8451,(41) 2108-9700,-,André Câmara Trevisan,h9719-re@accor.com,@ibisbudgetcuritibaaero,https://all.accor.com/hotel/9719/index.pt-br.shtml,Sim,Funciona 24 h,"Possui atendimento em inglês, espanhol e português, serviço 24 horas; estacionamento privativo, wi-fi, quartos para famílias, quartos para não fumantes, instalações para pessoas com deficiência, diária com café da manhã.","Possui vagas exclusivas, rampa de acesso, porta de acesso, elevadores e apartamentos adaptados.","2 Km do aeroporto;  1,5 Km do centro;  3 Km da BR 376",Possui quartos reservados  para não fumantes. Aceita animais de estimação mediante taxa diária.,2016,Sim,250 pessoas,,Hotelaria,-,Sim,134,109,138,
Ibis Curitiba Aeroporto,Volume II,384,372,5,4,19,Equipamentos e Serviços,Hospedagem,"Av. Marginal Br-376, 1633",Jardim Cruzeiro,83015-000,"-25.53566305215974, -49.19250647636592","Hotel econômico três estrelas, da rede Accor, projetado para oferecer conforto e praticidade aos viajantes. Posicionado estrategicamente à margem da BR-376, próximo ao aeroporto, com acesso facilitado tanto pela rodovia quanto por táxi/transfer. O café da manhã vai das 6h às 10h e está sujeito a variações.","Oferece café da manhã em formato buffet (opcional) e serviço de jantar à la carte no restaurante interno, estacionamento gratuito com até 50 vagas, recepção 24h, bar/lobby, loja de conveniência com snacks e bebidas disponíveis a qualquer hora.",Urbana,,(41) 2109-6650,,,h3736-re@accor.com,,,Pelo site ou agências de viagem,Funciona 24 h,"Restaurante aberto ao público. Dispõe de quartos com ar-condicionado, lavanderia, frigobar, TV via satélite e Wi-Fi. Há opções para até três pessoas e quartos adaptados para pessoas com mobilidade reduzida. ",Sim,2 Km até o aeroporto;  2 Km até o centro;  encontra-se na BR 376,Restaurante aberto ao público. Aceita animais domésticos mediante taxa diária.,,Sim,250 pessoas,Aceita animais de estimação até 15 Kg.,Hotelaria,,Não,94,20,114,
Ibis Styles Curitiba Hotel Aeroporto,Volume II,385,373,5,4,20,Equipamentos e Serviços,Hospedagem,"Av. Rocha Pomba, 2600",Águas Belas,83005-430,"-25.534175401494135, -49.19050791294204","O hotel possui  design contemporâneo, com uma decoração inspirada na Mata Atlântica, importante bioma brasileiros no qual a cidade de São José dos Pinhais está inserida.","Conta com quartos espaçosos e confortáveis, equipados com janelas antirruído, garantindo aos hóspedes uma estadia tranquila. Possui acomodações para até 4 pessoas e aceita animais de estimação.",Urbana,,(41) 3096-3777,-,-,hb608-re@accor.com,@ibisstylescuritibaaero,https://bit.ly/3BvGAyX,Pelo site ou agências de viagem,Funciona 24 h,"Possui salão para eventos, auditório, coworking, sala multiuso, restaurante aberto ao público,  com opçõies vegetarianas, veganas e sem glúten; atendimento em espanhol e inglês.",Sim,"2 Km do aeroporto;  1, 5 Km do centro;  400 m da Av. das Torres",Propriedade 100% para não fumantes. Aceita animais de estiimação.,2017,Sim,350 pessoas,Não pode fumar nas áreas do hotel. Aceita animais de estimação até 15 Kg,Hotelaria,-,Não,50,110,160,
La Doce Vita Park,Volume II,386,374,5,4,21,Equipamentos e Serviços,Hospedagem,"BR-376, Km 623",Campo Largo da Roseira,83010-500,"-25.655400440179644, -49.157859751584226","Com uma área de 38.000 m², o hotel está imerso na natureza e combina o charme da arquitetura rústica com o conforto de uma infraestrutura moderna, sendo uma excelente opção para famílias e grupos que apreciam esse estilo acolhedor e descontraído. Durante o período de férias, o hotel oferece programação especial, com eventos temáticos, cardápios típicos juninos e a tradicional feijoada aos sábados. O restaurante interno serve buffet de café da manhã americano, além de petiscos e pratos à la carte, sempre com foco na qualidade e no sabor regional.","Para de lazer, os hóspedes contam com uma ampla área equipada com piscina térmica coberta e externa, hidromassagem, sauna a vapor, salão de jogos com sinuca e mesa de pingue-pongue, playground, quadra poliesportiva, campo de futebol, cadeira de massagem, academia e um aconchegante redário.",Rural,(41) 99993-3670,(41) 3134 -8500 ,-,,reservaspark@hotelladocevita.com.br, @ladolcevita_parkhotel,www.hoteisladolcevita.com,"Pelo site, formulários de reserva",Funciona 24 h,"O hotel possui restaurante aberto ao público,  bar, salão de eventos, minifazendinha, Wi-Fi com boa velocidade, estacionamento gratuito, recepção 24h, além de serviços de lavanderia e loja de conveniência. Os chalés e suítes são equipados com ar-condicionado, TV, minibar e varanda com vista para os jardins, garantindo comodidade e contato direto com a paisagem natural. ",Sim,16 Km até o aeroporto; 15 Km até o centro;  a entrada está a 100 m da BR 376,Aceita animais de estimação  de pequeno porte e dóceis mediante taxa de 10% do valor da diária.,,Sim,47 pessoas,O hotel tem regras específicas para hospedagem de animais de estimação. Consultar regras no site.,Hospedagem em ambiente  rústico com infraestrutura moderna,,Não,21,26,26,
Marrevi Home Hotel,Volume II,387,375,5,4,22,Equipamentos e Serviços,Hospedagem,"R. Araça, 150 - Faxina",Faxina,83023-400,"-25.765411569385122, -49.198495165866724","Situado na área rural, oferece três chalés e uma casa principal em um ambiente tranquilo na área rural da cidade. Com vasta área verde, parquinho infantil, deck com piscina e espaço para preparar  costela  ao fogo de  chão, proporciona momentos tranquilos","Ideal para grupos de famílias e amigos, não disponibiliza quartos individuais. A hospedagem completa inclui serviços de caseiro, arrumadeira e auxiliar de cozinha. Possui opção de pensão completa, com chef de cozinha disponível.",Rural,(41)9 9113-3505,,-,-,marcoscalbente@hotmail.com,@marrevihotel,bit.ly/Reserve-Aqui-Marrevi-Home-Hotel,Pelo Airbnb,-,"3 chalés novos para casais, casa principal com 1 suíte de casal, 1 quarto com 3 camas de solteiro e 1 quarto de casal, espaço gourmet completo com churrasqueira a carvão, com grelha e espeto giratório, louças e utensílios, salão de jogos, salão de festas",Não,33 Km do aeroporto; 32 Km do centro; 3 Km da BR 376,Aceita animais de pequeno porte,-,Sim,13 pessoas,-,"Hospedagem em chalés, hospedagem completa com chef de cozinha",-,Não,1,5,6,
Pinheirão - Pousada,Volume II,388,376,5,4,23,Equipamentos e Serviços,Hospedagem,"BR 376, Km 11, 2122",Jardim Cruzeiro,83010-500,"-25.540389263878346, -49.19186281001463","Um dos primeiros hotéis da cidade,   esta localizado  às margens da BR 376, servindo de opção de estadia para  viajantes, comerciantes e vendedores que transitam pela rodovia.",Possui um ponto de parada de ônibus intermunicipais em frente à sua portaria e está situado em frente à Churrascaria 2000.,Urbana,(41)9 9189-9088,(41) 3384-3204,,Bárbara Kaesemodel,barbara.kaesemodel@live.com,-,-,Pelo atendimento do hotel,Funciona 24 h,"É um hotel simples, oferece  café da manhã incluso na diária, wi-fi e lavanderia.",Sim,3 Km do aeroporto; encontra-se na região central; está situada na BR 376,,1974,Sim,70 pessoas,-,Hotelaria,-,Não,30,20,30,
Rancho do Sena Pousada Ecológica,Volume II,389,377,5,4,24,Equipamentos e Serviços,Hospedagem,"R. São Josemaria Escrivá, S/N, após o pesca e pague Papanduva",Papanduva da Serra,83085-344," -25.61966094384478, -49.04465978838575","O Recanto é um local acolhedor, funcionando como um refúgio rural em uma região onde fazer trilhas e pescar é bastante popular. Possui serviço de concierge e oferece parquinho infantil. Disponibiliza café da manhã em estilo buffet ou vegetariano, quartos para não fumantes, quartos para famílias, bilhar e estacionamento gratuito",,Rural,(41)9 9154-7958,,,,recantodosena@gmail.com," @pousadaranchodosena_
",https://bit.ly/SENAPOUSADASJP,Pelo site,-,"Sua recepção funciona 24 horas. Oferece serviço de transfer, serviço de quarto e Wi-Fi grátis em toda a propriedade. Os quartos estão equipados com chaleira/cafeteira, roupa de cama e toalhas.",,22Km até o aeroporto;  22 Km até o centro;  16 Km até a BR 277,,,,16 pessoas,,,,Não,8,4,5,
Recanto do Alvorecer,Volume II,390,378,5,4,25,Equipamentos e Serviços,Hospedagem,"R. Vila Nova S/N, próximo à Cerâmica RR",Cachoeira,83022-400,"-25.63169164741982, -49.21159740357095","Casa de campo aconchegante, indicada para  casais, famílias ou grupos de amigos. Oferece um campo extenso, um bosque com animais nativos e um lago cristalino. Possui dois andares, redes na varanda, fogão e lareira, proporcionando o calor e tranquilidade.","Os hóspedes podem explorar toda a chácara, incluindo trilhas pelo bosque e avistamento de diversas espécies nativas, tornando a estadia uma experiência imersiva na natureza.",Rural,(41)9 9252-4858,,,Glaucio Olimpio Pereira,-,@recantoarvorecer,rb.gy/imylb,"Sim, pelo Airbnb",-,"Casa de campo completa para família e amigos; wi-fi, amplo gramado para esportes e camping para crianças. 
3 quartos, 2 banheiros, cozinha completaredes na varanda, forno e fogão a lenha, churrasqueira, pebolim, lagoa para pesca mediante autorização.",Parcial,"18 Km até aeroporto;  15 Km do centro; 7,5 Km da BR 376","Avistamento de vários animais nativos,  trilha pelo bosque de araucárias e árvores nativas",-,sim. Há espaço para três carros na garagem,10 pessoas,Não possui máquina de lavar roupas,Casa de campo,-,Não,2,3,3,
Recanto Maranatha,Volume II,391,379,5,4,26,Equipamentos e Serviços,Hospedagem,"Rua Henrique Burakowski, s/n",Contenda,83090-214,"-25.683048089044984, -49.12562365026958","O Recanto é um espaço para eventos que combina arquitetura rústica e moderna, indicado para cerimônias ao ar livre, confraternizações e encontros corporativos. Rodeado pela natureza, conta com uma infraestrutura completa que, aliada à sua arquitetura versátil, permite que o local seja adaptado a diferentes tipos de eventos, tanto sociais quanto corporativos. A recepção de casamentos é um dos principais destaques do espaço.",,Rural,(41) 99323617,41 3122-7276,,,atendimento@escrisul.com.br, @recantomaranatha; ,https://www.casamentos.com.br/chacara-casamento/recanto-maranatha--e187614,"Sim, pelos sites de reserva  e Airbnb", -,"O que oferece ao público:
Salões e áreas externas: salão de banquetes, capela, pergolado, trilhas, campo de futebol, quadra poliesportiva, playground, lago e espaços para cerimônias 
Lazer e infraestrutura: piscinas adulta e infantil, piscina coberta, salão de jogos, tirolesa, paredão de escalada e campo esportivo 
Hospedagem: casa principal com 3 quartos, cozinha coletiva, além de acomodações para até 40 pessoas privativas, totalizando aproximadamente 8 suítes com varanda e sala de estar ", -,23 Km até o aeroporto;  23 Km até o centro; 3 Km até a BR 376,,,Sim,40 pessoas com possibilidade de expansão,,Casa de campo,,Não,30,5,Não informado. Há quarto para hospedagem de grupos,
Recanto Mavi,Volume II,392,380,5,4,27,Equipamentos e Serviços,Hospedagem,"Rua José Zancheta, 4900",Campina do Taquaral,,"-25.61145873520566, -49.21018952977128","Hospedagem rural situada nas Rotas das Colônias, criada com o objetivo de oferecer uma hospedagem rural acolhedora para que os hóspedes possam fugir do estresse e se reconectar com a natureza.","Os chalés foram projetados combinando o conforto moderno com o charme rústico do campo. O nome “Mavi” foi criado em homenagem às famílias das proprietárias, sendo formado pela junção de dois sobrenomes: “Massier” e “Vieira”.",Rural,(41)9 8766-4494,(41) 8532-9692,-,Rosi Massier,recantomavi@gmail.com,@recantomavi.sjp,www.rotadascolonias.com.br/associado/recanto-mavi-hospedagem-rural/;,www.booking.com/hotel/br/recanto-mavi.pt-br.html ,-,"Os chalés possuem um quarto com cama queen, roupa de cama, toalhas, um sofá-cama, lareira, frigobar, piso frio, cozinha equipada com micro-ondas, TV, banheiro, varanda térrea com área para refeições ao ar livre e vista para o jardim. Aceita animais domésticos",-,14 Km até o aeroporto; 11 Km até o centro; 7Km até a BR 376,-,-,Sim,8 pessoas,-,Chalés,-,Não,2 sofás camas,2,2,
Rezende Hotel,Volume II,393,381,5,4,28,Equipamentos e Serviços,Hospedagem,"R. José Trevisan, 1283",São Marcos,83090-090,"-25.609628883576708, -49.17078245558985","Hotel familiar simples, localizado no bairro Miringuava/São Marcos. Oferece conforto funcional, em um ambiente tranquilo, com uma estrutura básica e boa relação custo-benefício para quem precisa se hospedar nessa região. A hospedagem inclui um café da manhã simples e o atendimento é feito em horário comercial. ",,Urbana,,(41) 3382-9179,-,,hotelrezende@yahoo.com.br,,,"Por telefone,  durante o horário comercial ou por email e sites de reserva",24h,Apartamentos simples equipados com TV,Não,11Km até o aeroporto;  10 Km até o centro;  100 m até a BR 376,É uma das poucas opções de hospedagem na região. Costuma ser elogiado por clientes pela limpeza e boa relação custo-benefício. ,,Sim,24 pessoas,Não atende grupos grandes. Não aceita animais de estimação e não possui restaurante.,,,Não,16,4,20,
Rio Burbon Hotel,Volume II,394,382,5,4,29,Equipamentos e Serviços,Hospedagem,"Av. Rocha Pombo, 2564",Águas Belas,83010-620,"-25.533679290312694, -49.19123096865038","O hotel alia praticidade e   conveniência para quem procura se hospedar próximo ao  aeroporto. Possui salas climatizadas  para eventos,  fácil acesso às principais avenidas da região. Oferece serviço de quarto e segurança 24h, lavanderia, academia e café à partir de 4:30.   Possui bar e restaurante com opções de almoço e jantar.",,Urbana,,(41)3778-6800,-,-,reservas@bourbon.com.br,@bourbonhoteis,www.bourbon.com.br/hotelrio/rio-hotel-by-bourbon-curitiba-aeroporto,Sim,24h,Oferece o Petit Café a partir das 4:30h,Sim,2 Km até o aeroporto;  2 Km até o centro; 400 m da Av. das Torres;  6 Km até a BR 376 e 116,Petit café servido a partir das 4:30h.,,Sim,276,Alguns serviços não são inclusos em todos os pacotes. Consultar datas e horário de funcionamento de espaços e restaurantes.,,,Não,64,74,156AM373,
Sítio Eco-Betel,Volume II,395,383,5,4,30,Equipamentos e Serviços,Hospedagem,"Rua Arthur Carvalho da Rocha, 2506",Roça Velha,83149-899,"-25.687033222706855, -49.117473235420135",Espaço de lazer para família cristã planejado junto à natureza.,"Local é de fácil acesso  onde hospedes podem desfrutar mata nativa, ambiente para relaxamento, meditação e oração.",Rural,(41)9 9728-3207,,-,Keila Azevedo e Sérgio Aparecido Guimarães,sitioecobetel@gmail.com,@sitioecobetel,https://sitioeco-betel.com.br,Pelo whatsapp,Funciona 24 h,"Possui 6.000  de mata nativa com trilhas e nascentes; Estufa de morango,; área para fogueira, deck para rede.",,32 Km do aeroporto; 30 Km até o centro; 3 Km até a BR 376,"Cesta de café da manhã, quadra poliesportiva, área de pesca e lazer infantil",,,6 pessoas,"Não aceita pets, fumantes, bebida alcoólica",Turismo Rural,,FALSO,0,2,2,
Slavieiro Curtiba,Volume II,396,384,5,4,31,Equipamentos e Serviços,Hospedagem,"Avenida das Torres, 3450",Centro,83050-010,"-25.53608738244876, -49.19411016074439","Localiza-se na região central de São José dos Pinhais, na principal via de acesso à Curitiba e a menos de 3 km do Aeroporto Internacional Afonso Pena.","Esta unidade  possui estação de recarga para veículos elétricos, serviço de quarto 24h e café da manhã diariamente servido às 5h.",Urbana,(41)9 9287-5412,(41) 2170-4050,-,Slavieiro Hotéis,reservas.seca@slavierohoteis.com.br,@slavierohoteis,www.slavierohoteis.com.br,Pelo site,Funciona 24 h,"Serviço de quarto 24h, estação de recarga para veículos elétricos, possui opções veganas, sem glúten e vegetarianas, restaurante aberto ao público, atendimento em espanhol, inglês e italiano, academia de musculação, wifi, lavanderia, salão de eventos",Sim,"3,5 Km do aeroporto; 4 Km do centro;  está a menos de 100 m da BR 376",Café da manhâ servido às 5:00h diariamente; carregador para carro elétrico,-,Sim,206 pessoas,-,-,-,Não,82,124,165,
Space 4U - Hotel,Volume II,397,385,5,4,32,Equipamentos e Serviços,Hospedagem,"Rua Tereza Nester, 305",Afonso Pena,83045-290,"-25.510705224895577, -49.18241682639223",O Space 4U funciona em um antigo co-working cujo proprietário era apaixonado pela Volkswagen. O local foi transformado em um hotel rústico temático e  incluiu objetos decorativos que remetem ao passado. Muito procurado pelos amantes  da Kombi.,"O Bar-Kombi  é um dos destaques, sendo um dos espaços instagramáveis do local.  A proprietária gerencia  pessoalmente o  empreendimento usando recursos tecnológicos  que facilitam o controle e a segurança, dando vida e personalidade ao local e mantendo o",Urbana,(41)9 9570-7119,,-,Patrícia Mateus,space4u@gmail.com,@space4uhotelboutiquesjp,-,Diretamente no local ou no Booking.com,Das 07:00h às 23:00h,"A cozinha fica disponível para os hóspedes,  organiza eventualmente alguns eventos gastronômicos para hóspedes, vende algumas utilidades no local; amantes da combi utilizam o espaço para tirar fotos instagramáveis.",Não,6 Km do aeroporto; 4 Km do centro; 3 Km da BR 277,Espaços instagramáveis apreciados pelos amantes da Kombi; local procurado por pessoas que visitam a cidade para customizar kombis e kombi homes.,2020,Não. Local fácil de estacionar,35 pessoas,Diária não inclui café da manhã; não atende casais com crianças pequenas; não  aceita animais de estimação.,Hotel temático apreciado por amantes de Kombi,-,Não,02,06,16,
Stradiotto Hotel,Volume II,398,386,5,4,33,Equipamentos e Serviços,Hospedagem,"R. Visc. do Rio Branco, N° 3015",Jardim Cruzeiro,83005-420,"-25.539893491546874, -49.1922818515058"," Hotel simples, localizado na região central da cidade, à beira da Av. das Torres. É uma opção prática para quem precisa de estadia rápida. Possui restaurante interno, está próximo a ponto de ônibus da rede pública e permite fácil deslocamento para o centro da cidade e diversos atrativos turísticos.",,Urbana,,"41328247,19",,,,,,Siim,24h,Aceita animais de estimação,Não,,,,Sim. Sujeito a disponibilidade,82 pessoas,Aceita animais de estimação de pequeno porte mediante taxa,,,Não,30,26,56,
,Volume II,399,,,,,Equipamentos e Serviços,Locadoras de Veículos,,,,,,,,,,,,,,,,,,,,,,,,,,,Não,,,,
RESTAURANTES,Volume II,400,387,5,5,1,Equipamentos e Serviços,Locadoras de Veículos,,,,,,,,,,,,,,,,,,,,,,,,,,,Não,,,,
,Volume II,401,,,,,Equipamentos e Serviços,Restaurantes,,,,,,,,,,,,,,,,,,,,,,,,,,,Não,,,,
Abbey,Volume II,402,396,5,6,1,Equipamentos e Serviços,Restaurantes,"R. Voluntários da Pátria, 813",Centro,83005-020,"-25.540486810403504, -49.199165319580494","Restaurante localizado em  casarão do início do século XX, possui um ambiente sofisticado e aconchegante, muito bem decorado e planejado. Possui um salão para eventos independente, com total isolamento de som e ambiente exclusivo.","Oferece uma variedade de pratos da gastronomia  de diversos países, almoço executivo e  eventos personalizados. Possui mesas na área externa para os românticos e vários lugares que proporcionam belas fotos  para quem curte fotografia e arquitetura.",Urbana,,(41) 3382-6015,,-,eventos@abbey.com.br,@abbeygastronomiaeeventos,www.abbey.com.br,"Sim, mas atende para almoço sem reservas.","Almoço: Seg. a Sex: 11:30h às 14:45h. Sab, Dom  e Feriados: fechado.","Almoço executivo, wi-fi,  entrega, almoço para viagem, mesas  em área externa, entre flores e pérgola,  realiza eventos temáticos, salão de eventos independente.",Sim,"3,5 Km do aeroporto;  encontra-se no centro; 900 m da Av. das Torres/BR 376",Almoço executivo com pratos da gastronomia de vários países; arquitetura do início do século XX.,Casa de 1910. Restaurante aberto em 2001,Local fácil de estacionar.,,Cães podem ficar na área externa do restaurante.,Gastronomia contemporânea; eventos personalizados,Sim,Não,,,,
Alecrim Dhourado,Volume II,403,397,5,6,2,Equipamentos e Serviços,Restaurantes,"R. Joaquim Nabuco, 1682",Cidade Jardim,83040-210,"-25.529105988959486, -49.202763332492864","Eleito um dos 10 melhores lugares para se almoçar na cidade, foi reconhecido com o Prêmio Bom Gourmet em 2022. O ambiente é acolhedor e bem decorado, com atendimento atencioso e sorridente.","Possui um cardápio diversificado com pratos elaborados e saborosos, utilizando ingredientes frescos e incluindo receitas tradicionais e opções vegetarianas.  As sobremesas são feitas com carinho e ingredientes de alta qualidade.",Urbana,,(41) 3146-1818,-,-,alecrimdouradoet@gmail.com,@alecrimdhourado,-,-,Seg a Sab: 11:30h às 14:00h; Sáb:,"Buffet de comida brasileira, wi-fi",Sim,"3,5 Km até o aeroporto; encontra-se no centro;  1 Km até a Av. das Torres.","Ambiente aconchegante, pratos muito bem preparados, boas opções vegetarianas, atendimento atencioso.",-,Não. Estacionamento gratuito na rua.,48 pessoas,-,Gastronomia brasileira,"Sim, o cardápio é variado com várias receitas da casa",Não,,,,
Âncora - petisco & frutos do mar,Volume II,404,398,5,6,3,Equipamentos e Serviços,Restaurantes,"R. Castro, 1085",Cruzeiro,83010-080,"-25.54308019416208, -49.180889633072084","Restaurante temático, local familiar, bem humorado. Experiências gastronômicas com frutos do mar  bem preparadas e acessíveis para toda a família. Tem opções para quem não curte frutos do mar, chopp artesanal, chopp de vinho em taças ultra geladas.","O pirata e sua tripulação servem aos  clientes que aparecem a bordo. Possui espaço para diversão das crianças e um mapa do tesouro pintado na parede, convidando clientes de todas as idades a encontrarem a sua preciosidade.",Urbana,(41)9 9536-3416,,-,Casal Elisa e Edilson Gomes da Silva,petiscosfrutosdomar@gmail.com,@ancorapetiscosfrutosdoma,https://linktr.ee/ancorapetiscosefrutosdomar,Sim.  Atende mesas sem reserva mas recomenda reservar antes.,"Ter, Qua, Qui, e Dom:  18:30h às 23:00h; Sex e Sáb: 18:30h à 00:00h; Fecha às Seg. Feriados: horário pode variar","Wi-fi, espaço para crianças, consumo no local,  desconto para aniversariantes, porções individuais,  cliente pode montar sua tábua  com 3 ou mais itens",sim,"1,8 Km do aeroporto; 2,3 Km do centro;  1,3 Km da Av. das Torres","Frutos do Mar, local pra toda a  família",,,,,Frutos do mar e petiscos,Sim,Não,,,,
Aria verde,Volume II,405,399,5,6,4,Equipamentos e Serviços,Restaurantes,"R. João Berger, 544",Colônia Mergulhão,,"-25.565067547397835, -49.127223942653956","Localizado no Caminho do Vinho, o estabelecimento foi criado como um espaço de lazer rural, com foco em gastronomia e atividades para a família. Oferece um conceito que integra entretenimento, natureza e boa comida. Atende ao público aos finais de semana e sua estrutura é adaptável a eventos sociais e corporativos. ","Como atividades de lazer oferece pista de mini-golf para adultos e crianças, passeio à cavalo e brinquedos infláveis. As atividades são gratuitas para crianças abaixo de 6 anos, devendo os demais adquirem ingresso para as respectivas atividades. Não cobra entrada no espaço da chácara, permitindo que as pessoas usufruam da área de lazer.",Rural,41 9812-9675,,,,ariaverdeminigolf@gmail.com, @aria.verde,www.ariaverde.com.br,Sim,"Feriados, Sex a Dom: 13:30h às 17:30h; Restaurante: 11:30h às 15:00h. Os horários podem variar em alguns feriados.","Pista de mini‑golf com 18 pistas, padrão esportivo, para adultos e crianças; passeio a cavalo, brinquedos infláveis, redário, um salão interno para 200 e outro para 220 pessoas, área verde externa. As atividades de lazer são gratuitas para crianças abaixo de 6 anos",Sim,"10 Km até o aeroporto, 11 km até o centro; 4 Km até a BR 116",A chácara posssui  a segunda pista de mini golf do país com as medidas internacionais do esporte.,2019,,420 pessoas distribuidas em 2 salões,"É proibido entrar com bebidas ou alimentos não adquiridos no local, bem como levar alimentos para a área do bosque ou do minigolfe, usar som alto e trafegar acima de 10 km/h.",,,Não,,,,
Aromas da Terra (Restaurante da Salete),Volume II,406,400,5,6,5,Equipamentos e Serviços,Restaurantes,R. Benjamim Claudino Barbosa,Colônia Zacarias,83025-323,"-25.575200799178067, -49.22181532401232","Também conhecido como ""Restaurante da Salete"", o restaurante fica próximo ao Patronato Santo Antônio e serve comida caseira reconhecida pelo capricho e pelo sabor.",O restaurente fica na parte superior de lojas comerciais e possui uma placa discreta.,Rural,(41)9 9107-9085,,,Maria Salete Rodrigues Farias,restaurantearomasdaterra@gmail.com,@restaurantearomasdaterra; @cheffsaleterodrigues;,-,-,Seg a Dom: 11:00h às 24:00h. Horário pode variar nos feriados,"Comida no local e para levar; fornece alimentos para eventos, já tendo atendidos grandes casas de eventos da região.",Não,9 Km do aeroporto;  5 Km do centro; 650m da BR 376,"Comida brasileira caseira, simples e saborosa",,sim,55 pessoas sentadas,,"Comida brasileira caseira, simples e saborosa",,Não,,,,
Assados da Cabanha,Volume II,407,401,5,6,6,Equipamentos e Serviços,Restaurantes,"Rua Domingos Perbiche, 1446",Murici,83085-230,"-25.59450214479526, -49.13679765234388","Criado  em um antigo  local de criação de cavalos para competições, é conhecido como o local do artesanato da carne na Colônia Murici. Oferece várias opções de carnes preparadas de forma rústica  usando técnicas como o uso do   ferro em brasa.","As receitas são autorais e as carnes rigorosamente selecionadas. O restaurante proporciona experiências gastronômicas preparadas com  pinhão, sobremesas variadas, chopp gelado e  os drinks também rústicos.  O local possui uma bela arquitetura  onde predom",Rural,(41)9 8846-8588,,-,Casal Ana Bernadete Grochocki  e Rodrigo Miranda,contato@assadosdacabanha.com.br,@assadosdacabanha,www.assadosdacabanha.com.br,Preferencialmente com reservas.  Atende algumas mesas sem reserva de quinta à sábado. Domingo: somente com  reserva.,"Qui e Sex: 18:30h às 22:30h
Sáb: 11:30h às 22:30h
Dom: 11:30h às 15:00h","Jantar em ambiente interno, lareira, wi-fi, estacionamento, Pets são permitidos na área externa.

Porções generosas
·
Ótima comida
·
Interior estiloso",-,"11 Km do aeroporto, 6 Km aprox da BR 11k, aprox. 12 Km do centro","Carnes  e hamburgueres preparados de forma rústica, maçã assada na parrilha caramelizada",,Possui espaço aberto para estacionamento de carros e ônibus.,,"O circuito de minigolfe deve ser utilizado exclusivamente para a prática do jogo, sendo vedado transformá-lo em área de recreação infantil.","Artesanato da carne, carnes na parrilla, hamburgeres artesanais, porções e sobremesas feitas na brasa","sim, toda a preparação é própria da técnica do Assados na Cabanha",Não,,,,
Bambino Mio,Volume II,408,402,5,6,7,Equipamentos e Serviços,Restaurantes,"R. Marcelino Nogueira, 775",Centro,83005-370,"-25.533252909402538, -49.19519344902345","Possui um ambiente rústico, charmoso e acolhedor. Destaca-se pela culinária italiana, oferecendo um cardápio à la carte com massas, carnes e frutos do mar. Pratos como Filet Marítimo, Risoto de Camarão com Palmito Pupunha e Medalhão Bambino são destaques.","As massas são feitas artesanalmente e servem duas pessoas. Durante o inverno, fondues são oferecidos, e as sobremesas incluem opções como frutas flambadas e petit gateau.  Além disso, possui um salão de eventos disponível.",Urbana,,(41) 3283-5600,-,-,-,@restaurantebambinomio,www.bambinomio.com.br,"Aceita reservas para jantar, celebrações, aniversários, café colonial",Ter a Sáb: 11:30h às 15:00h. Dom:  11:30h às 15:30h.   Horário pode variar  em feriados.,"Cardápio à la carte que inclui massas, carnes e frutos do mar;  locação para eventos corporativos, café colonial, jantares, casamentos.",Sim,"3,5 Km do aeroporto; encontra-se no centro; menos de 500 m da Av. das Torres",Comida italiana com massas artesanais e frutos do mar.,,Não. Estacionamento gratuito na rua.,,,"massas artesanais, comida italiana e frutos do mar",Sim,Não,,,,
Barranko´s Bar  e Gastronomia,Volume II,409,403,5,6,8,Equipamentos e Serviços,Restaurantes,Rua Júlio Cesar Setenareski 3635,Colônia Mergulhão,83085-290,"-25.570302030102546, -49.1155050137087","Galpão estilo colonial e rústico com fogão a lenha aquecendo o ambiente e garçons animados. É um ambiente para famílias e amigos que apreciam  música ao vivo, petiscos e bebidas, caldos variados e cerveja.","Possui amplo deck  que permite apreciar a paisagem do Caminho do Vinho, oferece pinhão na chapa na temporada do pinhão e área destinada à diversão das crianças e área para animais de estimação.",Rural,(41)9 9199-3293,,,-,-,@barrankos_bar,https://www.caminhodovinho.tur.br/barrankos-bar/,-,Sex e Sáb: 18:00h às 00:00h; Dom: 12:00h às 19:00h,"Mesas e cadeiras nas áreas internas e externas, deck,  galpão rústico,  fogão à lenha; Serve carnes   selecionadas na chapa  tais como, tilápia, rã, coração acebolado além da típica carne de onça e  outras porções; drinks",Sim,10 Km até o aeroporto; 10 Km até o centro; 6  Km até a BR 116,Tilápia espalmada – peixe aberto ao meio com um corte longitudinal,-,Sim,200 pessoas,Utilizar somente os materiais fornecidos no local para a prática do minigolfe e devolver todos os itens após o uso.,"Música ao vivo,  porções,",-,Não,,,,
Batata da Vila,Volume II,410,404,5,6,9,Equipamentos e Serviços,Restaurantes,"R. Mal. Deodoro da Fonseca, 247",Centro,83005-350,"-25.536482756928425, -49.1991934505493","Boteco antigo e famoso pela variedade em petiscos e porções onde a  batata é o ingrediente principal. O carro-chefe é a batata suíca mas oferece porções, cerveja, vinho, bebidas geladas, destiladas  e também a pizza de massa de  batata.","Espaço rústico, ambiente familiar, simples,  para descontrair e conversar com amigos e família. Discreto, não usa muito as midias sociais. Mais conhecido por indicação boca a boca. Oferece música ao vivo.",Urbana,,(41) 3384-4484,-,-,,@batata-da-vila (não muito utilizado),-,Aceita reservas.,Seg a Dom: 17:30h às 23:00h. Horários podem variar nos feriados.,"Wi-fi; embala para viagem, possui mesas e cadeiras em ambiente interno.",Sim,"4 Km do aeroporto; encontra-se no centro; 1,5 Km ate a BR 277/Av. das Torres","Batata Suíca preparada de diferentes formas, com destaque para a recheada com costela e provolone; pizza de batata e  bala baiana.",,Não. Estacionamento nas ruas laterais.,50 Pessoas,"Em caso de perda ou não devolução, aplicar as penalidades previstas.",Pratos a base de batata,Sim,Não,,,,
Brutz - shopping,Volume II,411,405,5,6,10,Equipamentos e Serviços,Restaurantes,"Rua Dona Izabel A Redentora, 1434, loja 244 - Shopping São José",Centro,83005-010,"-25.537143587135308, -49.20430631443846","Restaurante que oferece carnes nobres,  porções, hamburgueres,  saladas, saladas, em um ambiente tranquilo dentro do shopping da cidade. Oferece também coquetéis artesanais.",Possui um  espaço tipo deck que proporciona um ambiente privativo e descontraído para reunir com amigos ou tomar uma cerveja tranquilamente.,Urbana,(41)9 9978-6392,,-,-,contato@brutz.com.br,@brutzoficial,https://www.brutz.com.br/,Sim,"Seg a Sáb: 11:00h às 22:00h
Domingo: 12:00h às 20:00h","Comida no local, delivery,",sim,"1,8 Km do aeroporto; encontra-se no centro;  2Km da BR 116",Ótimo local para happy hour.,,Sim. O mesmo estacionamento do Shopping.,140 pessoas,,"Carnes nobres, hamburgueres, chopp gelado.",Sim,Não,,,,
Calçadão,Volume II,412,406,5,6,11,Equipamentos e Serviços,Restaurantes,"Rua Quinze de Novembro, 1592 Estacionamento: Rua Dona Izabel A Redentora, 1581",Centro,83005-000,"-25.53716259679441, -49.203106365613294","O restaurante  oferece uma ótima opção de café colonial e almoço estrategicamente localizado no centro da cidade. Possui uma estrutura grande, sendo capaz de absorver grandes grupos mesmo com o funcionamento normal dos clientes do dia a dia",Possui  várias  opções de salgados e  doces no café colonial e de  pratos salgados e sobremesas no almoço. Também oferece pães  de fabricação própria. O estacionamento é grande e fica na rua lateral da entrada principal do estabelecimento.,Urbana,(41)9 9979-0219,,-,,,@calcadaosjp,https://linktr.ee/calcadaosjp,-,Café Colonial -  Seg a Sáb: 8:45h às 18:15h. Almoço -  11:45h às 15:00h; Dom: Fechado,"Comida brasileira, café colonial no centro da cidade durante todo o dia, estrutura para receber grandes grupos, atendimento rápido, acessibilidade, embala para viagem.",Sim,4 Km do aeroporto; encontra-se no centro da cidade; 2 Km da Av. das Torres.,Café colonial no centro da cidade; atendimento rápido.,,"Sim, na rua lateral da entrada principal.",,Encomenda de salgados com 1  2 dias de antecedência e bolos com 2 dias de antecedência.,Atendimento rápido de grandes grupos no centro da cidade para café colonial e comida brasileira.,Sim.,Não,,,,
Cantina Zanchetta,Volume II,413,407,5,6,12,Equipamentos e Serviços,Restaurantes,"R. José Zancheta Filho, 3555 -","Campina do Taquaral, Rota das Colônias",83021-430,"-25.611769336404986, -49.20757273389984","Local que convida as clientes a mergulharem na cultura italiana, oferecendo pratos centenários da família Zanchetta tais como polenta cortada no fio e vinho, polenchetta, polenta com frango caipira, proporcionando uma autêntica experiência italiana.","Além de refeições e café colonial ao ar livre em um belo parreiral oferece experiências tais como Café no Parreiral, Merendin, Pisa na Uva, Meu Pé de Parreira, Sapecada de Pinhão. Reúne  sabores, história,  tradição e amor pela cultura italiana.",Rural,(41)9 9965-5494,,,José Zanchetta,cantinazanchetta@gmail.com,@cantinazanchetta,linktr.ee/cantinazanchetta; www.cantinazanchetta.com.br,Aceita reservas. Recomenda ligar para saber os horários e disponibilidade.,"Sab e Dom: 11:30 às 14:30h (Ligar antes). Realiza a ""Noite italiana"" às quartas-feiras. Consultar programação nas mídias sociais. Fecha na Sexta-Feira Santa.","Wi-fi, mesas ao ar livre  debaixo do parreiral, pequeno museu que conta a história da Família Zanchetta; forno a lenha;  turismo de experiência, lazer ecopedagógico no parreiral,  participa do projeto ""Aulas no Campo""; possui opções vegetarianas e veganas",Sim,"13, 4 Km  (via R. Nestor Negoseke) e 16,6 Km (via R. José Zanchetta Filho) do aeroporto;  11 Km do centro;  7 Km da BR 376","Prêmio Assai Bons Negocios 2019 e 2020, Premio Turismo Sustentável  Audi e Boticário 2023. Oferece kits com batata smiles para crianças. Clientes podem visitar a cozinha",,Sim,Varia de acordo com o evento. Restaurante 120 pessoas; Café no parreiral: 100 pessoas.,Não pode dizer que não quer engordar,Gastronomia italiana,"Sim. Polenchetta, frango caipira tradicional da família",Não,,,,
Churrascaria Velho Napolitano,Volume II,414,408,5,6,13,Equipamentos e Serviços,Restaurantes,"Av. Rui Barbosa, 8371",Centro,83040-550,"-25.53157369254125, -49.196221317728316","É uma churrascaria tradicional que funciona para almoço e jantar, oferecendo pratos de steakhouse, culinária brasileira e churrasco. Oferece uma variedade de  carnes nobres, acompanhamentos com  diferentes tipos de  risotos, massas,  saladas  e drinks","Destaca-se pela qualidade das carnes, como cordeiro, T-Bone, French Rack, chorizo, bife ancho, alcatra e costela de leitão à pururuca.  A equipe é eficiente e atenciosa, e o local é apreciadas por grupos de amigos,  executivos e turistas.",Urbana,,(41) 3283-5579,,Mauro F. Singer,-,@velhanapolitana,,Aceita reservas.,Seg a Sex: 11:30h às 15:00h e 19:00h às 22:30h;  Sab:  11:30h às 15:30h e 19:00h às 22:00h. Domingo: 11:30h às 15:45h.Horário pode variar  em feriados.,"Rodízio de churrasco, estacionamento disponível, televisão, cadeiras para bebês, acesso para cadeirantes, serve bebidas alcoólicas, Wi-Fi gratuito, serviço de mesa.",Sim,"3 Km até o aeroporto; está há 2,5 Km do centro e  100m da Av. das Torres",Churrasscaria tradicional especializada em carnes nobres.,-,Sim,,,Churrasco de carnes nobres,Sim,Não,,,,
Cia dos Assados,Volume II,415,409,5,6,14,Equipamentos e Serviços,Restaurantes,"Rua: Maringá, 33 loja 3
em frente a Escola Pedro Fuss quase esquina com rua Joaquim Nabuco",São Cristóvão,83040-160,"-25.525441789769502, -49.20069230423688","Funciona  aos finais de semana, oferecendo um cardápio variado  com uma seleção  de 21 tipos de carnes.","Entre as opções, destacam-se  diversos tipos de peixe recheado, costela, costelinha de porco pururuca, frango e  marreco recheado, cupim, dentre outros. Além disso, são servidos acompanhamentos como risoto e maionese.",Urbana,(41)9 9280-5442,(41) 3634-2040,,,ciado.assadoo@gmail.com,@companhiadoassadosjp,www.ciadoassado.comunidades.net,Aceita reservas.,Sab a Dom: 07:00h às 14:00h.  Horário pode variar  em feriados.,"Churrasco, assados de diferentes tipos de carnes; embala para viagem.",Sim,4 Km do aeroporto; 2 Km do centro;  menos de 1 Km da Av. das Torres;,"Assado de carnes nobres: marreco, carneiro, costela,",,Não. Estacionamento nas ruas laterias.,-,-,Variedade de carnes assadas e nobres,-,Não,,,,
Costelão da Colonia,Volume II,416,410,5,6,15,Equipamentos e Serviços,Restaurantes,"Av. das Américas, 600",Cidade Jardim,83030-640,"-25.530696488149456, -49.20966446318458","Fundado em 1987, é especializada em  carnes   assadas ao estilo gaúcho, acompanhada de  opções de pratos variados e  doces caseiros, em um ambiente simples, rústico  e familiar.  Possui oções vegetarianas. Funciona também como local de eventos.","É parceiro da chácara Cabana Santana que  possui  área verde para celebrações. Sua tradição gastronômica   com carnes selecionadas e com uma técnica  exclusiva de preparação, a qualidade dos serviços e do atendimento, o tornaram referência na região.",Urbana,,(41) 3283-4625,,,costelaocolonia@gmail.com,@costelaocolonia,www.costelaocolonia.com.br,Aceita reservas,Seg a Sáb: 11:30h às 14:30h. Dom: somente para viagem. Horário pode variar nos feriados.,"Wi-fi, buffet, a la carte, cardápio infantil, cadeirinha para crianças",Sim,5 Km do aeroporto; menos de 1 Km do centro;,Estilo rústico,1987,"Sim, amplo e aberto",150 pessoas,,Costela no estilo gaúcho,Sim,Não,,,,
Dom Ernane,Volume II,417,411,5,6,16,Equipamentos e Serviços,Restaurantes,R. Abraão Negoseke 575,"Cachoeira, Rota das Colônias",,"-25.601293982276715, -49.20803418194879","Restaurante especializado em pratos de carneiro, reunindo a herança culinária das tradições italiana, polonesa e alemã. A comida é variada, preparada no fogão a lenha, com destaque para o carneiro com pinhão e o filé de cordeiro assado.",O atendimento é cordial garantindo uma experiência memorável para os clientes. Os licores e batidas da casa são um atrativo na recepção enquanto o sorvete artesanal de morango  se destaca entre as sobremesas.  Oferece lazer ao ar livre.,Rural,,(41) 9231-5970,-,Ernane e Marlene Negoseki,restaurante.domernane@gmail.com,@restaurantedomernane,www.domernane.com.br,Atende somente com reservas.,Fechado durante a semana. Dom: 11:30h às 16:00h,"Oferece  espaço pet,  chacrinha para crianças terem contato com animais; comida para viagem",Sim,"13,5 Km do aeroporto, 10 Km do centro;  13 Km ate a BR 376","Carne de cordeiro de criação própria preparada com receitas autorais, sorvetes e licores de fabricação própria.",2015,"Sim, tem espaço para ônibus",222,Atendimento somente com reservas,Carne de carneiro de criação e preparo próprio.,"Sim, carnes, licores e sorvetes",Não,,,,
Don Parrito Churrascaria,Volume II,418,412,5,6,17,Equipamentos e Serviços,Restaurantes,"R. João Berger, 6636",Colônia Murici,83085-290,"-25.567399840271094, -49.12815120276781","Oferece uma autêntica parrilla portenha. Trabalha com cortes selecionados, garantindo o sabor para o churrasco e os acompanhamentos compostos por uma variedade de frutas e legumes assados na parrilla.","Além disso, oferece chopp gelado e banana split como opção de sobremesa.O restaurante faz parte do complexo Recanto Inspiração que inclui o Recanto Inspiração Eventos e Restaurante, os trenzinhos do Caminho do Vinho e o próprio Restaurante Dom Parrito.",Rural,,(41) 3500-7744,-,-,,@donparritogastronomia,www.donparrito.com.br,-,"Ter a Sex: 11:30h às 14:00h
Sáb, Dom e Feriados: 11:30h às 15:00h","Parrilla portenha, buffet",Sim,"9 Km do aeroporto; 9,6 Km do centro;  3,7 km da BR 116",Parrilha portenha,-,Sim,-,-,Parrilha portenha,-,Não,,,,
Don Pietro - Pizzaria & Esfiharia,Volume II,419,413,5,6,18,Equipamentos e Serviços,Restaurantes,"Av. Marginal Br-376, 1965 - Loja 1 ",Cruzeiro,83010-514,"-25.539188707021147, -49.19117678867042","É uma pizzaria e esfiharia estrategicamente localizada próxima á Rodovia Henrique Herwig, dentro do complexo Street Mall 376. Oferece rodízio variado de pizzas e esfihas artesanais recheadas, com sabores tradicionais e versões doces. O ambiente é informal e acolhedor, ideal para grupos e famílias, com área de brinquedos disponível para crianças. É muito procurado pelo serviço de delivery.",,Urbana,(41)992485875,(41)35345072, -, -,, @dompietro_pizzariaeesfiharia,https://menu.brendi.com.br/dom-pietro-cruzeiro/,"Para grupos maiores, é recomendável fazer reservas no final de semana. ",Seg a Sáb: 11:00h às 00:00h; Dom: 11:00h às 16:00h. Horários podem variar em feriados.,,Sim,3 Km até o aeroporto;  2 Km até o centro;  menos de 100 m da Rod Henrique Herwig,Massa de fabricação própria,,Sim,340 pessoas,,Pizzas e esfihas,,Não,,,,
Estrada Velha Restaurante,Volume II,420,414,5,6,19,Equipamentos e Serviços,Restaurantes,"Estr. Velha da Guaricana, n° 1825",Corrego fundo,83149-899,"-25.72482473715316, -49.129947484871494","Local rústico  que oferece comida no fogão a lenha. Localizado na Estrada Velha da Guaricana. Comida caseira típica, feita com tempeiro campeiro. Serve pratos simples regionais  e, no sábado, a tradicional feijoada.","Servem também batidas de abacaxi, maracujá e  morango feitas na casa.",Rural,(41)9 9795-5365,(41) 9961-6541,-,-,-,@restaurante_estrada_velha,-,"Aceita reserva. No caso de grupos grandes, recomenda-se ligar antecipadamente.",Ter  à Dom: 11:00h às 14:00h,"Possui  mesas e cadeiras em espaço coberto. Os  principais pratos típicos  servidos  são: costela ao molho ou de panela,  frango frito, frango caipira com polenta. Todos são servidos com acompanhamento. Oferece opção de mamitex para grupos e empresas.",Sim,32 Km até o aeroporto; 31 Km até o  centro;  600 m até a BR 376,-,-,Sim,40 pessoas,-,Comida campeira,-,Não,,,,
Executive,Volume II,421,415,5,6,20,Equipamentos e Serviços,Restaurantes,"R. Joaquim Ferreira Claudino, 350 - Fundos",Cruzeiro,83010-430,"-25.54210975069736, -49.18680781958032","Considerado um dos melhores e sofisticados restaurantes da cidade, o Executive é um restaurante de gastronomia  brasileira muito procurado para comemorações, almoços de negócios, casamentose para  almoços de grupos internacionais.","A decoração é impecável, incluindo os banheiros. O local  é charmoso, possui uma adega e o  ambiente  é muito aconchegante.",Urbana,(41)9 9894-6829,(41) 3283-6829,,,-,@executivegastronomia,-,Segunda à sexta das 10h às 19h e sábado das 09h às 13h.,Almoço: Seg a Sex: 11:30h às 14:30h; Sáb: e Dom: Fechado,"Buffet de  gastronomia brasileira e sul-americanda,  locação de espaço para eventos,  almoço para empresas, wi-fi, para levar, reservas, restaurante privativo, cadeiras para bebês.",Sim,2 Km do aeroporto;  2 Km do centro; 650 m da BR 376,"Decoração, buffet  de gastronimia brasileira e sul-americana impecável. Opções sem glúten e vegetariana.",,Sim,,-,Gsatronomia brasileira,"Sim, possui várias, dentre elas, o arroz com tâmaras, geléia de pimenta, dentre outras",Não,,,,
Fazenda Park  Mergulhão Restaurante Colonial,Volume II,422,416,5,6,21,Equipamentos e Serviços,Restaurantes,R. Júlio César Setenareski 3670,Caminho do Vinho/Colônia Mergulhão,," -25.572600012736686, -49.11348045728172","Também conhecido como “Fazenda Park”, o empreendimento é um pesque-pague e restaurante rural com área de lazer. Em sua estrutura rústica, oferece ampla área verde com lago para pesca,  parque infantil e piscina.","O restaurante serve gastronomia brasileira, petiscos, para pratos à base de peixe, além de comida colonial e italiana. Recebe famílias e grupos. ",Rural,(41)997446207,,,,, @pesquefazendamergulhao,www.caminhodovinho.tur.br/fazenda-park-mergulhao/,Sim,"Feriados, Sab e Dom: 09:00h às 18:00h. Horários podem variar nos feriados ","Restaurante, lagos para pesque-pague com aluguel de equipamentos e estrutura rústica de pesca, além de área de lazer com parque infantil, piscina, mini ferramentas e passeios a cavalo ou pônei.",Sim,13 Km até o aeroporto;  12 Km do centro; 6 Km até BR 116,,,Sim, -,,"Restaurante colonial, pesque e pague",,Não,,,,
Folha de Louro Restaurante,Volume II,423,417,5,6,22,Equipamentos e Serviços,Restaurantes,"R. Padre Bittencourt, 20",Centro,83030-490,"-25.53429587623233, -49.20770104227122","O restaurante é pequeno e simples, conhecido pela sua comida caseira saborosa. O cardápio é composto por pratos da culinária brasileira, com opções de saladas, carnes e peixes às sextas-feiras. O estabelecimento também oferece almoço por quilo ou buffet livre, além de sobremesas e sucos naturais. Está estrategicamente localizado ao lado da Prefeitura Municipal.",,Centro,,(41) 3058-5758.,,,,www.facebook.com/folhadlouro/,,Não,"Seg a Sex: 11:30h às 14:30h; Feriados, Sáb e Dom: Fechado",Restaurante pequeno e simples.,Não,5 Km até o aeroporto;  encontra-se no centro;  3 Km até a Av. das Torres/ Av. Henrique Herwig,,,Nas ruas laterais,,Não comporta grupos grandes,Comida caseira,,Não,,,,
Frutos da Terra,Volume II,424,418,5,6,23,Equipamentos e Serviços,Restaurantes,"R. Augusto Micrute, 3555",Colônia Acioli - Caminho do Vinho,83085-290,"-25.56777625142348, -49.104562960084394","O restaurante, com 18 anos de tradição no Caminho do Vinho, começou em um antigo estábulo e hoje é uma superestrutura de 450 metros quadrados. Oferece pratos da culinária italiana, polonesa e colonial, com temperos cultivados na própria chácara.","As sobremesas são feitas com o leite das vaquinhas da propriedade e há também queijos coloniais produzidos pelo chefe da família, Fernando Obiava. Possui uma bela área verde com pedalinho, trilha, mirante e parque infantil. Oferece música ao vivo.",Rural,(41)9 9644-2038,(41) 3635-1201,,Família Obiava,contato@restaurantefrutosdaterra.com.br,@frutosdaterraoficial,www.restaurantefrutosdaterra.com.br;www.petiscariafrutosdaterra.com.br,Aceita reservas,"Restaurante: Sab, Dom e Feriados:  11:30h às 15:00h
Petiscaria: Sex: a partir das 19:00h","Wi-fi, salão com decoração típica; área verde,  pedalinho, trilha, mirante, redário, parque infantil, música ao vivo às sextas-feiras",Sim,"12 Km do aeroporto;  12 Km do centro;  6,7 Km do Contorno Leste /BR 116",Restaurante mais antigo do Caminho do Vinho,2003,Sim,400 pessoas,-,"Buffet tradicional de comida italiana, polonesa e colonial; pesticaria às sextas-feiras à noite.",Sim,Não,,,,
Garage - Food & Parking Estacionamento Food & Parking,Volume II,425,419,5,6,24,Equipamentos e Serviços,Restaurantes,"R. Joaquim Nabuco, 2127 - Loja 2 ",Centro,83005-160,"-25.533060436431875, -49.20262140711262","O local oferece estacionamento seguro 24h e, à noite, se transforma em uma agradável Vila Gastronômica urbana. Localizado na região centrao da cidade, funciona no formato de containers gastronômicos com diversas opções de alimentação. ","O ambiente é familiar, descontraído e aconchegante, sendo indicado para encontros entre amigos, happy hour, comemorações em família ou mesmo para um jantar a dois. O estacionamento é  integrado à vila, possui espaço kids e aceita animais de estimação.",Urbana,(41) 9609-2127,,,,admgarageov@gmail.com, @garagefoodparking,https://www.garagefoodparking.com.br/,Recomenda-se reserva para grupos maiores via WhatsApp,Vila gastronômica: 18:00h às 23:30h; Estacionamento: 24h,"A Vila Gastronômica oferece opções como espetinhos, hambúrgueres, crepes franceses, massas, pastéis, sushi, cachorro-quente e outras delícias noturnas. Também conta com espaço kids e  uma cafeteria na entrada que funciona em horário comercial.",Sim,4 Km até o aeroporto; encontra-se no centro;  1 Km até a Av. das Torres/Rod. Henrique Herwig,,2023,Sim,,,,,Não,,,,
Haru Restaurante Japonês,Volume II,426,420,5,6,25,Equipamentos e Serviços,Restaurantes,"Rua Colorado, 95",São Cristovão,83040-250,"-25.520196275532967, -49.199727219705274","É um pequeno restaurante especializado em culinária oriental próximo à Av. das Torres e ao hotel Carmelo, no bairro São Cristovão. Oferece rodízios e pratos bem elaborados em um ambiente  simples e familiar.",Seus pratos costumam ser  bem avaliados pelos clientes. Oferece serviço de delivery.,Urbana,(41)9 9934-5462,,,,,@restauranteharusjp,,,,,,"5 Km até o aeroporto;  2 Km até o centro;  Está a menos de 50m da Av. das Torres, 5 Km até a BR 277",As paredes do Haru possuem pinturas  características dos mangás ,,Nas ruas laterais,40 pessoas,Não comporta grupos grandes,Comida oriental,,Não,,,,
Herradura,Volume II,427,421,5,6,26,Equipamentos e Serviços,Restaurantes,R. Júlio César Setenareski 2500,Colônia Mergulhão,83085-290,"-25.569561402194402, -49.12422256625556","O Herradura oferece ao público cortes nobres preparados na parrilla e um cardápio diversificado incluindo lanches e vinhos. O restaurante apresenta uma arquitetura rústica e um ambiente descontraído e acolhedor, sendo ideal para confraternizações, jantares especiais e para apreciadores de carnes nobres. Costuma ser elogiado pela qualidade e pela boa relação custo-benefício. A madeira rústica predomina na decoração, que gira em torno do universo do churrasco.",,Rural,(41) 8744-5169,,,,"
Herradurarestaurant1812@gmail.com",www.facebook.com/herradurarestaurantc/,,Sim,Sex a Dom: 09:00h às 18:00h. Horários podem variar em feriados.,"Apresenta um cardápio diversificado, servindo, além de cortes de carnes nobres, como chorizo e carneiro, também parrilla de legumes, acompanhamentos, porções, lanches e vinhos selecionados. As carnes são acompanhadas de arroz, farofa e mix de folhas. Aceita locação do espaço para eventos e possui área destinada às crianças.",Sim,10 Km até o aeroporto;  11 Km até o centro; 4 Km até a BR 116,Serve parrilha de carne uruguaia,,Sim,100 pessoas,,,,Não,,,,
Horilka z pertzen,Volume II,428,422,5,6,27,Equipamentos e Serviços,Restaurantes,"R. Vereador Domingos Benvenutto Molleta, 16995",Colônia Marcelino,83800-000,"-25.754979025602925, -49.2436028631157","Bar e restaurante de estilo rústico, localizado na Colônia Marcelino, próximo ao Bar da Rosinha e a 800 metros da Igreja Ucraniana Santíssima Trindade. É uma ótima opção de parada para quem passa pela região aos finais de semana. Oferece comida brasileira e pratos típicos regionais, em um ambiente com decoração característica e interessante. O local é frequentemente elogiado pela qualidade da comida e do atendimento, sendo uma boa opção para encontros com amigos e famílias. Também é um ponto de parada bastante apreciado por ciclistas.",,Rural,(41) 99137 3463,,_,_,, @horilkazpertzen,,Sim,Sex: 18:00h às 23:00h; Sab: 12:00h às 23:00h; Dom: 09:00 às 22:00h. Horário  pode variar em feriados.,"Buffet composto por pratos grelhados e especialidades como pierogi, vareniki, chuleta com polenta, mandioca frita, além de porções, bebidas e bons acompanhamentos.",Sim,32 Km até o aeroporto; 31 Km até o centro;  11 Km até a BR 116,No Horika é possível apreciar bebidas típicas como a  cachaça ucraniana de canela e de pimenta.,,Nas ruas laterais,70 pessoas,,Comida da colônia,,Não,,,,
Jersão do Espeto,Volume II,429,423,5,6,28,Equipamentos e Serviços,Restaurantes,"R. Teresina, 26",Costeira,83015-240,"-25.55842573021507, -49.16843109870384","Restaurante rústico estilo country, oferece self-service de espetinhos artesanais variados,  assados na hora e  cuidadosamente organizados para  o cliente saborear com os olhos antes, iniciando a sua experiência gastronômica e acompanhado de chopp gelado.","Após se servir e pesar, o cliente tem uma mesa com farinha e molho para acompanhar os espetinhos que fica à disposição. Ótima opção para quem curte espetinhos.  O local é grande, com música sertaneja e tvs. Música ao vivo nos finais de semana.",Urbana,(41)9 9819-8522,,,,,@jersao_espetoo,jersao.pedidoon.net,"Sim, aceita grupos grandes. Atende mais de 90 pessoas sentadas.",Seg a Sáb: 16:00h às 23:00h; Fecha domingo. Feriados:  horário pode variar. Fecha para férias coletivas.,"Wi-fi, música ao vivo, entregas, TV para acompanhar jogos de futebol.",Sim,5 Km do aeroporto; 5 Km do centro;  1 Km do contorno leste/BR-116,Self service de  espetinhos;  vale observar a organização na disposição dos espetos,,Nas proximidades. Local fácil de estacionar," 100 pessoas ou mais, dependendo da disposição de mesas e cadeiras",,Espetinhos,sim,Não,,,,
JN - Restaurante,Volume II,430,424,5,6,29,Equipamentos e Serviços,Restaurantes,"R. Alm. Alexandrino, 861",Parque da Fonte,83045-210,"-25.50275785767651, -49.179112468405435","Opção de refeição localizado próximo do Parque da Fonte, oferece serviço de self-service de comida brasileira. O ambiente é simples, possui opção de mesas na área externa.",Oferece feijoada aos sábados e assados aos domingos.,Urbana,,(41) 3383-3988,-,-,-,-,,-,Seg a  Dom: 11:00h às 14:00h. Horário pode variar  em feriados.,"Buffet self-service, banheiro",Sim,"6,6 Km do aeroporto;  5,5 Km do centro; 1,5 Km da BR 277",Buffet self service de comida brasileira.,,"Não.  Está em local movimentado, sendo necessário buscar locais para estacionar nas ruas laterais.",25 pessoas,-,Self-service de comida brasileira,-,Não,,,,
Jerônimo Burguer Aeroporto (Junior Durski Restaurante),Volume II,431,425,5,6,30,Equipamentos e Serviços,Restaurantes,"Av. Rocha Ponbo, na Praça de alimentação do aeroporto",Área Institucional Aeroportuária,83010-900,"-25.5363222809116, -49.17225769311799","Pertencente ao Grupo Madero, o Jeronimo é um empreendimento no conceito de fast-casual centrado em tecnologia, direcionado ao público jovem, e também apreciado por famílias em geral. Utiliza totens para pedidos no formato self-service e oferece mesas com pontos de energia, muito úteis tanto para quem precisa recarregar o celular quanto para quem necessita trabalhar enquanto espera o voo.
Seus hambúrgueres são preparados prensados na chapa de aço carbono, técnica que garante suculência máxima. Utiliza carnes certificadas. O serviço é ágil e o ambiente é vibrante e colorido, com arte de rua de ótima qualidade pintada em suas paredes.",,Urbana,(41)988482544,,,,faleconosco@jeronimoburguer.com.br, @jeronimoburger,www.jeronimoburger.com.br,Não,"Ter a Dom:08:00h às 18:00h
Fecha Seg.Feriados: horário pode variar","Possui totens de atendimento self-service com cardápios ilustrados e de fácil orientação, mesas e cadeiras, mesas  com pontos de energia e  bancos.  O ketchup também é disponibilizado no formato de self-service. ",Sim,Encontra-se no aerporto; 4 Km até o centro;  6 Km até a BR 116 e 2 Km até a Av. das Torres,"Decoração vibrante, ambiente muito agradável e bom para trabalhar enquanto aguarda a hora do vôo.",,Do próprio aeroorto,103 pessoas,,Hamburgueres,Sim,Não,,,,
Kami Sushi,Volume II,432,426,5,6,31,Equipamentos e Serviços,Restaurantes,"R. Santo Agostinho, 408",Roseira de São Sebastião,83070-160,"-25.5185467493008, -49.12572200640771","É um restaurante especializado em culinária japonesa, localizado no bairro Roseira de São Sebastião. Os clientes costumam elogiar a qualidade da comida, preparada com ingredientes frescos — em especial o sashimi, o sushi e o ceviche —, sempre acompanhada de um cordial atendimento da equipe e de um ambiente agradável.
O restaurante oferece rodízio e opções à la carte, com destaque para sashimis premium, sushi variado, ceviche, guioza e diversas entradas. Os pratos são elaborados com ingredientes frescos e apresentam cuidado estético na montagem.",,Urbano,(41)99992-9052,,,,, @kamisushibr,,Sim,"Ter a Dom:18:00h às 23:00h
Fecha no último domingo do mês. Horário pode variar nos feriados.","Oferece serviço de delivery, opções à la carte e rodízio completo, que inclui entrada, pratos principais, barca de sushi e pratos quentes.",Sim,11 Km até o aeroporto;  12 Km até o centro;  1 Km até  BR116 ,,,Nas ruas laterais,45 pessoas,,,,Não,,,,
Kawiarnia,Volume II,433,427,5,6,32,Equipamentos e Serviços,Restaurantes,"R. Domingos Perbiche, 1446",Murici,83085-230,"-25.594091238674476, -49.13613637354566","Oferece café colonial e almoço com comidas típicas polomesa e brasileira com mais de 90 tipos pratos doces e salgados.  A área possui  uma casa e um paiol de arquitetura da imigração polonesa, ambos construídos usando a técnica de troncos encaixados.","Em funcionamento desde 2010, os proprietários buscam preservar um ambiente rústico acolhedor.",Rural,(41)9 9941-2457,(41) 3635-1468,-,Casal Ana Bernadete Grochocki e Rodrigo Miranda,kawiarniacafecolonial@gmail.com,@kawiarniacafecolonial,,Aceita reserva de grupos para sextas e sábados. Atende também por ordem de chegada. Não faz reserva para os domingos. Área de pet de pequeno porte.,"Sex: 15:00h às 21:00h - Sáb: 12:00h às 19:00h
Dom: 11:30h às 19:00h - Abre em feriados com horário de domingo","Mesas ao ar livre, wi-fi, aceita animais de pequeno porte, área verde, pequeno museu de ferramentas e objetos domésticos da época dos antigos colonos, oferece estacionamento.",Para cadeirantes,"10,4 Km do aeroporto, pela via Dr. Murici; aprox. 12 Km do centro da cidade; aprox. 6 Km da BR 116 - Contorno Leste",,,,,Não aceita reserva para os domingos.,Café colonial,Sim,Não,,,,
Luigi Restaurante,Volume II,434,428,5,6,33,Equipamentos e Serviços,Restaurantes,"Restaurante I R. Dr. Motta Júnior, 1047, 2o andar - entrada ao lado da Camomila da Colônia; Restaurante II - R. Visc. do Rio Branco, 1910. Ficam há 2 quarteirões de distância um do outro.",Centro,83005-170,"Restaurante I: -25.537380129288287, -49.203234928295856 e Restaurante II: -25.53734687311907, -49.199601735979705","O restaurante Luigi tem como proposta oferecer  um buffet de  comida verdadeiramente simples e caseira. Os pratos são bem saborosos,  usam temperos naturais e tem a vantagem de estar bem no centro da cidade.  Os dois restaurantes ficam próximos um do outr","O buffet dá direito a sobremesa, com destaque para o típico sagu ao vinho, receita da família dos proprietários. A gastronomia é brasileira com destaque para a feijoada. O local é simples, organizado e  com ótimo atendimento.",Urbana,(41)9 9198-9860,(41) 3146-0679,,Diego Santos,restauranteluigi1@hotmail.com,@luigirestaurantesjp,-,"Atende convênios, aceita encomendas",Seg a Sab: 11:00h às 14:30h. Dom: Fechado. Horário pode variar  em feriados.,"Buffet de comida brasileira, marmitex, atende convvênios, wi-fi.",Somente o  restaurante II.,4 Km do aeroporto; encontra-se no centro; 2 Km da Av. das Torres,Feijoada aos sábados;   sagu com vinho feito com receita tradicional da família dos proprietários.,,Não. Estacionamento nas ruas laterias,,-,Gastronomia brasileira,"Sim, os pratos possuem tempero artesanal e caseiro. Destaque para a feijoada e o sagu ao vinho.",Não,,,,
Madero Steak House,Volume II,435,429,5,6,34,Equipamentos e Serviços,Restaurantes,"Av. Rocha Pombo, s/n - Área Interna do Aeroporto Afonso Pena",Águas Belas,83010-620,"-25.537066173062698, -49.17271705630568","É uma rede paranaense que  fez sucesso e se expandiu pelo Brasil, se diferenciando por oferecer um ambiente de arquitetura aconchegante, um cardápio inovador e um atendimento impecável.  Possui um programa de fidelidade de cashback.","Se diferenciava  não só pelo hambúrguer artesanal, feito com carne de alta qualidade e moída na hora acompanhado por molhos especiais criados pelo chef Junior Durski   em um ambiente sofisticado, descontraído e aconchegante.",Urbana,(41)9 8848-2544,,-,-,-,@maderobrasil,www.restaurantemadero.com.br; linktr.ee/maderobrasil,Aceita reservas,Seg à  Sex: 17:00h às 20:00h. Horário pode variar  em feriados ou dias de eventos,"Happy hour, oferece opções de hamburgueres e sanduíches,  churrasco com cortes selecionados do Chef Júnior Durski, bife de chorizo,  porções, saladas, opções vegetarianas,  massas, carnes brancas, drinks  e sobremesas. Possui aplicativo próprio.",Sim,"Encontra-se no último andar do aeroporto; 2,5 Km do centro; 1,5 Km da Av. das Torres/BR 376",Acumula diversos prêmios gastronômicos; seus hortifrutis são produzidos na fazenda da empresa e possuem certificação orgânica e seu projeto arquitetônico diferenciado.,-,Sim.,,-,hamburgueres  e steakhouse,Sim,Não,,,,
Matka Aurélia,Volume II,436,430,5,6,35,Equipamentos e Serviços,Restaurantes,"R. José Scrobot Sobrinho, 2373",Colônia Murici,83085-465,"-25.582591860184362, -49.104665333070585","Localizado em meio à natureza, o Matka Aurélia se destaca por sua estrutura acolhedora e rústica. O restaurante possui um amplo salão principal com varanda externa, proporcionando  vista para o bosque  e para a Serra do Mar.","Ao lado do salão, um deque de madeira convida os visitantes a apreciarem a paisagem enquanto desfrutam de suas refeições. O ambiente tranquilo e sereno torna o Matka Aurélia o local ideal para uma experiência gastronômica única em contato com a natureza.",Rural,(41)9 9944-4652,(41) 3635-1380,,,andrei.oltiman@gmail.com,@matka_aurelia,www.matkaaurelia.com.br,Aceita reservas. Atende grupos e eventos corporativos.,Sab. Dom e Feriados: 11:45h às 15:00h. Horário pode variar nos feriados.,"Buffet de almoço  colonial, espaço para crianças com  balanços, playground, cama elástica, piscina de bolinhas e redários para descanso. Também possui  um empório com produtos artesanais e wi-fi.",Sim,"14 Km até o aeroporto, 13  Km até o centro; 10 Km até a BR 277","Decoração rústica, pela cênica, lazer junto à natureza.",-,Sim,200 pessoas,,"Restaurante especializado na culinária típica colonial,",Sim,Não,,,,
Mister Giuseppe,Volume II,437,431,5,6,36,Equipamentos e Serviços,Restaurantes,"R. Joaquim Nabuco, 1816 - Rua Almirante Alexandrino, 2295",Centro,83040-210,"-25.530098910384993, -49.203085428812884","Local acolherdor e bem decorado, localizado no centro da cidade, especializado em pizzas, oferece um cardápio diversificado que inclui pratos quentes, sobremesas, sopas e porções. Eleita a melhor pizzaria de 2023. - Localizada no bairro Afonso Pena, espec",,Urbana,(41)9 9969-6462,(41) 3383-8493,-,Renato da Silva Alves,-,@mistergiuseppe,mistergiuseppe.menudino.com/,Sim,Seg a Sáb.: 17:00h às 23:59h; Dom: 17:00h às 23:59h. Feriados: Pode ter horários diferentes.,"Serviço de entrega,  para viagem, buffet, happy hour, comida tarde da noite, wi-fi, estacionamento aberto",sim,"4 Km do aeroporto; está no centro da cidade e a  1Km da BR 376 - 5 Km do aeroporto; 4Km do centro; 1,3 Km da avenida das Torres; 7,5 Km até a BR 277",Eleita melhor pizzaria da cidade em 2023. Por 2 anos considerada a melhor pizza da cidade.,,sim,,,"Pizzas, calzones, batatas recheadas",Sim,Não,,,,
Obiava Restaurante,Volume II,438,432,5,6,37,Equipamentos e Serviços,Restaurantes,"R. Augusto Micrute, 749",Colônia Mergulhão,83075-182,"-25.566673809182483, -49.1049746923301","Criado pela família Obiava, oferece  comida colonial artesanal polonesa e italiana aos visitantes. Destacam-se as massas artesanais, molhos, costelinha barbecue e sobremesas como pudim de leite e cheesecake de frutas vermelhas",O espaço também aceita eventos e possui área infantil interna.  O restaurante promove noites com música ao vivo e petiscos toda sexta-feira e  baile gaúcho uma vez por mês.,Rural,,(41) 3797-5067,-,-,-,@restauranteobiavaoficia,www.caminhodovinho.tur.br/restaurante-familia-obiava/,Sim,Sex: 19:00h às 00:30h. Sab e Dom: 11:30h às 15:00h. Horário pode variar em feriados.,"Sistema de buffet livre com assados e sobremesa , porções,  bailes, brinquedoteca,  amplo estacionamento próprio, redes e balanos.",Sim,"13 Km do aeroporto; 13 Km do centro; 6,5 Km da BR 116",Comida colonial polonesa e italiana,,Sim. Amplo e descoberto,500 pessoas,,Comida colonial polonesa e italiana,Sim,Não,,,,
Panela de Barro,Volume II,439,433,5,6,38,Equipamentos e Serviços,Restaurantes,"R. Júlio César Setenareski, s/n",Colônia Mergulhão,83085-495,"-25.567883382600414, -49.13309101957934","O restaurante fica no Caminho do Vinho e oferece  um variado buffet  de comida colonial com qualidade e acessível servido em autênticas panelas de barro, preparadas em um tradicional fogão à lenha.",A decoração é rústica e aconchegante e o ambiente é familiar.,Rural,(41)9 8748-1212,(41) 9918-2125,,,-,-,-,,Seg a Sab: 11:40h às 14:00h. Dom: 11:30h às 14:30h. Horário pode variar  em feriados.,"Buffet de comida colonial, buffet de sobremesas, wi-fi, banheiro",Sim,9 Km do aeroporto;  10Km do centro;  3 Km da BR  116,"Buffet de comida colonial acessível, localização estratégica.",,Sim,100 pessoas,-,Buffet de comida colonial,-,Não,,,,
Petiscaria Cantinho Mineiro,Volume II,440,434,5,6,39,Equipamentos e Serviços,Restaurantes,"Rua João Bortolan, 222",Colônia Mergulhão,83085-460,"-25.5734604001748, -49.10618373307092",A proposta é  trazer uma oportunidade de experienciar as delícias de  Minas Gerais para o Caminho do Vinho. Oferece produtos tradicionais da Serra da Canastra como queijos artesanais e doces gigantes feitos no tacho de cobre.,"Também são encontradas cachaças, licores e  vinhos e servidas porções  de frango, tilápia, camarão, bolinho de aipim com linguiça Blumenau e  minichurros com doce de leite mineiro.",Rural,(41)9 9114-6124,,-,-,-,@petiscaria_cantinhomineiro,-,-,"Sáb, Dom e Feriados: 10:00h às 18:00h. Horário pode variar  em feriados de final de ano.","Venda de produtos da Serra da Canastra, bebidas, porções",Sim,12 Km do aeroporto;  13 Km do centro;  6 Km da BR 116,Produtos da Serra da Canastra,,Sim,-,-,Produtos mineiros,,Não,,,,
Pierogarnia,Volume II,441,435,5,6,40,Equipamentos e Serviços,Restaurantes,"Rua Doutor Murici, 5504",Colônia Murici,83085-310,"-25.57717910283174, -49.13759976371766","Descubra a essência dos pierogis poloneses no primeiro restaurante dedicado exclusivamente a eles na cidade. Desfrute de um buffet completo aos domingos, incluindo uma variedade de pierogis, pratos salgados, molhos típicos, saladas e sobremesas.","Pierogis assados e fritos  são servidos diretamente à mesa.  Local para apreciar a  decoração com pinturas feitas pela proprietária, fazendo com que os visitantes possam se transportar para  as raízes da cultura polonesa durante a  refeição.",Rural,(41)9 9747-2813,,-,,pierogarniabr@gmail.com,@pierogarniabr,-,Não.Atendimento por ordem de chegada.,"Atendimento Somente aos
Domingo das 11:30 as 15 horas. Horário pode variar nos feriados.","Wi-fi, Mesas externas

Retirada na porta

Wi-fi, embalagem para viagem",Sim,"8 Km do aeroporto; 8,5 Km do centro; 2, 7 Km da BR 116;","Pierogues assados, pinturas de autoria da  proprietária, paisagismo e arquitetura típicas polonesas",,Sim,80 pessoas,Só abre aos domingos.,Pierogis com receitas originais e comida típica polonesa,Sim,Não,,,,
Pizza da Hora,Volume II,442,436,5,6,41,Equipamentos e Serviços,Restaurantes,"R. Mario Nogarotto, 218",Cachoeira/Zacarias,83006-970,"-25.60892310540805, -49.23896736005308","Criada por uma família com tradição em pizzaria, os proprietários viram uma oportunidade de trazer algo diferente para o bairro e, aos poucos, foram conquistando  e fidelizando clientes. É uma ótima opção para quem está de passagem pela região.","Oferece grande variedade de opções, incluindo pizzas doces. O forte do local são as encomendas para viagem.  Moradores e trabalhadores da região ligam  e já fazem o pedido para buscarem  na volta do trabalho. Tem espaço para receber grupos de 50 pessoas.",Rural,(41)9 8519-3527,(41) 3385-8562,-,"Josmar Gondro, Angelita Gondro",dahoracachoeira@gmail.com,@pizzdahora,-,"Pode ser feita,  principalmente para grupos  grandes. Pedidos grandes devem ser feitos com antecedência.","Ter a Dom:08:00h às 18:00h
Fecha Seg.Feriados: horário pode variar","Wi-fi, banheiros, entregas, pedido por aplicativos, consumo no local, mesas para grupos grandes, estacionamento para carros e para ônibus, opções de vinho e bebidas. Espaço para pet.",sim,"13,5 Km do aerporto;  10, 4 Km do centro; 11 Km da BR 116",Pizzaria Rural com capacidade de atender grandes grupos,-,sim,Cerca de 50 pessoas sentadas confortavelmente.,-,"Pizzas salgadas e dozes, calzones, lasanha",Sim,Não,,,,
Querência Ivankio,Volume II,443,437,5,6,42,Equipamentos e Serviços,Restaurantes,"R. Carlos Kusma, 9100",Faxina,83023-400,"-25.775732189174374, -49.185826761898795","Com um ambiente rústico, acolhedor e cercado por natureza, o local é indicado  para desfrutar de um dia especial com a família ou amigos. Crianças de 7 a 12 anos pagam meia entrada.","Situada na zona rural, é um restaurante conhecido pelos seus petiscos, porções e seu buffet de  comida caseira que inclui massas, saladas frescas e coloridas, polenta frita e carnes suculentas, como a costela feita no fogo de chão.",Rural,(41)9 9231-9595,,-,-,thiaguinho.ivankio@gmail.com,@querenciaivankio,https://linktr.ee/querenciaivankio,Sim,Sex e  Sáb: 18:30h - 00:00h - Porções e lanches; Domingo: 10:00h às 22:00h,"Petiscos e porções, buffet de comida caseira, eventos, reserva para almoco, eventos, shows, jantar caipira organizado aos sábados,",Sim,33 Km do aeroporto;  32 Km do centro; 11 Km do BR 376,"Ambiente rústico em torno da natureza; buffet de comida caseira, tábua de petiscos com um chopp bem gelado, costela de chão, chopp  de vinho.",-,Sim,"1450 pessoas, sendo 400 pessoas sentadas",-,Comida  no fogão a lenha e costela fogo de chão,-,Não,,,,
Rancho M Roltz,Volume II,444,438,5,6,43,Equipamentos e Serviços,Restaurantes,"R. Dr. Murici, 3420",Ouro Fino,83010-290,"-25.565684983206705, -49.15785900846618","Ambiente simples e familiar, é uma opção para reunir os amigos e a família para um happy hour, almoço ou comemoração. O local  oferece buffet de comida brasileira,  pastel frito na hora, bebida gelada, serve porções.","Às sextas feiras serve cardápios especiais como: Jantar ""Loucos por Peixes"", buffet de sopas e caldos e ""Noite da Chuleta com Polenta.",Urbana,,(41) 3384-5856,-,-,ranchorolts@outlook.com,@mroltsrancho,-,Recomenda fazer reservas para o período da noite,"Seg a Sex: 08:00h às 22:00h; Sáb, Dom e Feriados: Fechado. Horário pode variar  em feriados.","Refeição no local e para viagem, serviço de entrega, música ao vivo, cadeirinhas pra crianças.",-,6Km até o aeroporto; 6 Km até o centro; 200 m da BR 116,Chuleta na polenta,-,Sim,,-,Comida colonial,Caldos e Sopas da Roltz calderia,Não,,,,
Rancho Machado,Volume II,445,439,5,6,44,Equipamentos e Serviços,Restaurantes,"Rua Vereador Domingos Benvenutto Moleta, 2731",Cotia,83024-990,"-25.646621786139434, -49.21128711957397","Restaurante colonial, rústico, especializado no tradicional prato típico paranaense chamado de ""churrasco de igreja"".  ",O prato é  inspirado nos tradicionais almoços das quermesses italianas.  A carne é marinada na véspera. Depois grelhada na churrasqueira e servida acompanhada  de diferentes guarnições. O espaço  também pode ser locado para eventos.,Rural,(41)9 9510-2240,(41) 3384-2359,,Daniela Aparecida Machado,,@ranchomachadocolonial,,Aceita reserva para eventos.,"Funciona no 2o e 4o domingo do mês,das 11:30h às 15:00h","Ambiente rústico, mesas em área coberta,  mesas na área externa, locação para eventos, wi-fi, estacionamento",Sim,"17 Km do aeroporto; 14,4 Km do centro; 7 Km até a BR 376","Churrasco de igreja,  costela ao molho de pinhão,  broa de pinhão, buffet livre",,Sim,70 pessoas,,Churrasco de igreja,Churrasco,Não,,,,
Recanto Inspiração,Volume II,446,440,5,6,45,Equipamentos e Serviços,Restaurantes,"R. Célia Terezinha Bassa, 1550",Colônia Mergulhão,83085-495,"-25.56313244792849, -49.13703250034312","É um espaço multifuncional com áreas de lazer, restaurante e eventos. Possui um amplo salão e toda a infraestrutura necessária para eventos, incluindo buffet completo e estacionamento próprio. Possui  acesso fácil por vias asfaltadas.","Cenário para  casamentos, festas de 15 anos, eventos corporativos ou formaturas, oferece  buffet diversificado com carnes, massas  e sobremesas. Possui várias  opções de lazer como pesque e pague, pedalinhos, caiaques e campo de futebol suiço.",Rural,(41)9 9988-2828,(41) 3049-4455,-,-,-,@recantoinspiracao,www.recantoinspiracao.com.br,Sim,"Sábado e domingo 08h30 às 18h
Sáb: 08:30h às 18:00h - aberto para lazer Dom:  lazer e almoço","Locação para eventos, churrasqueiras, área de lazer com campo de futebol suiço, pedalinho, salão de jogos,  salão de festa, serviço completo  de organização de casamento, mesas, cadeiras, toalhas, louças, taças, estacionamento próprio no local.",Sim,9 Km ate o aeroporto;  9 Km ate o centro;  2 Km ate a BR 116,"É um espaço multifuncional com áreas de lazer, restaurante e  área de eventos.",-,Sim,Salão para 450 pessoas,-,"Espaço multifuncional para eventos, lazer e restaurante.",-,Não,,,,
Sabor Argentino,Volume II,447,441,5,6,46,Equipamentos e Serviços,Restaurantes,"Rua visconde do Rio Branco, 2219",Centro,83010-310,"-25.53825197547437, -49.19691155097592","Ambiente simples, oferece pratos tradicionias argentinos  a noite e no almoço, refeições para o dia a dia  para quem trabalha na região com cardápio montado com comida brasileira e algumas opções típicas argentinas.","Destacam-se a  parrilla, as famosas  mollejas, empanadas doces e salgadas, tábua de carne  com legumes, dentre outros.  A casa oferece   cervejas Patagônia e Quilmes  e vinhos argentinos. A sangria é o drink da casa.",Urbana,,(41) 3098-6275,-,-,-,@sabor_argentino_sjp,-,Recomenda-se fazer reservas especialmente às sextas e finais de semana.,"Almoço: Ter a Sex, das 11:30h às 14:00h; Jantar: Ter a Dom, das 18:00h às 22:00h",Mesas e cadeiras em local com decoração minimalista e simpática. Atende por aplicativos.,-,3 Km até o aeroporto; encontra-se no centro; 600m da BR 376,"Tábua de carne com legumes, empanada de osso buco, molejas, sangria, cerveja Quilmes, Gancia (drink argentino).",-,Possui estacionamento conveniado ao lado,44 pessoas,Costuma atender somente com reservas  às sextas-feiras e nos finais de semana.,comida típica argentina,-,Não,-,-,-,
Santa Vaca - Pizza & Burguer,Volume II,448,442,5,6,47,Equipamentos e Serviços,Restaurantes,"R. Joaquim Nabuco, 1881",Centro,83005-160,"-25.53009805241261, -49.20263361958082","Localizado no centro da cidade,  é considerada uma das melhores hamburguerias da cidade, com receitas autorais. Um dos segredos do sabor é não usar carne congelada. Também tem pizzas nobres, porções, bebidas geladas e sobremesa.",Mistura a arte de preparar hamburgues feitos com carne não congelada com a arte de fazer pizzas bem sucedida a partir de um restaurante de sucesso em Curitiba. Possui parceria com alguns hoteis da cidade.,Urbana,,(41) 3534-8081,-,Milton César Albertin,,@santavacapizzaeburger,linktr.ee/santavacapizzaeburger,Sim; Aceita reserva para confraternizações,Seg: Fechado. Ter a Dom: 07:00h às 20:00h; Feriados: pode variar,"Wi-fi, acessibilidade, entrega para viagem, happy hour, estacionamento, TV",Sim,"2,5 Km do aeroporto; está no centro; 1,2 Km da Av. das Torres","Hamburgueres e pizzas artesanais,",2020,sim,128 pessoas,,Hamburgueres e pizzas artesanais,"Sim,  inclusive  a maionese que é servida nos hamburgueres",Não,,,,
Silvinha,Volume II,449,443,5,6,48,Equipamentos e Serviços,Restaurantes,"R. Benjamim Claudino Barbosa, 14881",Zacarias,83025-323,"-25.586084466113125, -49.223313433070466","Restaurante self-service de  comida caseira muito apreciada tanto por quem quem trabalha, quanto por quem pedala ou está de passagem na região. Somente funciona nos finais de semana e atende moradores e viajantes que encomendam marmitex para levar para ca",Sempre acompanhada de batatas fritas sequinhas. Faz um  delicioso creme de alho para acompanhar saladas. Aceita encomenda antecipadamente de creme de alho para levar. Suco e sobremesa acompanham a refeição.,Rural,(41)9 9639-5655,,-,Silvinha Negosseky,,@restaurantesilvinha,-,-,Seg a Sex: 11:00h às 14:00h Fechado nos finals de semana e feriados.,"Entrega,  marmitex, self service. Possui lugares para cerca de 30 pessas sentadas.","Sim, banheiro não possui acessibilidade","9, 5 Km do aeroporto; 7 Km do centro; 2 Km da BR 376/Contorno Leste",Atendimento atencioso.,,"Sim, entrada pela lateral do restaurante.",30 pessoas sentadas,"Local muito movimentado. Se a pessoa estiver com pressa e chegar em horário de pico, vale a pena pegar um marmitex .","Comida feita com tempeiros naturais, que proporcionam o sabor da comida.","Sim, com destaque para o creme de maionese de alho que deve ser encomendado antecipadamente.",Não,,,,
Tempero Mineiro III,Volume II,450,444,5,6,49,Equipamentos e Serviços,Restaurantes,"R. São Jorge, 627",Roseira de São Sebastião,83070-180,"-25.519056523604718, -49.12885740562787","Ambiente simples e familiar. Oferece buffet de  comida brasileira e  opções de marmitas pequenas, médias e grandes em uma região da cidade  predominantemente  industrial.","É uma opção de refeição para quem está viajando ou visitando empresas próximo ao Complexo Industrial Ayrton Senna,  Schattdecor do Brasil  e cruzamento das BR 277 e BR 116.",Urbana,(41)9 9676-7631,,-,-,,@temperomineirosjp; @tempero.mineiroIII,-,-,Seg à  Sex: 11:00h às 14:00h. Horário pode variar  em feriados ou dias de eventos.,"Buffet de comida brasileira, marmitas nos tamanhos pequeno, médio, grande.",Não,12 Km até o aeroporto;  13 Km até o centro;  500 m da BR 116,Um dos raros restaurantes  de buffet  de comida brasileira na região onde se localizam várias indústrias,-,Não. Estacionamento gratuito na rua.,,,,,Não,,,,
Tempero Paulistta,Volume II,451,445,5,6,50,Equipamentos e Serviços,Restaurantes,"R. Carlos Kusma, 3394",Campestre da Faxina,83023-400,"-25.734812285580972, -49.17385786751216","Iniciado como uma panificadora e lanchonete, o estabelecimento cresceu para atender à demanda de amigos e clientes. Oferece café da manhã e um cardápio de carnes variadas durante a semana.","Aos sábados, serve feijoada no almoço e, a partir das 18h, lanches, porções e também o entrevero de pinhão – receita da casa -  durante a temporada de pinhão. O ambiente é rústico e familiar, com um salão para comemorações e espaço de lazer para crianças.",Rural,(41)9 9239-1811,,-,,-,@temperopaulistta,-,-,"Seg a Sex:  11:00às 14:00h; Sáb:  11:00h às 14:00:00h,  Lanches  e porções à partir da 18:00h.","mesas rústicas em área coberta,  almoço,  lanches e porções, área de lazer para crianças,  salão para eventos, estacionamento aberto",Sim,27 Km até o aeroporto; 26 Km até o centro; 7 Km até a BR 376,"Ambiente rústico típico colonial,  feijoada aos sábados, entrevero de pinhão e pãozinho de pinhão durante a temporada",2017,Sim,,-,Comida colonial,"Entrevero de pinhão, pãozinho de pinhão",Não,,,,
The Churras Steak House,Volume II,452,446,5,6,51,Equipamentos e Serviços,Restaurantes,"R. Voluntários da Pátria, 769",Centro,83005-020,"-25.540562967919488, -49.19957945770645","Localizado no antigo ""Estação Chopp"". Douglas Miguel
ESPECIALISTA em CHURRASCO - cortes e combinações genuína de carnes, queijos, frutas e legumes.",,,(41)9 9828-6830,,,,contatothechurras@gmail.com; douglas-miguel@hotmail.com,https://www.youtube.com/TheChurras; @thechurras,,,Quarta a sábado 18:30has23h,,,,,,,,,,,Não,,,,
Tio Zico Costelaria,Volume II,453,447,5,6,52,Equipamentos e Serviços,Restaurantes,"BR-376, 29.155 Km 629  (junto ao Posto Tio Zico I)",Contenda,83015-000,"-25.697506456241985, -49.14387667018991","A Costelaria Tio Zico  é um ponto de parada estratégico para fazer uma  pausa durante a viagem. Localizado na BR-376, o posto está ao lado do posto de gasolina Tio Zico I, proporcionando conveniência e praticidade para ciclista, motoristas e viajantes em","Oferece buffet diversificado, incluindo churrasco, opções de  sanduíches, salgados, sucos e cafés.",Rural,(41)9 9877-6543,(41) 3634-1261,,,-,@costelariarestaurante_tiozico,,Aceita reservas.,Aberto 24h,"Buffet, lanches, cafés, banheiros, bebidas quentes, wi-fi,  possui posto de gasolina ao lado.",sim,30 Km do aeroporto; 27 Km do centro;  encontra-se na BR 376,Ponto para parada estratégica.,,Sim,-,-,Restaurante e lanchonete 24h,-,Não,,,,
Vô João,Volume II,454,448,5,6,53,Equipamentos e Serviços,Restaurantes,"R. João Berger, 811",Colônia Mergulhão,83085-290,"-25.557249730658956, -49.126339186508176","O restaurante leva  o nome do patriarca da  família Beger e foi iniciado  2005, em um barracão agrícola. Destaca-se pelo buffet com  comida caseira italiana e polonesa, em  ambiente  rústico e acolhedor.","Contem uma ampla área verde com um deck e o  Quiosque Vô João que encanta com sorvetes, morangos frescos e produtos coloniais produzidos pela família.",Rural,(41)9 9189-6853,(41) 3282-0809,,,,@vojoaocaminhodovinho,www.sitiovojoao.com.br,-,Qua a Sex: 11:30h às 14:00h; Sáb:10:00 às 17:30h. Horário pode variar em feriados.,"buffet com comida colonial, quiosque onde são vendidos produtos coloniais, drinks, sorvetes e doces, wi-fi",Sim,11 Km do aeroporto; 11 Km do centro;  5Km da BR 116,"Comida colonial, morango com natas",,,340 pessoas,,comida colonial,,Não,,,,
,Volume II,455,,,,,,Sorvetes e Confeitarias,,,,,,,,,,,,,,,,,,,,,,,,,,,Não,,,,
Açai da Barra,Volume II,456,449,5,7,1,Equipamentos e Serviços,Sorvetes e Confeitarias,"2 Locaias : Rua Dona Izabel A Redentora, 1434 - Rua Quinze de Novembro, 1461, Loja 2",Centro,83005-010,"-25.53738903829133, -49.20436240423626","Açaí da Barra  é uma franquia do  primeiro self-service de açaí  criado em  São Paulo. A fabricação própria garante combinações únicas para quem gosta de açai.  Trabalham com polpa de açaí do Pará,  certificados pelo FSC 22000.","São mais de 15 sabores de açaí, 40 de sorvete e adicionais, permitindo a cada cliente fazer sua própria harmonização de sabores. Sem  corantes, saborizantes artificiais, gorduras trans ou xarope de guaraná.",Urbana,(41)9 9193-9781,,-,,contato@acaidabarra.com.br,@acaidabarrasjp,https://linktr.ee/acaidabarrasjp,-,"Seg a Sáb: 10:00h às 22:00h, Dom: 11:00h às 22:00h. Horário de acordo com o shopping e pode variar em feriados.",Consumo no local e embala para viagem,Sim,"1,8 Km do aeroporto; encontra-se no centro;  2Km da BR 116","Fabricação própria, sem corantes artificiais e xarope de guaraná.",,Sim,-,,Sorvetes e polpa de açai,Sim. Fabricação própria do açai e dos sorvetes,Não,,,,
Água na Boca Sorvetes Artesanais,Volume II,457,450,5,7,2,Equipamentos e Serviços,Sorvetes e Confeitarias,"Loja centro: Rua Veríssimo Marques, 1351; Loja Cidade Jardim: Rua Aristides França,  870.","Centro e Cidade Jardim, respectivamente",83035-170,"-25.535571212791343, -49.19974174602889 (centro)","É uma sorveteria tradicional  fundada pelo Sr Fioro, empreendedor muito querido pelos frequentadores do local.  É conhecida por seus mais de 50 sabores de sorvetes de alta qualidade, produzidos a partir de leite fresco.","Pontos de encontro tradicional da cidade, faz parte da memória afetiva dos moradores e mantém sua excelência ao longo dos anos. Oferece uma das melhores experiências com sorvetes  artesanais da cidade. Oferece opções sem lactose e sem açúcar.",Urbana,(41)9 8498-4042,(41) 3282-5787,-,Ana Lúcia Brandalise Precoma,analuciabrandalise@gmail.com,@aguanaboca.sjp,-,-,Seg a Dom: Loja do centro: 13:30h às 19:00h; Loja da Cidade Jardim: 13:30h às 18:30h,Possui messas e cadeiras nas áreas internas e externas; oferece pia para lavar as mãos e banheiro.,Sim,"Loja do centro: 4 Km do aeroporto; encontra-se no centro; 6, 5 Km da BR 277.","Possui opções especiais para crianças e opçôes sem lactose. Caso o cliente queira, pode visitar a cozinha",1988,Não. Estacionamento gratuito nas ruas lateriais.,50 pessoas,-,Sorvetes artesanais  a base de leite integral.,Sim. Todos os sorvetes são de fabricação própria.,Não,,,,
Alles Gut - Confeitaria & Café,Volume II,458,451,5,7,3,Equipamentos e Serviços,Sorvetes e Confeitarias,"Rua Dona Izabel A Redentora, 1632",Centro,83005-010,"-25.538103745931487, -49.20273270423623","A Alles Gut é uma confeitaria tradicional  localizada no centro da cidade que oferece produtos típicos da confeitaria austríaca e alemã. Destacam-se o bolo de laranja, Apfelstrudel e Stollen, este último uma iguaria natalina.","Os doces são produzidos em dias específicos. Sexta-feira, por exemplo, reservada para o Apfelstrudel, uma massa fina e crocante recheada com maçã, canela e passas. Além disso, a confeitaria oferece uma variedade de cafés, bebidas quentes e  salgados.",Urbana,,(45) 3556-0286,-,,-,@allesgutconfeitaria,-,Aceita encomendas,Seg a Sab: 07:00h às 18:30h. Dom: Fechado. Horário pode variar  em feriados.,"Mesas em ambiente fechado , banheiro, wi-fi, encomendas",Sim,"4 Km até o  aeroporto;  localiza-se no centro;  1,5 Km da BR 376","Confeitaria típica alemã e austríaca, bolo de laranja, apfelstrudel e stollen",,Não. Estacionamento nas ruas laterias,15 pessoas aproximadamente,,Confeitaria típica alemã e austríaca.,Doces e salgados feitos na casa,Não,,,,
Bapka,Volume II,459,452,5,7,4,Equipamentos e Serviços,Sorvetes e Confeitarias,"R. Joaquim Nabuco, 865",Cidade Jardim,83040-210,"-25.54595396478908, -49.200436563716046","A Bapka é uma empresa familiar que produz um dos sorvetes mais tradicionais da região metropolitana de Curitiba e possui  lojas em alguns pontos de São José dos Pinhais. Com mais de 30 anos de experiência no mercado, o sorvete é feito com polpa de frutas selecionadas e não contém conservantes.","A fábrica teve início no bairro Abranches em Curitiba e, ao longo dos anos, expandiu-se, alcançando mais de 100 lojas no Paraná, mantendo sua identidade. Atualmente, a fábrica está localizada no município de Almirante Tamandaré.",Urbana,,(41)36384401,-,-,-,bapkasorveteshttps://www.youtube.com/watch?v=l77mZnM3mvc; @bapkasorvetes,https://bapka.com.br/,-,Seg a Sex: 9:30h às 18:30h; Sab: 9:00h às 16:h; Dom: Fechado. Horário pode variar em feriados.,Possui sorvetes e picolés de sabores tradicionais e receitas inovadoras. Também oferece uma linha produzida com açai.,-,"4 Km até o aeroporto;  1 Km até o centro; 1,5 Km até a Rod. Henrique Herwig/Av. das Torres",Algumas filiais oferecem também  sopas congeladas. A partir de 2024 a empresa está inovando e fabricando pierogui de sabores variados,,Estacionamento gratuito nas ruas laterais.,,,,,Não,,,,
Caramelle Chocolate de Gramado,Volume II,460,453,5,7,5,Equipamentos e Serviços,Sorvetes e Confeitarias,"R. Júlio César Setenareski, 2900",Colônia Mergulhão,83085-290,"-25.57023252363189, -49.123449684749026","Localizada ao lado da Cantina Della Mamma, a loja oferece várias opções de chocolate de Gramado dentro do Caminho do Vinho.","Além da diversidade de chocolates, podem  ser apreciados o chocolate quente e o milkshake de vinho.",Rural,(41)9 9224-1316,,-,-,dmatter.1976@yahoo.com.br,@https://www.facebook.com/profile.php?id=100065083410632,-,-,Sex: 13:00h às 17:00h; Sáb e Dom: 9:00h às 18:00h. Horários podem variar em períodos de feriados religiosos.,"Possui duas mesas  de quatro lugares e alguns bancos, sendo um local para comprar e levar. Oferece  barras de chocolates de sabores variados,  choconhaque, chocowhisky, chocolate quente, morangos com nata,  morangos com chocolate, dentre outros.",-,10 Km até o aeroporto; 10 Km até o centro;  4 Km até a BR 116 (Contorno Leste),"Morangos com nata, chocowhisky e choconhaque",-,Sim,"Local para compras rápidas, Acomoda 6 pessoas sentadas aproximadamente.",O local é  pequeno  sendo indicado para comprar e levar.  Possui poucos lugares para sentar.,Chocolate de Gramado,Chocolates de fabricação própria,Não,,,,
Confeitaria Mineira,Volume II,461,454,5,7,6,Equipamentos e Serviços,Sorvetes e Confeitarias,"R. Lílian Viana de Araújo, nº345",Cidade Jardim,83036-120,"-25.5277396838846, -49.20710574333968","Pequeno, aconchegante e  climatizado, é  muito utilizado para pequenas reuniões de trabalho  ou para cafés em família e amigos. Oferece várias opções de cafés, doces elaborados , sanduíches, lanches e salgados, além do pão de queijo.",É uma confeitaria especializada em doces refinados.,Urbana,,(41) 4111-2915,-,-,-,@confeitaria_mineirasjp,-,Aceita encomendas.,Seg. a Sáb: 7:00h às 19:40h.Dom: Fechado.  Feriados:  7:30h às 19:00.,Aceita encomendas para  festas e datas comemorativas.,,"4 Km até o aeroporto;  1 Km até o centro; 1,5 Km até a Av. das Torres; 6 Km até a BR 376.","Um dos produtos mais vendidos são os bolos de festas, preparados tanto com receitas tradicionais  quanto inovadoras.",,Possui  pequeno estacionamento.  Fácil de estacionar nas ruas laterais,30 pessoas,-,Doces refinados,,Não,,,,
Doce Maura - sorvetes Granotto,Volume II,462,455,5,7,7,Equipamentos e Serviços,Sorvetes e Confeitarias,"R. Visc. do Rio Branco, 1684 ",Centro,83005-420,"-25.536505087117913, -49.20180717082988","A Doce Maura é a primeira sorveteria da cidade, atuando há mais de 30 anos no município. Iniciou suas atividades  em 1982 vendendo Sorvetes Caramba, uma marca artesanal de excelente qualidade. Com a finalização do fornecimento dos sorvetes Caramba, os proprietários buscaram uma marca artesanal semelhante que mantivesse a qualidade e encontraram essas características na fábrica Granotto, de Curitiba.","O nome ""Doce Maura"" foi dado em homenagem à mãe dos proprietários, que, segundo D. Aparecida de Fátima Carneiro, era uma pessoa doce e gentil. Possui clientes dentro e fora  no município.",Urbana,,(41) 3383-4699,-,Alfredo Carneiro; Aparecida de Fátima Carneiro,-,@sorveteriadocemaura,-,-,Seg a Sex: 12:00h às 21:00h; Sáb e Dom: 12:00 às 22:00h,"O atendimento é feito pela própria Sra Aparecida.  Possui embalagens de 1,5 L para levar.",-,4 Km até o aeroporto; encontra-se no centro;  1 Km até a Av. das Torres/Rod. Henrique Herwig,"Morango split, Banana Split, Figo com conhaque, Café, Morango com Nata, Tangerina",1982,Não. Estacionamento gratuito nas ruas lateriais.,30 pessoas,"Possui  mesas para acomodar cerca de 30 pessoas mas o atendimento é feito geralmente por uma pessoa. O sorvete vale a o tempo de espera, mas é preciso ter paciência.",,,Não,,,,
Doces da Isis,Volume II,463,456,5,7,8,Equipamentos e Serviços,Sorvetes e Confeitarias,"Avenida das Torres, 3653",São Pedro,83005-450,"-25.54748542083119, -49.18951366980259","A empresa foi criada por Isis Tremontin, uma ex-estudante de Biomedicina que abandonou o curso universitário para se dedicar à criação de brigadeiros gourmet. A empresa fornece doces que, nas palavras da empreendedora, ""dançam ao ritmo da doçura"".",A proprietária é uma artista confeiteira referência em doces personalizados rico em detalhes e muito apreciados. Trabalha com doces gourmet e encomendas antecipada. Atende com hora marcada no local e pelo whatsapp.,Urbana,(41)9 8872-7780,,-,Isis Tremonti,,@docesdaisissjp,www.docesdaisis.com.br,Aceita encomendas de doces personalizados e pedidos pelo ifood.,Seg a Sáb: 09:00h às 18:00h. Dom: Fechado  Horário pode variar nos feriados.,"Encomenda de doces personalizados, doces gourmets e  tradicionais",Não,"3,8 Km do aeroporto;  2 Km do centro;  está na Av. das Torres/BR 376",Referência em doces personalizados na cidade,,Não. Estacionamento nas ruas laterais.,-,Atendimento com hora marcada.,"Doces personalizados muito bem acabados, doces gourmets e tradicionais.",Sim,Não,,,,
Gebom Sorveteria,Volume II,464,457,5,7,9,Equipamentos e Serviços,Sorvetes e Confeitarias,"R. Joaquim Nabuco, 1522",São Cristovão,83005-190,"-25.52743705622158, -49.20248929913855","A Gebom é uma das maiores referências em sorvetes regionais no sul do Brasil e empreendedorismo.  Possui várias lojas na cidade. A empresa nasceu em 1997, do desejo de Jesse Medeiros Veloso, na pequena cidade de Japurá, no noroeste do Paraná, de fabricar sorvetes. A fabricação começou nos fundos da sorveteria, mas o produto inicial não era bom e apresentava muitos problemas.","Através do esforço de Jesse em ouvir os consumidores, investir na correção das receitas, na qualidade das matérias-primas e em priorizar fornecedores locais, a fábrica começou a melhorar sua produção.
Em 2000, a GEbom expandiu para 350 m²; em 2008, para 2.000 m²; em 2010, adquiriu a primeira extrusora de sorvete do Paraná; e em 2013, expandiu para 8.000 m², com equipamentos de ponta.",Urbana,(41)9 8417-9134,(41) 3147-1522,-,,-,"@gebonsorvetes, https://www.youtube.com/watch?v=UseRfiA-fG0&t=202s&ab_channel=GEBONSORVETES",www.gebon.com.br,-,,Possui  desde sorvetes clássicos a uma diversidade de combinações de sabores  surpreendentes.  Também possui picolés e açai. Produtos em diversos tamanhos. Possui mesas externas e internas e espaço kids.,-,4 Km até o aeroporto; menos de 1 Km até o  centro; 700 m até a Av. das Torres/Rod. Henrique Herwig.,"Os sorvetes são feitos usando leite de fazendas da região, proporcionando um produto de qualidade e  bons preços para os consumidores.",-,Possui um estacionamento pequeno. Estacionamento  nas ruas laterais.,30 pessoas,-,"Sorvetes artesanais sem conservantes, produzidos com leite integral diretamente da fazenda de produtores da região.",Sim.,Não,,,,
Picola´z Sorvetes Artesanais,Volume II,465,458,5,7,10,Equipamentos e Serviços,Sorvetes e Confeitarias,"R. Carlos Kusma,  condominio campestre",Campestre da Faxina - Rota das Colônias,83023-400,"-25.76059726298496, -49.18666630063483","Fundada por Zélia e Zilma, duas irmãs empreendedoras, a marca surgiu com a missão de criar sorvetes mais saudáveis, utilizando ingredientes naturais e sem aditivos artificiais.  Com criatividade, busca proporcionar uma experiência única e personalizada.","Com o compromisso de manter a autenticidade de cada sabor, a empresa busca harmonizar ingredientes e proporções para alcançar  equilíbrio entre sabor, consistência e textura. Destaques incluem sorvetes de pinhão, camomila, sagu e hibisco.",Rural,(41)9 9997-3326,(41) 9726-3313,-,Irmãs Zilda e Zélia,piccolazsorvetes@hotmail.com,@sorvetespiccolaz; https://linktr.ee/sorvetespiccolaz,www.sorvetespiccolaz.com.br,-,A fábrica não é aberta ao público. Os sorvetes podem ser personalisados e levados para eventos. Entrar em contato com as proprietárias.,Produção artesanal de sorvetes e picoles personalizados. Instalação de pontos de venda de sorvetes e picolés. Atende pedidos para a criação de sabores.,-,30 Km do aeroporto; 33 Km do centro; 12 Km até a BR 376,"Sorvete de Pinhão - Desenvolvido para o Festival do Pinhão; Picolé de Camomila com Limão Siciliano; Sorbetto de Hibisco, Desenvolvido para o evento Festival Primavera de Curitiba",2017,sim,-,Não é aberto ao público. Interessados podem solicitar um ponto de venda ou a presença do sorvete em eventos.,Sorvetes artesanais personalizados; veganos; sem corantes artificiais.,sim. Todas.,Não,,,,
Só Sorvetes,Volume II,466,459,5,7,11,Equipamentos e Serviços,Sorvetes e Confeitarias,"Av. Castro Alves, 35, loja 4",Boneca do Iguaçu,83040-520,"-25.519103441370884, -49.19009263723475","Loja indicada para os apreciadores de sorvete, funciona como um atacado. Vende caixas e baldes de diversas marcas de fabricação regional, incluindo marcas paranaenses e catarinentes como Gebon, Lolla, Dielo, Frutti, NetAçai.","Possui opções zero lactose, sorvetes, paletas mexicanas, picolés para consumo no local.  Atende somente na loja.",Urbana,(41)9 9612-9973,(41) 3534-8805,,Roseli Koeneski,rosekoeneski@gmail.com,,,,,,,,Variedade de marcas de produtores regionais que,,,,,,,Não,,,,
Spinassi Chocolate Fazenda Park,Volume II,467,460,5,7,12,Equipamentos e Serviços,Sorvetes e Confeitarias,"Rua Julio Cesar Setenareski, 3660",Colônia Mergulhão,83085-290,"-25.5729689261001, -49.11343358668455","Original da cidade paulista de Campos do Jordão, a loja está localizada dentro da Fazenda Park Mergulhão, no Caminho do Vinho.","Oferece uma diversidade de chocolates artesanais e outros  produtos coloniais tais como geleias e  pimentas. Também abriga uma surpreendente cachaçaria e oferece opções de bebidas como vinhos,  quentão, licores e o vinho de morango.",Rural,,(41) 3286-7097,,-,spinassichocolate.ctba@gmail.com,@SpinassiChocolate.Ctba,www.caminhodovinho.tur.br/spinassi-chocolate,Aceita encomendas de chocolates para empresas e eventos.,"Seg à Sex: 10:00h às 16:30h; Sáb, Dom e feriados: 09:00h às 18:00h. Horário podem mudar durante as festas de final de ano.","Chocolates diversos, opções diet, sem glúten e sem lactose, quentão, vinhos, diversos tipos de cachaças, geléias. Lazer em área verde para crianças.",Estacionamento com acessibilidade para pessoas em cadeira de rodas,11  Km até o aeroporto; 11 Km até o centro;  6 Km até a BR 116,"Chocolates artesanais, vinho de morango",-,Sim,-,-,"Chocolates artesanais, vinhos coloniais","Chocolates, vinho de morango",Não,,,,
Sweet Chocolate,Volume II,468,461,5,7,13,Equipamentos e Serviços,Sorvetes e Confeitarias,"Rua Joaquim Nabuco, 1605",Centro,83005-160,"-25.528274823904532, -49.20220873307273","Criada em 2015, possui  uma decoração característica que remete ao cenário de uma fábula. O espaço é acolhedor e encanta os clientes pela variedade de bolos, doces e salgados disponíveis tanto na loja como  também para encomendas.","Serve como cenário para sessões de fotos e como ponto de encontro e descontração, tanto para amigas quanto para as famílias. A loja iniciou em 2015 em uma área de 5m2 e desde 2019 ocupa uma espaço de 300m2 que já é referência para turistas.",Urbana,(41)9 9274-0071,,,Thisciane Camargo,,@sweetchocolate_confeitaria,https://linktr.ee/Sweetchocolate_confeitaria,-,Seg a Sáb: 11:00h às 21:00h. Dom:  14:00h às 21:00h  Horário pode variar nos feriados.,"Encomenda de doces de confeitaria, bolos decorados, Wi-Fi",sim,"3,6 Km do aeroporto;  encontra-se no centro; 1  Km da Av. das Torres/BR 376","Decoração original, doces  e cafés",2015,Não. Estacionamento nas ruas laterais.,-,,Produtos de confeitaria,Sim,Não,,,,
The Best Açai,Volume II,469,462,5,7,14,Equipamentos e Serviços,Sorvetes e Confeitarias,"2 Locais : R. Joaquim Nabuco, 2197 -  Alameda Arpo, 2565 Centro Comercial R7",Cidade Jardim,83005-160,"-25.53356198489443, -49.202651569674565",The Best Açai é uma rede criada por três jovens empreendedores que resolveram  democraticar o acesso a essa fruta tipicaente amazonense. Oferece açaí com qualidade e diversidade de combinações de sorvetes.,"A fábrica e distribuidora é  paranaense, Amadelli,   localizada em Londrina, no Paraná, que produz  20 toneladas de açaí e sorvete diariamente para . A cidade possui duas lojas da rede, estando a segunda loja localizada  no complexo R7.",Urbana,(41)9 9625-2430,,,-,comunicacao@thebestacai.com.br,@thebestacaiofficial,thebestacai.com.br; https://linktr.ee/thebestacaiofficial,-,Seg à Dom: 11:30–22:00. Horário pode variar nos feriados.,"Banheiro, consumo no local, embala para viagem",sim,"4,3 Km do aeroporto; encontra-se na região central;  2,1 Km da Av. das Torres/BR 376","Sorvetes combinados com açai; empresa destaque  na categoria ""Personalidades"" 2022 pelo Jornal Nossa Cidade.",-,Não. Estacionamento nas ruas laterais,-,-,Sorvetes e polpa de açai,sim. Fabricação própria do açai e sorvetes.,Não,,,,
Vanilla Sorvetes Artesanais,Volume II,470,463,5,7,15,Equipamentos e Serviços,Sorvetes e Confeitarias,"R. Jorge Mansos do Nascimento Teixeira, 294",São Pedro,83005-500,"-25.54312298687607, -49.193907587909045","Sorveteria artesanal, oferece sorvetes cremosos de sabor variado de alta qualidade elaborados sem gordura vegetal e pouco açúcar.",,Urbana,(41)9 9813-0681,,,,,@vanillasorvetessjp,,-,"Ter a Sex: 12:00h às 19:00h
Sáb e Dom: 11:00h às 19:00h. Horário pode variar nos feriados.","Consumo no local, mesas internas",Sim,"2,7 Km do aeroporto; 1,7 Km  do centro; 550m da BR 376",Sorvetes artesanais,,Estacionamento nas ruas laterais.,30 pessoas sentadas,,Sorvetes artesanais,"Sim, sorvetes de fabricação própria, sem gordura vegetal",Não,,,,
,Volume II,471,,,,,,"Vinho, Cerveja e Cachaça",,,,,,,,,,,,,,,,,,,,,,,,,,,Não,,,,
Adega Bortolan,Volume II,472,464,5,8,1,Equipamentos e Serviços,"Vinho, Cerveja e Cachaça","Rua, R. Júlio César Setenareski, 1551",Colônia Mergulhão,83085-200,"-25.5683723234438, -49.12775106190726","Primeira adega da região construída inteiramente em pedra, seguindo a tradição secular de construções de adegas. Essa empresa familiar  de origem italiana tem uma história  de mais de oito décadas na produção de vinhos.","Passou por uma renovação recente e manteve sua  dedicação pela arte vinícola  e expandiu  seu leque de produtos para incluir também itens coloniais, proporcionando aos visitantes uma experiência gastronômica completa.",Rural,(41)9 9822-3469,,-,-,1075es@gmail.com,@adegabortolan,https://www.caminhodovinho.tur.br/adega-bortolan/,-,Seg: Fechado; Ter a Sex: 10:00h às 18:00h. Sab e Dom:  10:00h às 19:00h. Horário pode variar  em feriados.,Venda de vinhos e produtos coloniais,Sim,9 Km ate o aeroporto; 9 Km do centro;  4 km da BR 116,Vinhos coloniais de fabricação própria,,Sim,-,-,Vinhos coloniais,Vinhos da família,Não,,,,
Bar da Vosge,Volume II,473,465,5,8,2,Equipamentos e Serviços,"Vinho, Cerveja e Cachaça","Rua Dona Izabel A Redentora, 1377",Centro,83005-010,"-25.537124068477667, -49.20490206939329",O bar traz o  conceito de cervejas artesanais exclusivas da Vosgerau Cervejaria Artesanal do Caminho do Vinho para o centro da cidade. Oferece mais de 12 tipos de cerveja produzidas localmente e  promove uma experiência da cultura cervejeira completa.,Oferece música ao vivo e opções de aperitivos e pratos. Possui uma lojinha criada para difundir a  cultura da cerveja artesanal onde podem ser encontrados bonés e copos personalizados.,Urbana,(41)992873090,,,Alcídio Vosgerau,bardavosge@gmail.com,@bardavosge,,Aceita reservas.,Ter a Qui: 17:00h às 23:00h; Sex: 17:00 às 01:00h; Sáb: 16:00h às 01:00h; Dom: 17:00h às 23:00h,"Bar, espaço Kids, música ao vivo, embala para viagem; estacionamento aberto pago, estacionamento gratuito nas ruas laterais e  proximidades",Sim,4 Km do aeroporto; encontra-se no centro; 2 Km da BR 376,"Cervejas de fabricação própria, sem conservantes, lojinha Vosgerau",Registro no MAPA   é de 2014,"Sim,  tem convênios com estacioanmentos locais e a opção de estacionamento gratuito nas nas proximidades.",,,"Cerveja e chop artesanal de fabricação própria, sem conserantes.","Sim, possui mais de 12 tipos de cerveja de fabricação própria.",Não,,,,
Cantina Della Mamma,Volume II,474,466,5,8,3,Equipamentos e Serviços,"Vinho, Cerveja e Cachaça","R. Júlio César Setenareski, 2900",Colônia Mergulhão,83085-290,"-25.57019378168421, -49.12362529615994","Aqui, você encontrará vinhos, pães e outros produtos de fabricação própria, elaborados por Bernadete Scrobote e filhos. Marina Pissaia, a filha caçula, é sommelier e responsável técnica pela produção dos vinhos. Oferece atendimento básico em  Libras.","A arquitetura e a decoração proporcionam uma imersão na cultura dos vinhos e da Itália. A experiência torna-se ainda mais completa ao degustar a Grappa, uma aguardente italiana produzida a partir da fermentação da casca das uvas e o vinho de prensa.",Rural,,(41) 3635-1384,-,Bernadete Scrobote,-,@cantina_della_mamma,www.caminhodovinho.tur.br/cantina-della-mamma,Aceita encomenda prévia dos pães artesanais,"Encomenda de pão até amanhã, às 16 horas, e retire no sábado, das 15h às 18h.","Local chama a atenção pela  arquitetura  típica e pelos detalhes da decoração. Possui mesas e cadeiras na área interna, permitindo sentar e degustar. Ocasionalmente são realizadas visitas ao local de produção dos vinhos e também eventos tais como a festa",Sim. Possui uma sommelier  para explicação sobre os vinhos com atendimento básico  em Libras.,10 Km até o aeroporto; 10 Km até o centro;  4 Km até a BR 116 (Contorno Leste),"Além dos vinhos, destacam-se o pão integral, pão de torresmo, cuca, conservas de berinjela e pepino agridoce e o figo caramelizado em calda.",-,Sim,Possi mesas e cadeiras para aproximadamente 20 pessoas sentadas na área interna.  O local é amplo para circulação de grandes gurpos.,-,Vinhos e produtos coloniais,,Não,,,,
Cervejaria Adridine  Chopp Brux Beer,Volume II,475,467,5,8,4,Equipamentos e Serviços,"Vinho, Cerveja e Cachaça","R. João Berger, n°5332",Colônia Murici,83085-490,"-25.556373915703457, -49.12452631957986",Essa cervejaria  tem como diferencial a leveza do chopp  produzido artesanalmente que combina o  sabor e a qualidade do puro malte.,"Oferece oito tipos de chopp, incluindo Pilsen, Vinho, IPA, Arripa, American Lager, Chopp Escuro, APA e Fruit Beer de Goiaba.",Rural,(41)9 9224-1702,,-,-,-,@choppbruxbee,-,-,Sáb e Dom: 10:00h às 18:00h;  Seg a Sex: Fechado,"Opções de cerveja artesanal, bar",Sim,"10,5 Km;  11 Km; 6 Km da BR 116",Cerveja artesanal,-,Sim,,,Cervejas artesanais,,Não,,,,
Cervejaria Sapopemba,Volume II,476,468,5,8,5,Equipamentos e Serviços,"Vinho, Cerveja e Cachaça","R. Veríssimo Marques, 1145",Centro,83005-410,"-25.534943857416405, -49.20189189789945","Local indicado para quem quer  experimentar diferentes tipos de cervejas artesanais, chopp de vinho, hamburgueres e petiscos. Também serve o tradicional pão com bolinho e ""carne de onça"".   Oferece cervejas nacionais e importadas.",Oferece feijoada aos sábados. O local é rústico e o ambiente familiar.,Urbana,(41)9 9751-9437,,,,cervejariasapopemba@gmail.com,@cervejaria.sapopemba,-,Aceita reservas,"Ter à Sab: 17:00h às 00:00h. Dom e Seg: Fechado, exceto quando reservados para eventos.","Embala para viagem,  14 torneiras para experimentar diferentes tipos de cervejas.",Sim,"3,5 Km do aeroporto;  encontra-se no centro;  1 Km da Av. das Torres/Br 376","Cervejas nacionais e internacionais,  cervejas artesanais",,Não. Estacionamento nas ruas laterais.,160 pessoas,-,Cervejas artesanais,Sim,Não,,,,
Cervejaria Vosgerau,Volume II,477,469,5,8,6,Equipamentos e Serviços,"Vinho, Cerveja e Cachaça","R. Júlio César Setenareski, 350",Colônia Murici,83025-390,"-25.569832028721997, -49.14282458889083","1a  fábrica de cerveja artesanal da cidade, produz  cerveja viva, não pausterizada e sem conservantes desde 2014. Localizada no  Caminho do Vinho, é um ponto de encontro para quem curte  amigos, boa cerveja,  drinks, sanduíches, carnes e boa música.","As músicas são diversificadas. Realiza eventos como o Carnavorge, Reggae Junino e Festival de Rock. As pessoas também gostam de apreciar o por do sol neste local  durante o final da tarde. Proprietária do Bar Vorge,  no centro da cidade.",Rural,(41)9 9233-2111,,,Alcidio Vosgerau,cervejariavosgerau@gmail.com,@cervejariavosgerau;,,,Sáb e Dom: 12:00h às 18:00h. Fechado durante a semana. Horários podem variar em feriados.,"Bar no local, cervejas artesanais, chopp, drinks,  sanduíches, carnes, estacionamento, mesas  com guarda-sol em área externa, música ao vivo.",Sim,"7,7 Km do aeroporto;  8 Km do centro;  2 Km do Contorno Leste/BR 116","Cerveja  e chopp Vorge de fabricação própria, sem conservante.",,Sim,,,Cerveja e chop artesanal de fabricação própria,Sim. Chop e cerveja Vorge,Não,,,,
Dona Rosa Bar - Chopp Artesanal,Volume II,478,470,5,8,7,Equipamentos e Serviços,"Vinho, Cerveja e Cachaça","R. Dr. Murici, 7270",Colônia Murici,83085-310,"-25.582771889445084, -49.133891807350565","Dona Rosa é um restaurante que oferece um cardápio diversificado, acompanhado de chopp artesanal e música ao vivo no estilo Pop-Rock, nacional e internacional. O local possui uma ampla área externa com mesas protegidas contra o sol e espaço dedicado para crianças se divertirem. Aceita animais de estimação.",,Rural,(41)9 9134-6333,,,-,-,@donarosasjp,,"Aceita reserva para festas fechadas, aniversários, confraternizações, reuniões de família.",Seg a Quin: Fechado; Sex: 18:00h às 23:00h; Sáb: 14:00h às 23:00h; Dom: 12:00h às 19:00h,"No cardápio, destacam-se pratos como pierogui com molho funghi, torresmo de rolo, risoto de mignon, batata-suiça, bolinhos e sopas; oferece diversas cervejas artesanais e, entre as sobremesas, se destaca o morangoffe.",-,"10 Km até o aeroporto; 9 Km até o centro; 3, 4 Km até a BR 116",-,,Sim,-,-,Cervejas artesanais,Sim,Não,,,,
Nut Bier - Cervejaria e Restaurante,Volume II,479,471,5,8,8,Equipamentos e Serviços,"Vinho, Cerveja e Cachaça","R. José Scrobot Sobrinho, 2373","Colônia Murici,",83085-465,"-25.58265959931345, -49.104697519578764","Pioneira no Brasil e premiada nacionalmente, reúne o conceito de cervejaria e natureza, sendo especializada em pratos à base de cogumelos. Oferece saborosos cogumelos orgânicos que o cliente pode adquirir","Gerenciada pela  Chef Mirian Yamashita, oferece pratos como bolinho de shitake e risoto de cogumelo. Seus rótulos premiados, como a PSYCHOSE Belgian Strong Golden Ale e a inovadora Shitake Witbier – cerveja de cogumelo proporcionam uma experiência única a",Rural,(41)9 8531-6617,,,,nutbier@gmail.com,@nutbier,www.nutbier.com.br; https://linktr.ee/nutbier,-,"Sáb, Dom e Feriados: 12:00h às 18h. Horário pode variar  em feriados de final de ano.","Venda de cervejas artesanais, porções, sobremesas, venda de souvenirs.",Sim,13 Km do aeroporto;  14 Km do centro;  7 Km da BR 116,"Psychose Belgian Strong Golden Ale -  Medalha de Ouro, Blumenau, 2022;
Shitake Witbier - primeira cerveja do Brasil  estilo Wibier com Cogumelo Shitake.  cítrica,  aromática e de baixo teor alcoólico.",-,Não. Estacionamento gratuito na rua,100 pessoas,-,Cervejaria artesanal  especializada em pratos à base de cogumelos,Sim,Não,,,,
Salumeria e Vinícula Politano,Volume II,480,472,5,8,9,Equipamentos e Serviços,"Vinho, Cerveja e Cachaça","R. Júlio César Setenareski, 4100",Colônia Mergulhão,83085-290,"-25.570837930961932, -49.11288402492291",A vinícola teve início com a produção de vinhos para conhecidos da família do Sr. David Pissaia. A tradição da produção foi passada para os filhos Diogo e Rochelle.,"A filha cursou Enologia em Bento Gonçalves, RS, e foi acrescentando valor aos produtos. Há poucas parreiras na propriedade, sendo necessário adquiri  uvas de Bituruna, PR, e Caxias do Sul, RS. Produz também embutidos.",Rural,,(41) 9235-7877,,,,,,,,,,,,,,,,,,Não,,,,
Vinhos do italiano,Volume II,481,473,5,8,10,Equipamentos e Serviços,"Vinho, Cerveja e Cachaça",R. Júlio César Setenareski 1851,Colônia Mergulhão,83085-290,"-25.56920132458898, -49.12545516321554","O nome da empresa vem do apelido de Mário Bellino, nascido em Caltagirone, na região da Sicília. Ao chegar ao Brasil em 1961, trouxe da Itália a receita do seu melhor vinho e começou a produzi-lo assim que se instalou em São José dos Pinhais.

Rapidamente, passou a ser conhecido como “Italiano” e seus vinhos passaram a ser chamados de “Vinhos do Italiano”.","A empresa hoje é administrada por seus filhos, que mantêm a tradição de produção de vinhos artesanais da família. Além da loja na colônia, possui duas lojas na área urbana que funcionam em horário  comeciais: Av: Rui Barbosa 9934 e à Rua Manoel Pires Pereira, Nº 239, Bairro Costeira",Rural,,(41) 3540-0222,-,Família Bellino,vinhosdoitaliano1@gmail.com,@vinhosdoitalianooficia,https://www.vinhosdoitaliano.com.br/,-,No Caminho do Vinho: Seg a Dom: 9:00h às 18:00h. Lojas do centro: consultar o site da empresa,"Além da venda de vinhos, oferece vários produtos coloniais e de outros estados. A visita à vinícola proporciona também conhecer sobre a técnica de produção de vinhos e experienciar o aspecto contrutivo  característico de uma vinícola.",Não,"10 Km até o aeroporto, 9 Km até o centro;  4 Km até a BR 116",,,Não,,,Vinhos coloniais de fabricação própria.,,Não,,,,
Vinhos Don Gabriel,Volume II,482,474,5,8,11,Equipamentos e Serviços,"Vinho, Cerveja e Cachaça","R. Júlio César Setenareski, 2990",Colônia  Mergulhão,83085-290,"-25.570892068722475, -49.12239640477808","A empresa pertence à Família Pissaia. Seu fundador, Paolo Pissaia, chegou ao Brasil em meados de 1880, proveniente de Trevizzo, na Itália, trazendo consigo a arte de produzir vinhos. Ele manteve a antiga tradição da família e ensinou ao seu filho Vitório Pissaia as técnicas de produção de vinho. Hoje, a produção é continuada por seu neto, Eloir Pissaia, esposa e bisnetos, que mantêm a mesma receita trazida há mais de 100 anos.",O nome Gabriel de “Don Gabriel ” é uma homenagem ao filho  que faleceu  muito jovem.,Rural,,(41) 3635-1360,-,Família Pissaia,vinhosdongabriel@hotmail.com,@vinhosdongabriel_,https://www.caminhodovinho.tur.br/vinhos-don-gabriel/,-,Seg a Dom: 9:00h às 18:00h.Horário pode variar  em feriados.,"A empresa oferece vários produtos coloniais, como vinhos das uvas bordo, Niágara, Beijaraca, Cabernet Sauvignon e Moscatel, além de queijos, salames, linguiças, geleias, doces, sucos, conservas, vinagre, entre outros.",-,10 Km até o aeroporto; 9 Km até o centro; 4 Km até a BR 116,Vende para todo o Brasil.,A produção iniciou em torno de  1888,Sim,-,-,Vinhos coloniais de fabricação própria.,,Não,,,,
Vinhos Dom Roberto - Museu Familiar,Volume II,483,475,5,8,12,Equipamentos e Serviços,"Vinho, Cerveja e Cachaça","R. Augusto Micrute, 2100",Colônia Acioli,83075-182,"-25.5595101844147, -49.101181619579656","Os vinhos Dom Roberto se destacam pela mistura de descendentes de italianos e poloneses, produzindo vinhos com diversas variedades de uvas.  Possui um pequeno museu local  que oferece uma viagem no tempo, revivendo momentos históricos.","Além da loja com diversos produtos, os visitantes podem explorar um pequeno parreiral nos fundos da propriedade, proporcionando um ambiente especial.",Rural,(41)9 9132-9400,,-,-,vinhosdomroberto@hotmail.com,@vinhos-dom-roberto,www.vinicoladomroberto.com.br,-,Ter a Dom: 09:00h às 17:45h.Horário pode variar  em feriados.,"Vinhos de fabricação própria, produtos coloniais,  permite visita ao parreiral em períodos específicos do ano",Sim,"13,4 Km do aeroporto; 19 Km do centro; 4 Km da BR 277",Vinhos coloniais de fabricação própria  Possui um museu que permite ao visitante voltar no tempo e ver como os colonos trabalhavam a terra.,-,Sim,-,-,Vinhos coloniais de fabricação própria.,Sim,Não,,,,
Vinhos Irmãos Juliatto,Volume II,484,476,5,8,13,Equipamentos e Serviços,"Vinho, Cerveja e Cachaça","R. Júlio César Setenareski, 3797",Colônia Mergulhão,83085-290,"-25.57047769191035, -49.11277239872777","A Família Juliatto produz vinhos há mais de 100 anos. A produção atual é feita a partir de uvas da Serra Gaúcha. A tradição vinícola foi herdada da região de Vêneto, na Itália, e foi trazida ao Brasil pelos irmãos Paulo, Luciano e Ernesto Juliatto. A vinícola hoje, é administrada por seus filhos que  dão continuidade a essa tradição.","Além do vinho, o uso da madeira como elemento construtívo no interior da loja também merece atenção para quem aprecia aspectos arquitetônicos.",Rural,,(41) 3635-1221,,,contato@rocabar.com.br,@irmaos.juliatto,www.caminhodovinho.tur.br/vinhos-irmaos-juliatto,-,Seg a Dom: 9:00h às 18:00h. Horário pode variar  em feriados.,"Oferece variedade de vinhos, sucos, geleias, queijos, salames e outros produtos coloniais. Em frente á vinícola tem um grande barril de vinho  que chamam a atenção e são pontos de parada obrigatória  como registro da passagem pelo Caminho do",,"11 Km até o aeroporto; 10 Km até o centro; 5,5 Km até a BR 116",,,,,,Vinhos coloniais de fabricação própria.,,Não,,,,
Roça Bar - Choperia e casa de porções,Volume II,485,477,5,8,14,Equipamentos e Serviços,"Vinho, Cerveja e Cachaça","R. Júlio César Setenareski, 3505 ",Colônia Mergulhão,83085-290,"-25.57036948634061, -49.116388075009624 ","O bar foi criado com a proposta de oferecer chopp e porções em um espaço capaz de reunir tanto o público noturno quanto o familiar e que aprecia um ambiente aconchegante e com clima interiorano. O local foi construído com uma proposta rústica e se destaca pelo atendimento de qualidade, oferecendo um cardápio variado, com opções vegetarianas e veganas, além de drinks sem álcool",,Rural,(41) 9149-7598,,,,contato@rocabar.com.br, @orocabar,https://linktr.ee/orocabar,Sim,Sex e Sáb: 18:00h às 00:00h; Dom e Feriados: Consulta o funcionamento,"Galpão rústico com mesas, bancos e cadeiras de madeira. Conta com área pet, espaço infantil ao ar livre e música ao vivo às sextas e sábados. Durante a semana, recebe eventos sociais e corporativos mediante reserva. Oferece música ao vivo com diferentes programações.
",Não,11 Km até o aeroporto;  12 Km até o centro;  5 Km até a BR 116,,,Sim,250 pessoas,,Chopp e porções,,Não,,,,
Vinhos Vo Vito - Museu Familiar,Volume II,486,478,5,8,15,Equipamentos e Serviços,"Vinho, Cerveja e Cachaça",R. Júlio César Setenareski 2340,Colônia Mergulhão,83085-290,"-25.569363952641442, -49.12750137307343","Naturais de Treviso, na província do Vêneto, na Itália, a família Pissaia chegou ao Paraná em 1877 e se estabeleceu na Colônia Mergulhão, em São José dos Pinhais. Algum tempo depois, foram trazidas da Itália mudas de parreiras, que passaram a ser cultivadas para a produção de vinho. Também se dedicavam ao plantio de milho para a fabricação de fubá.
Arvito Pissaia – o Vô Vito,  aprendeu com seu avô e seu pai,  a produzir vinho artesanalmente. Atualmente, a produção e o engarrafamento são realizados por seu genro, José Eloir, e sua família.",,Rural,(41)984458722,,,,vinhosvovito@hotmail.com, @vinhos_vo_vito,www.vinhosvovito.com.br,,Seg a Sex: 08:30h às 17:40h. Sab  e  Dom: 09:30h às 18:00h. Horários podem variar no feriado.,"A vinícola produz vinhos tintos (Bordô) e vinhos brancos (Niágara), nas versões seco e suave. Além dos vinhos, o espaço oferece produtos coloniais, como queijos, salames e doces em conserva.",Não,9 Km até o aeroporto; 10 Km até o centro;  4 Km até a BR 116,O local possui uma arquitetura e decoração  característica que faz o turista voltar no tempo. Possui um museu com objetos da família que  os visitantes podem acessar ao visitar a loja. ,,Não,,,Vinhos coloniais de fabricação própria e museu,,Não,,,,
Vinícola Araucária,Volume II,487,479,5,8,16,Equipamentos e Serviços,"Vinho, Cerveja e Cachaça","R. Aparecida Góes de Paula, 1300",Colônia Murici,83185-000,"-25.657292913502566, -49.070270611656774","Localizada dentro do  Complexo Enoturístico Araucária,  encontra-se cercada por paisagens deslumbrantes. Destaca-se pela produção de vinhos finos e espumantes de alta qualidade  apartir de vinhedos próprios cultivados com com uvas francesas e italianas.","Além das degustações, os visitantes podem explorar os vinhedos, participar de tours guiados  e desfrutar de eventos especiais,  em um ambiente acolhedor e sofisticado.  O complexo tem um restaurante de gastronomia elaborada.",Rural,(41)9 9173-5742,(41) 3254-5259,-,Renato Adur - sócio-administrador,contato@vinicolaaraucaria.com.br,@vinicolaaraucaria,www.vinicolaaraucaria.com.br,-,Vinícola: Seg a Dom:  9:00h às 16:00h. Restaurante: Qui. a Dom. e Feriados,"Possui loja para venda de  vinhos; oferece visitas guiadas  pelos vinhedos, restaurante Gralha Azul; possui   13 chalés - hotel boutique em parceria com a rede Slaviero, o Hotel Boutique Vinícula Araucária.",Sim,"24 Km do aeroporto; 25 Km do centro; 10,5 Km da BR 376","Obras do artista Poty nas dependências da vinícula, incluíndo rótulos da linha espumante Poty. Complexo Enoturístico   inserido dentro da Estância ambiental Araucária.",-,Sim,-,-,enoturismo,-,Não,26,13,13,
Vinicola Roberto,Volume II,488,480,5,8,17,Equipamentos e Serviços,"Vinho, Cerveja e Cachaça","Av. das Torres, 4951",Águas Belas,83005-450,"-25.54817868029781, -49.18949881198846","Em um ambiente simples e acolhedor, esta autêntica cachaçaria oferece uma experiência gastronômica única, com pratos incomuns na região tais como rabada, mocotó e dobradinha, além da aclamada feijoada aos sábados.","Seu diferencial está na vasta seleção de cachaças, licores e whiskies, incluindo marcas renomadas como Royal Salute e Blue Label. Todas rigorosamente organizadas nas prateleiras.",Urbana,(41)9 9593-5127,,,,-,-,-,Recomenda fazer reserva para a feijoada aos sábados.,Não tem horário muito preciso. Abre em torno das 10:00h e segue aberto de acordo com o movimento. Feijoada aos sábados: 10:00h às 14:00h. Horário pode variar no inverno ou em,"Clube do Whisky  para apreciadores do destilado, encomenda de bebidas, aceita encomenda de feijoada e petisco para viagem.",Não,4 Km do aeroporto;  2 Km do centro; encontra-se na Av. das Torres/BR 376,Frequentadores destacam o torresmo e a feijoada.,,Não,"30 pessoas, aproximadamente",Não pode fumar debaixo do toldo.,"Cachaças, whisky, torresmo, feijoada","Sim, tais como  feijoada, rabada, mocotó, dobradinha e  torresmo, dentre outros.",Não,,,,
,Volume II,489,,,,,Infraestrutura,,,,,,,,,,,,,,,,,,,,,,,,,,,,Não,,,,
,Volume II,490,,,,,Infraestrutura,,,,,,,,,,,,,,,,,,,,,,,,,,,,Não,,,,
,,491,,,,,Infraestrutura,Aeroporto,,,,,,,,,,,,,,,,,,,,,,,,,,,,,,,
Aeroporto Internacional Afonso Pena,Volume II,492,481,6,1,1,Infraestrutura,Aeroporto,Av. Rocha Pombo,Águas Belas,83010-900,"-25.535542963276296, -49.17464794067068",Construído entre maio de 1944 e abril de 1945 pelo Ministério da Aeronáutica com suporte técnico do exército norte-americano. Era chamado de Base Aérea Afonso Pena  e funcionou inicialmente  como uma base militar dos Estados Unidos.,"Em 1946, após o término da 2a Guerra Mundial, passou a operar para a aviação civil. Em 1959, tornou-se o 4º aeroporto mais movimentado do país e, em 1996, adquiriu status internacional. Sua capacidade éde  14,8 milhões de passageiros ao ano.",Urbana,,0800-727-4720,Não,,,,https://www.ccraeroportos.com.br/curitiba-pr,-,-,"Pátio principal para aviação comercial e geral, 2 pátios de estacionamento de aeronaves, terminal de passageiros, 10 taxiways, estacionamento para 4 mil veículos, elevadores panorâmicos, praça de alimentação, casa de câmbio, locadora de veículos.","Possui 35 cadeiras de rodas, 14 pontes de embarque, 1 ambulift, 21 equipamentos de oxigênio, 54 macas, 2 stair track e 1 micro-ônibus.",4 Km até o centro; 6 Km até a BR 116,"Seu nome é uma homenagem ao 6º presidente do Brasil, Afonso Augusto Moreira Pena (1906-1909), reconhecido por seus esforços na modernização da infraestrutura e no progresso econômico do país.",Inaugurado em 1945; ampliado em 1991;  tornou-se internacional em 1996.,Sim,"Capacidade de  14,8 milhões de passageiros ao ano
Possui estacionamento para 4.032 vagas, sendo 2.780 em edifício garagem e 1.252 em solo",-,Transporte aéreo,-,Não,,,,
Confidence - Câmbio Aeroporto,Volume II,493,482,6,2,1,Infraestrutura,Câmbio de Moeda,Av. Rocha Pombo,Águas Belas,83010-900,"-25.535542963276296, -49.17464794067068",,,,,,,,,,,,,,,,,,,,,,,Não,,,,
Travelex Cofidence,Volume II,493,483,6,2,2,Infraestrutura,Câmbio de Moeda,"R. Dona Izabel Redentora, 1434 - L. 243",Centro,83005-010,"-25.53770092234394, -49.20471130948268",,,,,,,,,,,,,,,,,,,,,,,Não,,,,
Farmacia Nissei 24h,Volume II,493,484,6,3,1,Infraestrutura,Farmácia 24h,"R. Dona Izabel Redentora, 2320",Centro,83005-010,"-25.541069389641144, -49.19636690472958",,,,8006-43646,8006-43646,,,,,,,,,,,,,,,,,,Não,,,,
Hospital São José dos Pinhais,Volume II,493,485,6,4,1,Infraestrutura,Hospital,"R. Cel. Luiz Victorino Ordine, 1747",São Pedro,83005-040,"-25.54356227115616, -49.19696055990619","Construído em 1948, é referência em urgência e emergência para São José dos Pinhais, Tijucas do Sul e a região sul de Curitiba, atendendo vítimas de acidentes nas rodovias BR-277, BR-376 e Contorno Sul.","Desde 2016, um grupo de voluntários atuante promove ações de apoio e doações para bebês e mães necessitadas, além de levar mensagens de otimismo a pacientes e servidores diariamente.",Urbana,(41) 3283-5522,(41) 3283-5522,Não,,-,@hospitalematernidadesjp,-,-,Funciona 24h,"Maternidade, banco de leite, banco de sangue, pronto socorro, captação de órgãos e tecidos para transplante,UTI Geral, UTI Neo Natal, Pronto Socorro, Pediatria, Enfermaria e Maternidade, espaço ao ar livre para terapias alternativas.",Sim,3 Km até o aeroporto; 1 Km até o centro; 1 Km até a Av. das Torres/Rod. Henrique Herwig; 5 Km da BR 116/Br 376; 7 Km da BR 277,"Em 2023 recebeu pontuação máxima no HOPSUS, programa estadual que comprova a qualidade e a eficiência do atendimento hospitalar nas áreas de cuidado materno-infantil e urgência e emergência.",1948,Sim,,Visitas acima de 14 anos; acompanhantes acima de 18 anos.,Maternidade e Pronto Socorro,-,Não,,,,
Maternidade São José dos Pinhais,Volume II,493,486,6,4,2,Infraestrutura,Hospital,R. Alcidio Viana 1020,São Pedro,83005-040,"-25.551978174398528, -49.20967920747077","Foi construído para se tornar uma referência em saúde pública na região. Possui uma área total de  22.173,21 m² . A área foi adquirida pela prefeitura e o  projeto da obra foi doado pela Renault do Brasil.","Possui diversas especialidades  médicas, setor de imagens para exames especializados e contempla uma unidade moderna  integrada ao Sistema Único de Saúde (SUS), com capacidade para atender São José dos Pinhais, Tijuca do Sul e a região sul de Curitiba.",Urbana,,,Não,Município de SJP,-,-,-,-,Ainda não definido até o momento  da elaboração do inventário.,"Inclui seis pavimentos e 300 leitos, distribuídos entre enfermarias, UTIs adulto e neonatal, leitos cirúrgicos de maternidade, unidades de cuidados paliativos, pediátricos e psiquiátricos. Possui heliporto, centro médico completo e ambulatório.",Sim,5 Km até o aeroporto;  2 Km até o centro; 2 Km até a BR 376,-,Inauguração prevista para 2028,Sim,300 leitos,-,"Maternidade, psiquiatria, cirurgia geral, ortopedia, ginecologia e pediatria. Possui também laboratório de imagem para exames especializados.",-,Não,,,,
UPA Afonso Pena,Volume II,493,487,6,4,3,Infraestrutura,Hospital,"R. Francisca de Souza Cortês, 460",Parque da Fonte,83050-690,"-25.49792765487499, -49.169492370334574",,,Urbana,,,Não,Município de SJP,-,-,-,-,,,,,-,,,,,,,Não,,,,
UPA Rui Barbosa,Volume II,493,488,6,4,4,Infraestrutura,Hospital,"Av. Rui Barbosa, 10471",Aristocrata,83025-094,"-25.549425768851673, -49.207073711627636",,,Urbana,,,Não,Município de SJP,-,-,-,-,,,,,-,,,,,,,Não,,,,
Informação turística SecTur,Volume II,493,489,6,5,1,Infraestrutura,Info. Turística,"R. Norberto de Brito, 290",Centro,83035-290,"-25.531008649658972, -49.20309555755677",,,,,,,,,,,,,,,,,,,,,,,Não,,,,
Informação turística Aeroporto,Volume II,493,490,6,5,2,Infraestrutura,Info. Turística,Av. Rocha Pombo,Águas Belas,83010-900,"-25.535542963276296, -49.17464794067068",,,,,,,,,,,,,,,,,,,,,,,Não,,,,
Guardia Urbana,Volume II,493,491,6,6,1,Infraestrutura,Policia,"R. Veríssimo Marques, 500",Centro,83005-410,"-25.53362868592094, -49.205849419914045",,,,,,,,,,,,,,,,,,,,,,,Não,,,,
Policia Militar,Volume II,493,492,6,6,2,Infraestrutura,Policia,"R. Augustinho Zen, 115",Silveira da Motta,83030-610,"-25.533940685683003, -49.213020101592235",,,,41 37534517,41 37534517,,,,,,,,,,,,,,,,,,,,,,
Policia Civil,Volume II,493,493,6,6,3,Infraestrutura,Policia,"R. Norberto de Brito, 1445",Centro,83005-290,"-25.531011570084498, -49.202155124224944",,,,,,,,,,,,,,,,,,,,,,,Não,,,,
Policia Rodoviária Federal,Volume II,493,494,6,6,4,Infraestrutura,Policia,"Contorno Leste de Curitiba, BR-116",Rio Pequeno,83015-162,"-25.526551134460508, -49.14062400762113",,,,,,,,,,,,,,,,,,,,,,,Não,,,,
Posto Barão,Volume II,493,495,6,7,1,Infraestrutura,Posto 24h,"Av. das Torres, 990",São Pedro,83040-280,"-25.518280894367077, -49.20023664380371",,,,,,,,,,,,,,,,,,,,,,,Não,,,,
Posto Pereira,Volume II,493,496,6,7,2,Infraestrutura,Posto 24h,"R. Mal. Hermes, 2322",Iná,83065-000,"-25.518843998382753, -49.16374528639375",,,,41 33980974,41 33980974,,,,,,,,,,,,,,,,,,Não,,,,
Posto Tio Zico,Volume II,493,497,6,7,3,Infraestrutura,Posto 24h,"BR-376, 29.155 Km 629",Contenda,83015-000,"-25.696915931183597, -49.1442162600754",,,,41 36341261,,,,,,,,,,,,,,,,,,,Não,,,,
Parada Ônibus Interestatal,Volume II,493,498,6,8,1,Infraestrutura,Ônibus,BR 376 - Av Henrique Herwig 2998,,,"-25.540645803432508, -49.191629452875254",,,,,,,,,,,,,,,,,,,,,,,Não,,,,
Termi. Central Ônibus,Volume II,493,499,6,8,2,Infraestrutura,Ônibus,R. Padre Carlos Dworaczek,Centro,,,,,,,,,,,,,,,,,,,,,,,,,Não,,,,
Term. Metropolitano Ônibus Afonso Pena,Volume II,493,500,6,8,3,Infraestrutura,Ônibus,"R. Anneliese Gellert Krigsner, n.º 27",Iná,83065-470,"-25.501141437632533, -49.166950389816506",O novo  terminal de São José dos Pinhais é uma estrutura  que possui  plataformas para embaque e desembarque  projetado para atender a um fluxo diário de 25 mil pessoas. Os cartões de transporte podem adquiridos  no terminal de ônibus.,"Possui linhas urbanas e metropolitanas. Possui  lojas internas que oferecem  diversas opções de compras e serviços aos usuários. Além disso, o local dispõe de área de recreação infantil, bicicletário e academia ao ar livre.",Urbana,,,,-,-,-,www.sjp.pr.gov.br/transportes/,Compra antecipada pelo sistema de bilhetagem eletrônica através do site  das empresas de transporte ou whatsapp (41) 9961-3200.,Verificar os horários dos ônibus nas companhias de transporte: Sanjotur: Seg à Sex: 08:00h às 12:00h e 13:00h às 17:00h; Viação São José: 8:00h às 17:30h,"Possui 26 plataformas para  embarque e desembarque, lojas internas,  ponto de atendimento da empresa de saneamento -  Sanepar, uma unidade do Sistema Nacional de Emprego – Sine, bicicletário, estacionamento, parque infantil, academia ao ar livre.",Sim,7 Km até o aeroporto; 5 Km até o centro; 500 m da BR 277,"Possui uma Araucária Solar, uma estrutura no formato da árvore araucária   e que possui placas fotovoltaicas e tomadas disponíveis  recarga de  celulares e outro equipamentos eletrônicos.",2024,Sim,25 mil pessoas/dia,Para usufruir da integração com o sistema de transporte de Curitiba é necessário  obter e validar o Cartão VEM permite que usuários de São José dos Pinhais acessem linhas metropolitanas da Comec - Coordenação da Região Metropolitana de Curitiba -  sem pagar tarifa adicional.,Transporte urbano e metropolitano,,Não,,,,
Taxi São José,Volume II,493,501,6,9,1,Infraestrutura,Táxi,,,,,,,,,,,,,,,,,,,,,,,,,,,Não,,,,