cpt_slug,tax_rotas_turisticas,tax_tipo_atrativo,tax_categorias_empreendimentos,pods_resumo_historico,pods_endereco_localizacao,pods_entrada,pods_horario_de_visitacao,pods_guia_necessario,pods_subtitulo_slogan,pods_endereco_completo,pods_telefone_whatsapp,pods_instagram,pods_site_oficial,pods_horario_de_funcionamento,pods_comodidades,pods_destaque_na_home,pods_data_de_inicio,pods_sobre_o_evento,pods_data_de_fim,pods_local_do_evento,pods_valor_do_ingresso,pods_link_de_inscricao_compra,pods_organizador,pods_historia_completa,post_title
atrativos,,Atrativos Rurais,,"A APA margeia o Rio Iguaçu, desde a nascente no marco zero localizado nas divisas de Curitiba, São José dos Pinhais, Pinhais, Piraquara e Quatro Barras, até encontrar os limites do Parque Nacional do Iguaçu, no Município de Capanema. Também chamada de “Corredor da Vida”, a APA abrange a planície de inundação do Rio Iguaçu, incluindo as matas ciliares, os banhados, as várzeas e as ilhas, bem como as áreas de preservação.","Região norte do município, na divisa com a cidade de Curitiba.",,,false,,"Região norte do município, na divisa com a cidade de Curitiba.",,,,,,,,,,,,,,,APA do Rio Iguaçu
atrativos,Caminho do Vinho,Atrativos Rurais,,"Localiza-se na área de manancial da bacia hidrográfica do Rio Pequeno e possui aproximadamente seis mil e duzentos hectares. Foi criada durante pelo governo do paraná no mandato de Jaime Lerner, com o objetivo de proteger e conservar a qualidade ambiental e os sistemas naturais ali existentes, especialmente a qualidade e a quantidade da água para fins de abastecimento público. A delimitação da APA não apareceu no Google Maps no momento em que este inventário foi realizado. A APA está registrada no Mapa Turístico de Sâo José dos Pinhais produzido à partir deste inventário.","Ao leste da Região Metropolitana de Curitiba, abrange parte do município de São José dos Pinhais.",,,false,,"Ao leste da Região Metropolitana de Curitiba, abrange parte do município de São José dos Pinhais.",,,,,,,,,,,,,,,APA do Rio Pequeno
atrativos,Caminho da Colônia Murici,Atrativos Rurais,,"Criada em 1992, a APA de Guaratuba possui aproximadamente 200 mil hectares, sendo 11,5% dessa área pertencente à São José dos Pinhais. A área completa abrange os municípios de Guaratuba (65,61%), Tijucas do Sul (9,24%), Morretes (6,43%), Paranaguá (5,69%) e Matinhos (1,78%). Inclui também as águas interiores, ilhas situadas na baía de Guaratuba, ilhas fluviais e a ilha do Sai-Guaçu. Seu objetivo é proteger a rede hídrica, os remanescentes da Floresta Atlântica e os manguezais, disciplinar o uso turístico, conservar a fauna, flora e os sítios arqueológicos.","Na Colônia Castelhanos. divisa com Guaratuba, Bacia do Rio São João.",,,false,,"Na Colônia Castelhanos. divisa com Guaratuba, Bacia do Rio São João.",,,,,,,,,,,,,,,APA Guaratuba
atrativos,Rota das Colônias,Atrativos Rurais,,"Possui uma área de aproximadamente 49.300 hectares. O parque foi criado com o objetivo de garantir a preservação de remanescentes das chamadas florestas ombrófila densa e floresta ombrófila mista. O termo ""ombrófila"" refere-se à vegetação adaptada a ambientes com alta pluviosidade, geralmente acima de 1.500 mm de chuva por ano. A preservação também inclui flora, fauna, recursos hídricos e geológicos, geomorfologia e paisagens naturais associadas. As áreas necessárias a operação e manutenção da Usina Hidrelétrica de Guaricana estão fora da área do parque.",Dentro da Colônia Castelhanos.,,,true,,Dentro da Colônia Castelhanos.,,,,,"Trilhas, Visita Guiada",,,,,,,,,,Parque Nacional Guaricana
atrativos,,Atrativos Rurais,,,,,,false,,,,,,,,,,,,,,,,,Capa
atrativos,Rota das Colônias,Atrativos Rurais,,"A cachoeira é formada por uma das quedas do Rio Castelhanos que percorre a colônia. Pode ser acessada com a ajuda de moradores que atuam com guias. Beleza cênica, contato com natureza, experiência na Mata Atlântica.","No percurso do Rio Castelhanos, na zona norte da Colônia Castelhanos.",,,true,,"No percurso do Rio Castelhanos, na zona norte da Colônia Castelhanos.",,www.youtube.com/watch?v=LmDDtyFBTbY,,,"Trilhas, Visita Guiada",,,,,,,,,,Cachoeira Arco-íris
atrativos,,Atrativos Rurais,,"Localizada em propriedade particular, aberta ao público mediante agendamento. É uma das cachoeiras mais apreciadas e famosas da região. Possui cerca de 60m de altura e está imersa em mata preservada. Suas rochas são bem inclinadas e escorregadias. Possui área reservada para camping e traillers do outro lado da entrada, distante da cachoeira, o que confere segurança em caso de chuva na região. Todas as visitas devem ser previamente agendados. Beleza cênica, natureza exuberante, contato com a Mata Atlântica.",Estrada velha da Guaricana direção a Barragem Guaricana; aflurente do rio Arraial.,,,true,,Estrada velha da Guaricana direção a Barragem Guaricana; aflurente do rio Arraial.,4131800224,,www.cachoeiradosciganos.com.br,,"Estacionamento, Área para camping, Trilhas, Visita Guiada",,,,,,,,,,Cachoeira dos Ciganos
atrativos,,Atrativos Rurais,,"A cachoeira, localizada dentro da fazenda Catas Altas, está composta de dois saltos, onde no espaço intermediário tem umas pequenas possas bem relaxantes. Um paisagem de tranquilidade junto à natureza, aproveitando as visitas aos restos históricos dos fornos de carvão vegetal.",Dentro da Fazenda Catas Altas,,,true,,Dentro da Fazenda Catas Altas,41999152211,,,,"Estacionamento, Trilhas",,,,,,,,,,Cachoeira dos Fornos
atrativos,,Atrativos Rurais,,"Embora seja chamada de cachoeira, esse atrativo na verdade é uma pequena queda d'água localizada próximo à Vinícola Araucária. Oferece uma experiência de tranquilidade junto à natureza para os visitantes que estão hospedados ou participando de passeios na vinícola.",Dentro da Vinícula Araucária localizada na Rua Aparecida Góes de Paula 1300.,,,false,,Dentro da Vinícula Araucária localizada na Rua Aparecida Góes de Paula 1300.,,,,,Estacionamento,,,,,,,,,,Cachoeira Ribeirão do Gemido
atrativos,,Atrativos Rurais,,"Está localizada onde funcionava uma antiga área de mineração. Durante a atividade minerária, a empresa drenava a água do subsolo para não comprometer suas atividades. Após o encerramento da mineração, a drenagem cessou e, com o passar do tempo, o aquífero retomou o seu nível natural, formando a lagoa azul. A lagoa é o resultado do acúmulo das águas de chuva e do afloramento natural do lençol de água na região onde outrora havia a mineração. O lugar faz parte da rota de muitos ciclistas que apreciam o passeio pela região.",Rua Rosalia G Ryndack,,,false,"Beleza cênica; local proporciona estudos de campo sobre atividade minerária, formações rochosas, recuperação de áreas degradadas.",Rua Rosalia G Ryndack,,,,,,,,,,,,,,,Lagoa Azul da Pedreira Malhada
atrativos,,Atrativos Rurais,,"Pequena praia formada às margens do Rio Arraial, a 800 m da Barragem Guaricana. O local é isolado, bastante tranquilo e apreciado como local de pescaria. Lugar tranquilo para pescar.",Seguir a Estrada Velha do Guaricana até a Represa Guarinaca no Rio Arraial. O local fica a 800m da Barragem Guaricana.,Consultar,,false,,Seguir a Estrada Velha do Guaricana até a Represa Guarinaca no Rio Arraial. O local fica a 800m da Barragem Guaricana.,,,,,,,,,,,,,,,Prainha da Barragem Guaricana
atrativos,Caminho do Vinho,Atrativos Rurais,,"São cerca de 5 quedas sequenciais, rodeadas por mata fechada e morros em aclive acentuado. Ao longo da trilha podem ser observadas diversas espécies vegetais típicas da Mata Atlântica, incluindo xaxins e bromélias. A cachoeira se encontra na área da empresa Panagro Empreendimentos Florestais e por isso passou a ser conhecida como ""Quedas ou Cachoeira da Panagro"". É um local tradicionalmente apreciado pela beleza das quedas d'água e pela vegetação.",Rua Guilherme Moreno,Consultar,,true,"Beleza cênica, natureza exuberante, experiência na Mata Atlântica.",Rua Guilherme Moreno,,https://www.youtube.com/watch?v=_onBQSbm2kY,,,Acessibilidade,,,,,,,,,,Quedas d'água do Córrego Fundo
atrativos,,Atrativos Rurais,,"Também conhecida por ""Salto do Ribeirão do Meio"" e ainda ""Cachoeira do Turco"", nome que se refere a um antigo proprietário. Está localizada em área particular e faz parte da transição rochosa para a Serra do Mar. A cachoeira tem cerca de 90 metros de altura e está localizada próxima à Serra da Campininha. Há uma trilha relativamente fácil, que leva até o Morro da Campininha. Recomenda-se estar acompanhado por guias experientes que conheçam bem a região.",Rua Demétrio João Kotzias,,,true,"Beleza cênica, natureza exuberante, experiência na Mata Atlântica.",Rua Demétrio João Kotzias,,,,,Trilhas,,,,,,,,,,Salto da Malhada
atrativos,,Atrativos Rurais,,,,,,false,,,,,,,,,,,,,,,,,Item_Sem_Nome
atrativos,Destinos do Campo,Atrativos Rurais,,"Localizado a 1.331m de altitude, o ponto mais alto do município está situado na Serra da Campininha, que, por sua vez, faz parte da Serra do Mar, uma importante cadeia de montanhas que se estende ao longo do litoral brasileiro, especialmente nos estados do Paraná, São Paulo e Rio de Janeiro.","Pico mais alto do Municipio, localizado na Serra da Campininha ao Sudeste do Municipio.",Consultar,,false,,"Pico mais alto do Municipio, localizado na Serra da Campininha ao Sudeste do Municipio.",,,,,,,,,,,,,,,Alto de São José
atrativos,,Atrativos Rurais,,"Também conhecido como “mirante do Morro da Embratel"" ou ""mirante do Morro Redondo”, por estar localizado onde se encontrava a antiga torre de telecomunicações da Embratel. O mirante possibilita uma vista panorâmica da área rural até o litoral em dias de céu limpo. Faz parte do Complexo da Serra do Mar juntamente com o próprio Morro Redondo, porém, esse encontra-se no município de Tijucas do Sul enquanto o Mirante está em São José dos Pinhais. É um local muito apreciado por praticantes de mountain bike e ecoturismo.",Acesso a partir da Estrada Velha da Guaricana.,Consultar,,true,,Acesso a partir da Estrada Velha da Guaricana.,,,,,"Estacionamento, Trilhas",,,,,,,,,,Mirante para o Morro Redondo
atrativos,,Atrativos Rurais,,"A Serra da Campininha é uma importante formação geográfica no município tanto do ponto de vista ecológico quanto turístico. Faz parte da formação montanhosa da Serra do Mar, uma cadeia de montanhas que se estende ao longo do litoral do Brasil, especialmente nos estados do Paraná, São Paulo e Rio de Janeiro. O local possui rica biodiversidade, é uma importante área de captação natural de água de chuva e proporciona uma bela vista da região.",No sudeste do municipio. Na divisa entre o Planalto e os vales do litoral. Faz parte da Serra do Mar.,,,false,,No sudeste do municipio. Na divisa entre o Planalto e os vales do litoral. Faz parte da Serra do Mar.,,,,,Estacionamento,,,,,,,,,,Serra da Campininha
,,,,,,,,false,,,,,,,,,,,,,,,,,Item_Sem_Nome
atrativos,,Atrativos Rurais,,"O mirante permite o avistamento da área de abrangêcia da Barragem do Rio Miringuava. A barragem é uma obra da empresa de saneamento Sanepar construída com o objetivo de regular o fluxo de água do rio Miringuava, controlar enchentes e armazenar água para abastecimento público. A represa estava em fase de construção durante a realização deste inventário.",A 2 Km da Vinícula Araucária,,,false,,A 2 Km da Vinícula Araucária,,,,,,,,,,,,,,,Mirante da Barragem Miringuava
atrativos,,Atrativos Rurais,,"O plantio de pastagens para o comércio de gramas com finalidade paisagística é uma das principais atividades econômicas da região, proporcionando um belo cenário que pode ser apreciado ao longo da rua Arcidio Claudino Barbosa. Os campos são margeados por pinheiros adultos. A agricultura, a pecuária e a indústria cerâmica produtora de telhas tijolos também estão presentes na região.",Seguindo a rua Arcídio Claudino Barbosa,,,false,,Seguindo a rua Arcídio Claudino Barbosa,,,,,,,,,,,,,,,Paisagem Agaraú Campos de Cultivos
atrativos,,Atrativos Rurais,,"A Estrada do Ronco, na Colônia Antinha, é uma estrada que proporciona uma experiência de imersão rural. A colônia possui a maior parte do seu território ocupada por uma rica vegetação de floresta ambrólia que é formada por espécies vegetais adaptadas a ambientes com alta pluviosidade, geralmente acima de 1.500 mm de chuva por ano. A estrada proporciona relaxamento e contemplação da paisagem. O ponto georeferenciado leva às proximidades de uma lagoa de uma das fazendas da região que forma uma bonita composição paisagística.",Entre as Ruas Demétrio João Kotzias e Pedro Schulis,,,false,,Entre as Ruas Demétrio João Kotzias e Pedro Schulis,,,,,,,,,,,,,,,Paisagem Antinha Estrada do Ronco
atrativos,,Atrativos Rurais,,"Em frente à igreja, em dias de céu limpo, pode-se avistar as belas montanhas da Serra da Campininha entre os pinheiros que margeiam a estrada.",Frente à Igreja de São Sebastião da Contenda.,,,false,,,,,,,,,,,,Frente à Igreja de São Sebastião da Contenda.,,,,,Paisagem Conteda Frente Igreja de São Sebastião
atrativos,Destinos do Campo,Atrativos Rurais,,"Trecho da estrada que passa por propriedades agrícolas e proporciona uma paisagem de beleza cênica tipicamente rural. O ponto georreferenciado leva à proximidade de uma lagoa de uma das fazendas da região, formando uma bonita composição paisagística.",Trecho da rua João Maiczak,,,false,,Trecho da rua João Maiczak,,,,,,,,,,,,,,,Paisagem Gamelas Rua João Maiczak
atrativos,Destinos do Campo,Atrativos Rurais,,"A rua Professor Júlio Carvalho Gomes na área rural possui várias paisagens de cultivos de verduras e hortaliças. O destaque especial é o trecho que fica entre a bifurcação com a rua João Grebogui da Lavra, e a rua Domingos Burakowski. Nesse trecho, o relevo proporciona uma interessante paisagem de cultivos ao longo da estrada, com destaque para os plantios de repolhos. A experiência é tanto visual quanto olfativa.",Professor Júlio Carvalho Gomes,,,false,,Professor Júlio Carvalho Gomes,,,,,,,,,,,,,,,Paisagem Malhada Campos de Cultivos
atrativos,,História e Cultura,,,,,,false,,,,,,,,,,,,,,,,,Item_Sem_Nome
atrativos,,História e Cultura,,,,,,false,,,,,,,,,,,,,,,,,Item_Sem_Nome
,,,,,,Consultar,,false,,,,,,,,,,,,,,,,,Item_Sem_Nome
atrativos,Caminho do Vinho,História e Cultura,,"A colonização da região foi majoritariamente realizada por poloneses e italianos, com uma presença menor de suecos. Foi fundada em terras localizadas na Borda do Campo e na Roseira de São Sebastião, nas proximidades da atual fábrica da Renault. A Colônia Acioli foi nomeada em homenagem ao Tenente-Coronel Francisco de Barros Acioli de Vasconcelos- Inspetor Geral de Imigração do Paraná. Ele desempenhou um papel crucial na economia do Paraná e foi agraciado com o título de Barão do Serro Azul por D. Pedro II. Diferente de outras colônias, a Colônia Acioli foi criada por iniciativa particular de Idelfonso Pereira Correia, empresário do setor de erva-mate e filantropo. Ainda que os motivos de criação da colônia não sejam claros, ela fazia parte de uma visão de modernização e expansão agrícola, visando contribuir para o crescimento econômico da região. Correia, que também foi presidente da Sociedade de Imigração de Curitiba, conhecia as dificuldades enfrentadas pelos imigrantes e, após a Proclamação da República, continuou a apoiar a instalação de famílias italianas, polonesas e suecas em suas terras, mesmo sem auxílio do governo. A colônia ocupava uma área de 1.260 hectares, dividida em 101 lotes, com uma população inicial de 221 pessoas entre italianos, poloneses e suecos. As casas dos colonos eram simples, feitas de madeira, com cozinhas de chão batido, seguindo a arquitetura tradicional polonesa e italiana adaptada às condições locais. Os colonos cultivavam milho, feijão, trigo, batata-doce, fumo e batatinha. Em dias chuvosos, o transporte de produtos para Curitiba era dificultado pelas más condições das estradas. O cotidiano dos colonos pode ser melhor compreendido através do pequeno museu dos vinhos coloniais dom Roberto, que expõe móveis e equipamentos históricos dos colonos.",Proximidades da fábrica da Renault,,,false,,Proximidades da fábrica da Renault,,,,,Estacionamento,,,,,,,,,,Colônia Accioli
atrativos,,Atrativos Rurais,,"A colonização da área foi marcada pela chegada de ucranianos, poloneses e refugiados de guerra, como húngaros e alemães. A Colônia está localizada na Serra do Mar, entre São José dos Pinhais e Guaratuba. Há duas versões sobre sua origem: uma relata que criminosos espanhóis se refugiaram na região, e outra diz que os espanhóis batizaram o local de ""castillas"" pela beleza natural, chamando seus habitantes de ""castelhanos"". Após um período de abandono das terras entre 1890 e 1950, o desenvolvimento foi impulsionado pela construção da Usina Chaminé em 1931, o primeiro grande projeto hidrelétrico do Paraná. Hoje, a colônia é composta por cerca de 400 habitantes organizados em cooperativas. A produção de banana é sua principal atividade econômica. Além das bananas, há cultivo de mandioca, laranja e frutas como abacate e jabuticaba, além de uma pequena produção de artesanato e produtos derivados da banana. A região, situada na Mata Atlântica, oferece uma imersão na natureza, com cachoeiras e rios, sendo um destino emergente de turismo rural. Muitas cachoeiras estão em propriedades privadas e podem ser visitadas com a autorização dos moradores. Recomenda-se o uso de botas e roupas adequadas para trilhas, além do acompanhamento de um guia local, devido à facilidade de se perder na região.","Acesso pela BR-376 (sentido Santa Catarina): entrar à esquerda após o segundo posto da Polícia Federal (Guaratuba), seguindo cerca de 17 km por estrada de chão em meio à mata fechada até o rio São João.",Consultar,,true,,,,,,,,,,,,,,,,,Colônia Castelhanos
atrativos,Rota das Colônias,História e Cultura,,"Colônias de formação espontânea. Entre os séculos XVIII e XIX, colonizadores portugueses, povos indígenas e seus descendentes ocupavam a região da Faxina e Campestre da Faxina, com registros de propriedades contendo sobrenomes portugueses. No final do século XIX e início do século XX, iniciou-se uma ocupação espontânea dessas propriedades por colonos provenientes de áreas de difícil permanência, como a colônia Santos Andrade, localizada na Serra do Mar, sem interferência das autoridades estaduais. Ao longo do tempo, esses imigrantes foram, pouco a pouco, adquirindo terras dos proprietários descendentes de portugueses na região. Conforme documentado pela historiadora Maria Angélica Marochi em seu livro ""Imigrantes 1870-1950: os Europeus em São José dos Pinhais"", os registros cartoriais são a principal fonte de informação sobre essa transição. Tais registros mostram a mudança da predominância de sobrenomes portugueses para sobrenomes de famílias ucranianas e, posteriormente, polonesas e italianas. Esses novos colonos gradualmente adquiriram terras na Faxina e Campestre da Faxina, deixando para trás as áreas de difícil acesso, em uma segunda onda migratória dentro das colônias. O nome “Faxina” é intrigante. Na época dos antigos colonos, não havia cercas entre as propriedades; a divisão era feita por valas profundas. Os animais eram criados livres, e a administração das terras e cultivos era coletiva. O nome “Faxina” muito possivelmente deriva da “constituição de faxinal”, um conjunto de normas e práticas comunitárias específicas das comunidades tradicionais chamadas faxinais, típicas do Paraná. Essas normas regulavam o uso comum das terras pelas diferentes famílias, principalmente para a criação de animais e agricultura. Nos faxinais, as áreas eram compartilhadas pelas famílias para a criação de animais soltos, como porcos, e o cultivo de pequenas roças.",Localizam-se na região oeste do município,,,false,,Localizam-se na região oeste do município,,,,,,,,,,,,,,,Colônias Faxina e Campestre da Faxina
atrativos,,História e Cultura,,"A região da Malhada se estende entre o Campo Largo da Roseira e o saltinho da malhada. Tem como principal atividade a criação de cavalos de raça, avicultura, extração de saibros e britas, algumas dezenas de olarias e significante produção de hortigranjeiros e o plantio de hortênsias. O distrito foi criado em 1951, porém em 1780 a região já era grande produtora de erva-mate, gado e produtos agrícolas, e por volta de 1815 destacou-se também na criação de cavalos, carneiros e porcos. Até a chegada dos primeiros colonos, a região era ocupada por descendentes de portugueses. Documentos de propriedades das terras, datados de 1893, comprovam que havia poucos proprietários de terra até o final do século XIX. Os nomes registrados incluíam Alves, Andriguetto, Araújo, Bolin, Carvalho, Foiato, Furquim, Ferreira de Jesus, Franco dos Santos, Greboge e Santos. Já nos registros de cobrança de impostos e alvarás de funcionamento, entre 1910 e 1960, foram identificados 16 proprietários na Malhada, sendo 14 deles com sobrenomes italianos e poloneses. As primeiras famílias que ocuparam a região enfrentaram o árduo trabalho de derrubar a mata para preparar a terra para o cultivo. Com a madeira cortada, construíram suas casas e realizaram benfeitorias nas propriedades. Os imigrantes e seus descendentes foram adquirindo pequenas propriedades e se dedicaram à agricultura, de forma semelhante à Colônia Murici. Muitos colonos da Malhada tinham parentes na Colônia Murici, criando uma forte ligação entre as duas colônias, que, além de compartilharem o mesmo grupo étnico, mantinham uma estreita relação. A primeira igreja foi construída por meio de um mutirão formado pelos imigrantes e descendentes de colonizadores portugueses. Juntos, limparam o terreno e, posteriormente, trabalharam na edificação da igreja.",Acessos pela BR-376 (Campo Largo da Roseira) A 22 Km até o aeroporto; 22 Km até o centro; 6 Km até a BR 376; 38 Km até o centro de Curitiba,Consultar,,false,,,,,,,,,,,,,,,,,Colônia Malhada
atrativos,,História e Cultura,,"A colônia foi nomeada em homenagem ao Coronel Marcelino José Nogueira, antigo proprietário das terras, que facilitou a venda para imigrantes e descendentes de ucranianos e poloneses. Registros de 1893 mencionam 70 proprietários de terras com sobrenomes de origem portuguesa, como Alves, Bueno, Claudino, Cruz, Fagundes, Ferreira, Lima, Machado, Oliveira e Rocha. No início do século XX, chegaram as primeiras famílias ucranianas, como Baran, Tarachuk, Verniski, Guzik, Nogas, Lecheta, Taracnik, Starepravo, Ivanski e Paitach. Posteriormente, vieram famílias polonesas, como Inkot, Picussa, Felipak, Sezanoski, Kosiba, Chimanski, Kuzeski, Kusma e Buczko. A colônia se formou de maneira espontânea, com imigrantes, principalmente ucranianos e poloneses, buscando novas terras após se estabelecerem em outras colônias vizinhas no final do século XIX. Alguns imigrantes chegaram diretamente da Europa, atraídos pela propaganda brasileira sobre imigração. Por ser uma colônia de formação espontânea, há pouca documentação sobre seu processo de estabelecimento. A maioria dos ucranianos veio durante a primeira onda de imigração ao Paraná, oriundos de regiões como Galícia e Bucovina, então sob domínio austríaco. Outros ucranianos chegaram após a Primeira e a Segunda Guerra Mundial. Apesar dos desafios de limpar e cultivar as terras, os imigrantes consideravam uma dádiva serem donos de suas próprias terras, ao contrário da Europa. Inicialmente, cultivavam trigo, milho, feijão e erva-mate, e com o tempo se tornaram grandes produtores de batata-salsa, pimentão e trigo. Atualmente, a colônia é a maior produtora de camomila do Paraná, e os campos floridos enfeitam a paisagem rural, com um leve aroma adocicado no ar. Outro aspecto marcante da colônia é a expressão de sua religiosidade, refletida na arquitetura. Destacam-se a imponente Igreja Ucraniana da Santíssima Trindade, construída em estilo bizantino, e a antiga Igreja da Santíssima Trindade, em estilo neoclássico, além da Capela de São Pedro e São Paulo, que por muitos anos foi frequentada apenas por poloneses. Por estar distante do centro urbano, a colônia preserva muitas de suas características originais.","Acessos pela BR-376 (Campo Largo da Roseira), ou pela BR-116. Faz divisa com as localidades de Campestre, Faxina, Espigão, Rio Abaixo, Queimadas, Retiro e Matos, e com o município de Mandirituba.",,,false,,,,,,,,,,,,,,,,,Colônia Marcelino
atrativos,Caminho do Vinho,História e Cultura,,"A Colônia Mergulhão recebeu seu nome em referência ao pássaro aquático Mergulhão Caçador, comum na região devido à grande quantidade de rios e nascentes. A principal colonização foi de italianos e poloneses, embora a ocupação inicial tenha sido espontânea por descendentes de antigos colonizadores portugueses, escravos africanos e indígenas. No início do século XX, imigrantes italianos e poloneses começaram a adquirir terras na região, especialmente ao longo da estrada principal da colônia. Famílias como Daldin, Bortolan, Juliatto e Pissaia estavam entre as primeiras a se estabelecerem. A economia era baseada na produção agrícola diversificada, com plantações de milho, feijão, batata-doce e legumes, além da criação de vacas leiteiras, aves e porcos. A erva-mate nativa também era explorada. O potencial turístico da região foi identificado em 1998, e em 1999 surgiu a rota turística “Caminho do Vinho”, que hoje abrange cerca de 30 propriedades rurais. Essas propriedades oferecem vinhos, produtos coloniais, pesque-pagues, restaurantes e cafés coloniais. A Associação Caminho do Vinho (Acavin) foi criada para promover o desenvolvimento local. A produção de vinho começou com parreirais trazidos da Itália, e até 1940, muitos produtores fabricavam vinho apenas para consumo familiar. A comercialização de vinhos cresceu, e algumas famílias passaram a vender oficialmente após se registrarem junto à Prefeitura. A região, hoje, é conhecida por suas vinícolas e produção de sucos e licores. As primeiras moradias eram rudimentares, construídas em madeira, mas com o tempo, a construção em alvenaria se tornou comum graças às olarias locais. A colônia também conta com uma tradição religiosa, tendo erguido sua primeira capela dedicada à Nossa Senhora da Imaculada Conceição, que posteriormente foi substituída por uma igreja maior na década de 1930. A colônia preserva suas tradições culturais por meio de iniciativas como o grupo folclórico Cuori d'Italia, o coral Belvedere e festividades como a Festa do Vinho e Mostra de Folclore, realizadas em agosto, além da Festa do Pinhão, consolidando o Caminho do Vinho como destino turístico e gastronômico.",Localiza-se às margens do rio Pequeno. Coincide práticamente com a Rota do Vinho,Consultar,,false,,,,,,,,,,,,,,,,,Colônia Mergulhão
atrativos,Rota das Colônias,História e Cultura,,"Criada em 1878, a Colônia Murici é a mais expressiva comunidade de origem polonesa no Brasil. Foi fundada em homenagem ao médico José Cândido da Silva Muricy, reconhecido por suas contribuições à Santa Casa de Misericórdia de Curitiba e ao Museu Paranaense, e condecorado pelo Imperador D. Pedro II. A colonização da região foi predominantemente realizada por imigrantes poloneses procedentes da Galícia e da Prússia Oriental com uma pequena presença de brasileiros e italianos. As primeiras famílias (60 pessoas) chegaram pelo Porto de Paranaguá no navio inglês “Pachoal” e se estabeleceram em uma área inicialmente dividida em 73 lotes. Os colonos adaptaram técnicas arquitetônicas típicas da Polônia, como o ""Dom Węgłowy"", construindo casas simples e funcionais com madeiras locais e telhados de palha, posteriormente substituídos por telhas de barro. Essas casas ofereciam proteção contra o clima e pragas locais, utilizando troncos de araucárias. A economia da colônia era baseada na produção de erva-mate, trigo, milho, feijão, batata, vinho e fumo. Atualmente, a Colônia Murici é uma importante produtora de hortaliças, abastecendo cerca de 80% da região metropolitana de Curitiba. Além da agricultura, a colônia oferece um circuito de turismo rural com atrações como igrejas, cafés coloniais, pesque-pagues e belas paisagens. Entre suas principais festividades estão a Festa da Colheita, a Festa de São João e a Festa das Capelinhas. A colônia também mantém vivas tradições culturais polonesas, com destaque para o Natal e a Páscoa. O cotidiano dos colonos pode ser melhor compreendido através do pequeno museu na casa Groschoki-Kawarnia, que expõe móveis e equipamentos históricos dos colonos.","Localiza-se às margens do rio Miringuava, abrange as regiões de Avencal, Inhaíva, Murici, Roça Velha, Malhada e Saltinho da Malhada.",,,false,,,,,,,,,,,,,,,,,Colônia Murici
atrativos,Caminho do Vinho,História e Cultura,,"Criada em 1878, a Colônia Zacarias foi criada em homenagem a Zacarias de Góes Vasconcelos, primeiro presidente da Província do Paraná após sua separação de São Paulo em 1853, e destacado político do Segundo Reinado. A colonização foi liderada por poloneses silesianos e italianos. Os poloneses silesianos, provenientes da região da Silésia (dividida entre a Áustria e a Prússia), trouxeram influências culturais e linguísticas germânicas associados às suas tradições polonesas. Na sua fundação, a colônia tinha uma área de 3.182.807 m², dividida em 28 lotes, tornando-se uma das menores colônias da região. Sua emancipação precoce fez com que os colonos perdessem o apoio governamental. Apesar dessa adversidade, conseguiram se estabelecer e expandir suas terras. Plantavam milho, feijão, batatas, cebola e produziam manteiga e erva-mate, além de, em alguns períodos, cultivarem linho. A comunidade era profundamente religiosa. Em 1885 os colonos construíram uma igreja de madeira dedicada a Nossa Senhora do Rosário que foi substituída em 1923 por uma nova construção de alvenaria. A língua polonesa era predominante, mas com a ditadura de Getúlio Vargas, seus habitantes foram proibidos de falar sua língua natal e o ensino do português se tornou obrigatório. Hoje, a Colônia Zacarias se destaca pela horticultura, com o cultivo de frutas, hortaliças e legumes, além da criação de aves, produção de leite e turismo rural. A região atrai visitantes com pesque-pagues, áreas de lazer rural e a venda de produtos artesanais como queijos, conservas e embutidos, mantendo vivas suas tradições e cultura.","Localiza-se na região entre os rios Arujá, Miringuava, Miringuava Mirim. Ao sul do centro da cidade e da BR 376.",,,false,,"Localiza-se na região entre os rios Arujá, Miringuava, Miringuava Mirim. Ao sul do centro da cidade e da BR 376.",,,,,,,,,,,,,,,Colônia Zacarias
atrativos,,História e Cultura,,"Além das maiores colônias citadas anteriormente, existem outras localidades formadas por pequenos grupos étnicos na área rural. Em geral, foram criadas de forma espontânea. São elas: Avencal, Cachoeira, Campina do Taquaral, Campo Largo da Roseira, Capão Grosso, Capivari, Córrego Fundo, Costeira, Curralinho, Gamelas, Inhaíva, Poço da Anta, Papanduva da Serra, Purgátório, Rio de Una, Rio Pequeno, Roça Velha, Roseira de Campo Largo e Saltinho da Malhada, Santos Andrade.",,,,false,,,,,,,,,,,,,,,,,Outras Colonias
,,,,,,Consultar,,false,,,,,,,,,,,,,,,,,Item_Sem_Nome
atrativos,,História e Cultura,,"A arquitetura da APMG reflete características típicas das instituições militares, focadas em funcionalidade, segurança e formação. O prédio foi criado como espaço de ensino superior em 1931 e ganhou o nome de Academia Policial Militar do Guatupê em 1971 pelo Decreto 22.653. É uma das maiores academias de Polícia Militar da América do Sul.","BR 277, Km 72",,,false,,"BR 277, Km 72, 83075-00",4132997900,,www.apmg.pr.gov.br,,Estacionamento,,,"É responsável pela formação, especialização e aperfeiçoamento de oficiais e praças da Polícia Militar. Realiza cursos de graduação, pós-graduação e extensão. Seu curso de aperfeiçoamento de oficiais é equivalente ao nível de mestrado.",,,,,,,Academia P. M. do Guatupê
atrativos,Caminho do Vinho,História e Cultura,,"Localizada ao lado da Adega Bortolan, essa é um dos mais antigos exemplares da arquitetura da colônia, conservando o estilo dos imigrantes italianos. A construção foi feita pela família Juliato, a qual se instalou no início da formação da colônia.","Rua João Berger 802, esquina com a Rua Julio Cesart Seterareski",Consultar,,false,,"Rua João Berger 802, esquina com a Rua Julio Cesart Seterareski, CEP 83085-200",,,,,,,,,,,,,,,Casa  ao lado da Adega Bortolan
atrativos,,História e Cultura,,"Localizada em um prédio construído com linhas clássicas em 1912 para abrigar o Grupo Escolar Silveira da Motta, já sediou o Fórum e a Câmara Municipal da cidade. Foi tombado pelo patrimônio histórico em 1980. A Biblioteca Pública foi fundada em 1940 e tem um acervo de mais de 100 mil livros. Leva o nome de um dos grandes escritores sãojoeense: Reinaldino Antônio Scharffenberg de Quadros que também foi patrono da cadeira nº 36 da Academia Paranaense de Letras. Bonecos gigantes feitos produzidos pelo Museu do Boneco. Um deles representa o próprio Sharffenbert de Quadros.","Praça Oito de Janeiro, 120 ou Largo Vereador Segismundo Salata, 120",Consultar,,false,,"Praça Oito de Janeiro, 120 ou Largo Vereador Segismundo Salata, 120, CEP 83005-185",4133815845,,https://www.sjp.pr.gov.br,,Acessibilidade,,,,,,,,,,Biblioteca Pública Municipal
atrativos,,Patrimônio Tombado,,Reservatório elevado construído pela Sanepar e projetado pelo engenheiro-arquiteto Léo Limzme. Possui capacidade de 100 metros cúbicos. Tornou um marco na paisagem vertical e é a primeira obra de arquitetura moderna a ser tombada pelo município. Sua construção ocorreu em um momento de grandes discussões sobre o saneamento no Brasil.,"R. Quinze de Novembro, 1155 Praça Getulio Vargas",,,false,,"R. Quinze de Novembro, 1155 Praça Getulio Vargas, CEP 83005-000",,www.youtube.com/watch?v=L-87rn11Vds;,,,Acessibilidade,,,"Sua projeção é triangular com apoio central. Foi a primeira obra no Brasil a ser construída em concreto protendido técnica que combina aço e concreto para maximizar a resistência estrutural, com o concreto suportando a compressão e o aço, a tração.",,,,,,,Caixa d'água do Calçadão
atrativos,,História e Cultura,,"Construção de arquitetura moderna em vidro e concreto. Inaugurada em 2003, possui gabinetes dos vereadores, jardins internos, plenário com platéia. No interior do plenário encontra-se um painel que representa os vereadores feito pelo artista plástico Roney W. Erthal em homenagem aos 150 anos do Poder Legislativo.","R. Veríssimo Marques, 699.",Consultar,,true,,"R. Veríssimo Marques, 699., CEP 83005-410",4132996500,,https://cmsjp.pr.gov.br,,"Estacionamento, Acessibilidade",,,,,,,,,,Câmara Municipal
atrativos,Caminho do Vinho,Patrimônio Cultural,,"A Casa Bortolan é um conjunto de casas centenárias construídas por dois imigrantes italianos: João Bortolon e Ernesto Juliatto, sendo uma delas residencial e a outra um armazém de secos e molhados. Ambas refletem a tradição arquitetônica e cultural trazida pelos colonos, sendo um exemplo típico da arquitetura rural italiana. É considerada patrimônio histórico e cultural.","Rua João Bortolan 222, frente à Rua Augusto  Migrute",,,false,,"Rua João Bortolan 222, frente à Rua Augusto  Migrute",,,,,Estacionamento,,,,,,,,,,Casa Bortolan
atrativos,,História e Cultura,,"Construída no ano de 1897 em alvenaria, com assoalho interno de tábuas largas e divisórias em mata-juntas, um elemento construtivo inovador para a época que dava durabilidade e conforto à construção. A construção inicialmente foi usada como residência. Abrigou uma escola pública e, posteriormente, voltou a ser usada como residência. Possui duas construções anexas que funcionaram como paiol e armazém. Possui divisória de mata-junta: inovação para as casas da época que funciona como barreira acústica e proteção contra infiltração.","Rua Bembenutto Moletta 2029, quase em frente à rua Vila Nova",,,false,,"Rua Bembenutto Moletta 2029, quase em frente à rua Vila Nova",,,,,Estacionamento,,,,,,,,,,Casa Braz Luiz Pereira Filho
atrativos,Rota das Colônias,História e Cultura,,"A casa foi construída por Francisco Sravitch e posteriormente passou a pertencer à família Groschoki. Construção típica polonesa utilizando a técnica de troncos encaixados e suspensa a 20 cm do solo, sendo apoiada por toras nas quatro extremidades. Encontra-se junto ao Café colonial Kawiarnia. Possui um acréscimo lateral em alvenaria. Além da casa, foram construídos um paiol, uma residência, um poço e um forno em alvenaria.","O paiol está localizado junto o café colonial Kawiarnia, R. Domingos Perbiche, 1446",,,false,,"O paiol está localizado junto o café colonial Kawiarnia, R. Domingos Perbiche, 1446, CEP 83085-230",,@kawiarniacafecolonial,,,Estacionamento,,,,,,,,,,Casa Groschoki Kawarnia
atrativos,Rota das Colônias,História e Cultura,,"Casa de aproximadamente 100 anos da família Halluch, construída em tabuado de madeira com mata-junta, um elemento inovador para a época que conferia durabilidade e conforto à construção. Possui também os tradicionais lambrequins. A família Halluch está presente na colônia desde a sua fundação. Chegou ao Brasil em 1878 e desenvolveu empreendimentos no comércio e na indústria. A mata-junta era uma inovação para as casas da época. Funcionavam também como barreiras acústicas e proteção contra infiltração.","Rua Adr. Muritici 802, perto da Rua Domingos Perbiche",,,false,,"Rua Adr. Muritici 802, perto da Rua Domingos Perbiche",,,,,Estacionamento,,,,,,,,,,Casa Hallunch
atrativos,Rota das Colônias,História e Cultura,,"Casa construída por Pedro Inkot em alvenaria em 1931 e inicialmente adornada com pinturas parietais de paisagens de sua autoria. Tais pinturas foram posteriormente escondidas por camadas de tintas. Essa casa era vizinha de um antigo conjunto agroindustrial da família Inkot, composto por mais duas casas e um moinho de trigo. Hoje, no local do moinho apenas permanece uma pequena barragem com um entorno bucólico. A casa Ienkot encontra-se próximo dos campos de camomila e piquenique e da Chácara de eventos Ienkot. É uma região bucólica onde se pode apreciar o paisagismo e a arquitetura.","Rua Antônio Claudino Sobrinho, 15785, esquina com a rua Bemvenuto Moletta.",,,false,,,,,,,Estacionamento,,,,,,,,,,Casa Ienkot (Iewnkot)
atrativos,,História e Cultura,,"A história desse casarão tem suas origens ligadas à imigração polonesa no século XIX. Em 1934, o imigrante polonês José Ginalski chegou ao Brasil e, em 1956, adquiriu o casarão recém-construído de Fortunato Moss. Posteriormente, sua filha Zofja casou-se com Casemiro Jankosz, também descendente de imigrantes poloneses. Décadas depois, Eduardo Jankosz, filho de Casemiro e Zofja, junto com sua família, restaurou o casarão, preservando seu charme europeu e transformando-o em um marco da cidade. Hoje, ele abriga o Centro Empresarial Jankosz, um empreendimento que une tradição e modernidade.","R. Visc. do Rio Branco, 1604",,,false,,"R. Visc. do Rio Branco, 1604, CEP 83005-420",41999395942,,www.jankosz.com.br,,"Estacionamento, Restaurante",,,,,,,,,,Casa Jankoz
atrativos,Rota das Colônias,História e Cultura,,Uma das primeiras casas da região; pertencente à família Juliatto. Ao seu lado funcionam o Café Colonial Juliatto e o Vinho Juliatto.,"R. Júlio César Setenareski, 3797",,,false,,"R. Júlio César Setenareski, 3797, CEP 83085-290",,,,,Estacionamento,,,,,,,,,,Casa Juliatto
atrativos,,História e Cultura,,"Construída para abrigar a família de João Novoceki, imigrante polonês. Residência rural em alvenaria de tijolos com um pavimento. Possui varanda, sótão e algumas pinturas. Casa antiga com cerca de 90 anos. A sua frente, à beira da estrada, encontra-se uma construção de madeira abandonada. Arquitetura típica da colônia. Um interessante conjunto de edifícios históricos relativamente bem conservados.","Rua José Francisco Negoseki, 3766, próximo ao Recanto Aurora Eventos.",Consultar,,false,,"Rua José Francisco Negoseki, 3766, próximo ao Recanto Aurora Eventos., CEP: 83020-838",,,,,,,,,,,,,,,Casa Negoseki
atrativos,,História e Cultura,,"Construção em alvenaria de tijolos com varanda e lambrequins. Pertenceu a antiga fazenda onde se instalou a empresa Schattdeccor. Encontra-se ao lado de uma portaria construída em alvenaria e com lambrequins bem conservados. A casa possui semelhanças com a Casa Negoseki na área rural, na Colônia Zacarias. Arquitetura típica colonial.","R. Francisco Munõz Madrid em frente ao Número 1765, dentro da propriedade da Schautecor do Brasil",,,false,,"R. Francisco Munõz Madrid em frente ao Número 1765, dentro da propriedade da Schautecor do Brasil, CEP 83070-152",,,,,Acessibilidade,,,,,,,,,,Casa Tradicional das colônias
atrativos,Rota das Colônias,História e Cultura,,"Esta casa é um exemplo de construção típica das famílias de imigrantes poloneses que se estabeleceram na região. Foi construída pelo polonês Inácio Scrobot e ainda possui móveis característicos da época da colonização em seu interior. Com aproximadamente 200 anos, a casa foi construída no início do século XX e, posteriormente, estrelas vermelhas foram pintadas em sua fachada frontal, dando-lhe uma característica peculiar. A Casa Scrobot, juntamente com outras construções históricas e igrejas da Colônia Murici são parte de um roteiro turístico que destaca a influência polonesa na arquitetura e na cultura da região.",Rua Emerson Grebogi 2948 esquina com a rua Miguel bass,Consultar,,false,,Rua Emerson Grebogi 2948 esquina com a rua Miguel bass,,,,,Estacionamento,,,,,,,,,,Casa Scrobot
atrativos,,Patrimônio Tombado,,"Prédio em alvenaria construído em 1955 para abrigar o Colégio Estadual Silveira da Motta que tem como patrono Joaquim Inácio Silveira da Motto, vice-presidente do Estado do Paraná e posteriormente nomeado Desembargador. Colégio mais antigo e tradicional da cidade","Largo Ver. Segismundo Salata, 1123",,,false,,"Largo Ver. Segismundo Salata, 1123, CEP 83005-115",4133821241,@colegio.silveiradamotta,,,Estacionamento,,,,,,,,,,Colegio Silveira Motta
atrativos,,História e Cultura,,"Espaço cultural inaugurado em 2009, projetado pelo conceituado arquiteto-urbanista curitibano Manoel Coelho com um anfiteatro pitoresco construído com acústica invertida para otimizar a qualidade sonora e oferecer uma experiência sonora aprimorada. Possui uma irmã gêmea, a Usina do Conhecimento em Guarapuava, sendo que essa é utilizada para várias atividades. Seu anfiteatro tem acústica invertida e é o local de ensaio da Banda Marcial de São José dos Pinhais.","R. Veríssimo Marques, 299",,,false,,"R. Veríssimo Marques, 299, CEP 83030-700",41997679374,@usinadamusica.sjp,,,"Estacionamento, Área Kids",,,"Abriga a Banda Marcial de São José dos Pinhais, o Octeto da Usina da Música, além das Orquestras de Cordas e Sinfônica Jovem, contribuindo significativamente para a formação musical de alunos e músicos do Paraná.",,,,,,,(Escola) Usina da Música
atrativos,,História e Cultura,,"Construído em estilo pós-moderno, recuperando elementos clássicos, o prédio destaca-se na paisagem urbana entre pinheiros kaizuka de verde intenso que contrastam com a fachada, especialmente em dias de céu limpo. Dentro do prédio, destacam-se obras em bronze do artista plástico Roneu W. Erthal em diferentes paredes. Uma das obras retrata a história do Poder Judiciário no município, outra é um conjunto formado pelo mapa do município, o antigo e o novo prédio do Fórum, e há ainda uma parede contendo uma balança, símbolo da justiça, dividida em 9 peças de bronze.","R. João Ângelo Cordeiro, s/n",,,false,,"R. João Ângelo Cordeiro, s/n, CEP 83005-570",4134348400,,www.tjpr.jus.br,,Estacionamento,,,,,,,,,,Fórum Municipal
atrativos,Rota das Colônias,História e Cultura,,"O bondinho, também conhecido como trole, funicular ou vagonete sobre trilhos, foi construído para o transporte de pessoal, máquinas e peças, ligando os escritórios da usina à casa de força. Com um trajeto de 680 metros, o bondinho se tornou uma característica marcante da usina, sendo capaz de transportar até cinco toneladas. Está em operação desde 1929 e é movimentado por motores que liberam e recolhem o cabo de aço em um declive que chega a 70 graus, com um desnível de 270 metros. Atualmente, é um ponto turístico apreciado por aqueles que desejam conhecer uma das hidrelétricas mais importantes da história da energia do Paraná.","Usina da Chaminé, Colônia Castelhanos, área rural",Consultar,,true,,"Usina da Chaminé, Colônia Castelhanos, área rural",,,,,,,,,,,,,,,Trole da Usina da Chaminé
atrativos,,História e Cultura,,"O mercado é uma grande construção em alvenaria que abriga um programa da Secretaria de Abastecimento que oferece alimentos da cesta básica à baixo custo à população. Antes de se deslocarem até o local, os consumidores podem comparar preços do mercado com os mercados convencionais através de um aplicativo gratuito que pode ser baixado na Play Store.","R. Dr. Claudino dos Santos, 32",Consultar,,false,,"R. Dr. Claudino dos Santos, 32, CEP: 83005-180",,,,,Estacionamento,,,,,,,,,,Mercado Armazém da família
atrativos,,Patrimônio Tombado,,"Inaugurado em 2014, compreende uma área de 582,40 m² formada por uma parede construída nas mesmas dimensões da parede da fachada frontal do antigo Casarão Massaneiro, paisagismo com calçamento em paver e iluminação. O casarão centenário abrigava o gabinete do prefeito e vice-prefeito da cidade. Um pináculo da fachada original foi usado como molde para a reprodução dos outros 4 na réplica da parede original, mantendo a arquitetura neoclássica italiana. Na década de 40, a casa foi comprada pela Congregação de São José servindo de retiro para freiras. Em 1980 foi adquirido pela Prefeitura.","Rua Passos de Oliveira, 1101",,,false,,"Rua Passos de Oliveira, 1101, CEP 83030-720",,,,,Estacionamento,,,,,,,,,,Paço Municipal Memorial Casarão
atrativos,,História e Cultura,,"É uma construção de 1910 erguida pelo empresário Luis Vitorine Ondine para ser a residência de sua família. Possui um jardim lateral utilizado como ponto de encontro e descanso na região central, no calçadão da cidade. Foi vendido ao governo local em 1920, vindo a ser ocupado para diferentes finalidades. Em 1981 foi reformado para sediar o atual museu municipal. Destaque: Arquitetura eclética",Rua XV de novembro 1660,,,false,,"Rua XV de novembro 1660, CEP 83005-000",,,www.museu.sjp.pr.gov.br,,Estacionamento,,,,,,,,,,Palacete Ordine
atrativos,Rota das Colônias,História e Cultura,,Ponte sustentada por cabos de aço construída em 1980 liga a Estrada de Potreiros à região Sul da Colônia Castelhanos. Possui uma extensão de cinquenta metros. E bastante utilizada pelos moradores da região e apreciada por turistas como cenário para fotos.,,Consultar,,false,,"Estrada do Potreiro, sobre o Rio São João",,,,,Estacionamento,,,,,"Estrada do Potreiro, sobre o Rio São João",,,,,Ponte Pensil do Rio São João
atrativos,,História e Cultura,,"O prédio faz parte do complexo do Centro de Vivência Cultural. Tem como objetivo promover e incentivar a cultura local, oferecendo rica programação cultural envolvendo cinema, teatro e música. Possui uma sala de cinema com 105 lugares inaugurada em 2024 que oferece sessões especiais para o público e um cineclube. O espaço promove diversas atrações culturais gratuitas abertas ao público.","Rua XV de Novembro, 1800",Gratuita,,false,,"Rua XV de Novembro, 1800, CEP: 83005-970",4133815901,,,,,,,,,,,,,,Teatro-Cinema Municipal Ernani Zetola
atrativos,Rota das Colônias,Patrimônio Cultural,,"Será o sexto reservatório a ser utilizado para o abastecimento público da Região Metropolitana de Curitiba possuindo área alagada de 4,3 milhões m², a barragem visa proporcionar segurança hídrica e também beneficiará as atividades agrícolas desenvolvidas na região, pois garantirá a vazão regularizada do canal principal do Rio Miringuava. Sua construção também reduzirá as áreas de alagamento dos rios Miringuava e Iguaçu durante os períodos de cheias. A Sanepar passará a tratar 2 mil litros de água por segundo.","Área rural, ao nordeste da Colônia Malhada",Consultar,,false,,,,,,,Estacionamento,,,,,,,,,,Represa do Rio Miringuava
atrativos,,Patrimônio Cultural,,"A usina encontra-se encravada na Serra do Mar, no meio da Mata Atlântica, a aproximadamente 80 km de Curitiba. Foi construída pelo engenheiro inglês Howell Lewis Fry e inaugurada em 1957 pelo presidente Juscelino Kubitschek. Pertenceu à antiga Companhia Força e Luz do Paraná (CFLP), e sua inauguração impulsionou um extraordinário desenvolvimento tanto na capital quanto na região do entorno. Em 1976, a Companhia Força e Luz foi incorporada pela Companhia Paranaense de Energia Elétrica (COPEL), que é a atual concessionária da Usina Hidrelétrica Guaricana. A usina possui quatro geradores com potência nominal total de 30 mil kW, produzindo 39.000 kW (39 MW) de energia elétrica, gerados a partir do aproveitamento das águas do Rio Arraial. Seu reservatório possui um volume útil de 5 milhões de m³, e a barragem tem 29,5 m de altura e 95 m de comprimento.",Acesso pela BR 376. Seguir a Estrada Velha do Guaricana até o Rio Arraial. Seguir 800m após a prainha do rio.,Consultar,,true,,Acesso pela BR 376. Seguir a Estrada Velha do Guaricana até o Rio Arraial. Seguir 800m após a prainha do rio.,,,,,Estacionamento,,,,,,,,,,Represa e Usina Hidrelétrica Guaricana
atrativos,Rota das Colônias,Patrimônio Cultural,,"Está localizada em área de preservação permanente na Serra do Mar. Construída represendo o rio São João para alimentar as turbinas da Usina Hidroelétrica da Chaminé. É a mais antiga usina do sistema Copel em funcionamento desde de março de 1931. Produz 8.000 KW (18 MW) de energia elétrica, integrando o sistema energético do sul e centro-sul do Brasil. Está localizada no rio São João e é abastecida pela Represa de Vossoroca.",Queda d´água formada pelo barramento do Rio São João.,Consultar,,false,,Queda d´água formada pelo barramento do Rio São João.,,,,,,,,,,,,,,,Represa do Rio São João
atrativos,,Patrimônio Cultural,,"Está localizada em área de preservação permanente na Serra do Mar, na margem esquerda do Rio São João. Construída pela Cia. Força e Luz do Paraná sob a supervisão do engenheiro americano Howell Lewis Fry. Usina de energia hidrelétrica da Copel, encravada no meio da mata atlântica, numa área de solo frágil e pouco propício ao uso agropecuário. Definida constitucionalmente como patrimônio nacional. Alimentada pela Represa de Guaricana, foi construída em 1957. Iniciou suas operações em 1930. Foi incorporada pela Copel em 1975 e amplamente reformada em 2023 para extensão de sua vida útil. Oferece passeio de bondinho com agendamento prévio. Foi o primeiro grande projeto hidrelétrico do Paraná e teve papel fundamental no desenvolvimento econômico e social de Curitiba.","Próximo à divisa com o município de Tijucas do Sul, na Serra da Mar.",,,true,,"Próximo à divisa com o município de Tijucas do Sul, na Serra da Mar.",,,https://www.copel.com/site/copel-geracao/usinas/usina-chamine/,,Estacionamento,,,,,,,,,,Usina Hidrelétrica da Chaminé
empreendimentos,,,Compras e Produtos Locais,,,,,false,,,,,,,,,,,,,,,,,Item_Sem_Nome
atrativos,Caminho do Vinho,História e Cultura,,"Localizado em uma casa de arquitetura típica da colônia Murici/Caminho do Vinho, o espaço é mantido pela Associação dos Artesãos de São José dos Pinhais – Associarte. O local reúne artesanatos feitos com materiais como biscuit, pinhão, tecido, pinturas e colagen feitos pelos artistas locais. São encontrados produtos de utilidades domésticas, artigos de decoração, confecções, objetos de madeira, dentre outros.","R. Júlio César Setenareski, 190, próximo ao portal do Caminho do Vinho",,,false,,"R. Júlio César Setenareski, 190, próximo ao portal do Caminho do Vinho, CEP 83085-290",41998977653,,www.caminhodovinho.tur.br/casa-do-artesanato/,,Estacionamento,,,,,,,,,,Casa Rosa
atrativos,,História e Cultura,,A estátua de São José com o Menino Jesus no cólo está estrategicamente na esquina de uma propriedade particular. É uma estátua bem conservada. Pode ser apreciada da Rua.,Rua Mendes Leitosa esquina com Rua Margarida de Araújo Franco,,,false,,Rua Mendes Leitosa esquina com Rua Margarida de Araújo Franco,,,,,Estacionamento,,,,,,,,,,Estátua de São José
atrativos,,História e Cultura,,"A imagem de Nossa Senhora de Fátima está localizada na Praça Constantino Ângelo Zaniolo. A imagem foi trazida por freiras portuguesas, provenientes da cidade de Fátima, em Portugal. A “Praça da Santa”, como é conhecida, tornou-se um ponto de referência e devoção para moradores e visitantes. A região onde se localiza a praça era o local de antigas moradias da Chácara Zaniolo, pertencente ao Sr. José Zaniolo. A imagem e a praça foram cedidas à Prefeitura pelas irmãs Zaniolo, netas e herdeiras de parte das terras do Sr. Zaniolo, criando um espaço que proporcionasse encontros mensais de fiéis para orações e novenas.","Praça Constantino Zaniollo, entre a rua Zacarias Alves Pereira e Rua Padre Bitencourt",Consultar,,false,,"Praça Constantino Zaniollo, entre a rua Zacarias Alves Pereira e Rua Padre Bitencourt",,,,,Estacionamento,,,,,,,,,,Imagem da Virgem de Fátima
atrativos,Rota das Colônias,Turismo Religioso,,"A Imagem de Nossa Senhora de Lourdes é mais conhecida como a ""Santa da Colônia Murici"", é um ponto de manifestação religiosa e também de encontro entre visitantes da colônia, principalmente de ciclistas.",R. Dr. Murici esquina com R. Emerson Greboge,Consultar,,false,,"R. Dr. Murici esquina com R. Emerson Greboge, CEP 83015-290",,,,,,,,,,,,,,,Imagem N. Sra. de Lourdes
atrativos,Rota das Colônias,História e Cultura,,"Os bordados poloneses utilizam diversos pontos, como o ponto cheio, o ponto cruz e o vagonite, que consiste na técnica de criar desenhos geométricos ou padrões repetitivos com pontos retos, geralmente longos e paralelos. Os motivos mais comuns são florais, aves, animais e elementos da natureza. Tradicionalmente, nas colônias, as mulheres bordavam à mão peças como toalhas de mesa, roupas de cama, toalhas de mão, panos de copa, tapeçarias, lenços de cabeça e lenços de bolso. Esses bordados também se destacam nos trajes dos grupos folclóricos, sendo distintos para cada região da Polônia.",Colônia Murici e em lojas que vendam bordados poloneses,Consultar,,false,,,,,,,,,,,,,,,,,Hafty- Bordados Poloneses
atrativos,Rota das Colônias,História e Cultura,,Monumento em concreto com a estátua de Jesus semeador. O monumento foi erigido em 1928 para lembrar aos colonos da missão do lavrador.,"Rua Dr. Murici, ao lado da Igreja Colônia Murici Paróquia Sagrado Coração de Jesus e em frente ao Colégio Estadual",,,false,,"Rua Dr. Murici, ao lado da Igreja Colônia Murici Paróquia Sagrado Coração de Jesus e em frente ao Colégio Estadual",,,,,Estacionamento,,,,,,,,,,Monumento do Divino Semeador
atrativos,,História e Cultura,,"Esta obra do muralista paranaense Napoleon Potyguara Lazzarotto, conhecido como Poty Lazzarotto, é um grande mural feito em azulejos pintados que explora o tema das viagens e a experiência de viajar. Poty é conhecido por sua habilidade em contar histórias através de suas obras. O painel é uma obra figurativa que combina elementos da natureza, simbolismos e a interação humana com lugares. Os países são representados por suas características gerais, como personagens e pontos turísticos. A obra também faz referência a viagens em outros períodos da história e através de outros meios de transporte, através da pintura de uma caravela, do trenó, um dirigível, dentre outros.",Aeroporto Internacional Afonso Pena área externa.,,,false,,"Aeroporto Internacional Afonso Pena área externa., 83010-620",,,,,Acessibilidade,,,,,,,,,,"Mural ""A Viagem"""
atrativos,,História e Cultura,,"O painel de Napoleon Potyguara Lazzarotto, conhecido como Poty Lazzarotto, é um grande mural feito em azulejos pintados que representa o eterno sonho humano de voar. Está localizado na área de desembarque do aeroporto, à direita. O painel retrata o voo dos pássaros, a lenda de Ícaro, o trabalho de Leonardo da Vinci, Santos Dumont com o 14 BIS, um menino empinando uma pipa e um homem alcançando a lua.",Sala de desembarque do aeroporto Aerporto Internacional de São José dos Pinhais -,Consultar,,false,,"Sala de desembarque do aeroporto Aerporto Internacional de São José dos Pinhais -, 83010-620",,,,,Acessibilidade,,,,,,,,,,"Mural ""O Eterno Sonho"""
atrativos,,História e Cultura,,"O painel retrata a cidade de São José dos Pinhais no início do século XX. Nota-se a importância do espaço da catedral para as atividades sociais do período, com destaque para o comércio e o encontro das pessoas.","Praça 8 de Janeiro, ao lado da Igreja Matriz de São José dos Pinhais",,,false,,"Praça 8 de Janeiro, ao lado da Igreja Matriz de São José dos Pinhais",,,,,,,,,,,,,,,Mural Cerâmico Paisagem Urbana 1900
atrativos,,História e Cultura,,"É um marco histórico erguido em 1953, em comemoração aos 100 anos da instalação oficial do município, que ocorreu em 1853. Marca também o centro cívico do município. Arquitetonicamente, o obelisco segue um estilo simplificado e geométrico, comum em monumentos comemorativos da época, simbolizando estabilidade, progresso e continuidade.","Praça 8 de Janeiro, entre a catedral de São José dos Pinhais e a Biblioteca Municipal Schaffemberg de Quadros.",,,false,,"Praça 8 de Janeiro, entre a catedral de São José dos Pinhais e a Biblioteca Municipal Schaffemberg de Quadros.",,,,,,,,,,,,,,,Obelisco do Centenário do Município
atrativos,,Obras de Roney,,"Roney Erthal é o artista mais expressivo de São José artista plástico são-joseense e também escultor e muralista. Suas obras estão espalhadas pela cidade em espaços públicos e privados. Participou de mais de 300 exposições individuais e mais de 300 coletivas. Possui mais de 1000 citações em Jornais, 12 citações em livros e inúmeras citações em revistas especializadas. Cidadão honorário de São José dos Pinhais. Homenageado com o Título de Personalidade Empreendedora do Paraná pela Assembleia Legislativa do Paraná – 2006, 2007 e 2008. Conhecido como o Poty de São José dos Pinhais",Ver tabela Obras do Roney Erthal,,,false,,,,,,,Acessibilidade,,,"100 murais públicos distribuídos nas cidades de São José dos Pinhais, Curitiba, Quitandinha, Araucária, Campo Mourão e Jacarezinho, no estado do Paraná, e em Montemor-o-Velho em Coimbra, Portugal: 300 quadros em acervos (acrílico sobre tela): 92 esculturas e 260 min-esculturas em pedra sabão; 370 mini-esculturas em bronze; 2.000 mini-azulejos pintados – Curitiba, Polônia, China, Itália e Portugal; 14 cartões de Natal para o Museu Atílio Rocco 1 logotipo comemorativo criado para a agência dos correios 30 quadros na Polônia – nas regiões de Czestochowa, Crakovia, Koninm Keilce, Poznan, Wroclaw e Gliwice. 8 quadros em Montemor-o-Velho, Coimbra. Portugal; 2 quadros em Tiangin e Zibo, China 2 quadros no Chile; 1 quadro em São Lourenço, MG – Museu OAB 4 esculturas em pedra-sabão em Montemor-o-Velho, Coimbra, Portugal; 4 min-esculturas em pedra-sabão em Poznan Polônia",,,,,,,Obras do Roney Erthal
atrativos,,Patrimônio Cultural,,"A pêssanka é uma arte milenar de pintura de ovos, típica da cultura ucraniana. O processo utiliza cera de abelha, cores vibrantes e símbolos tradicionais, transformando a casca de um ovo em uma obra de arte. A palavra ""pêssanka"" vem do verbo ucraniano ""pysaty"", que significa ""escrever"". Para criar a pêssanka, o ovo é cuidadosamente esvaziado, higienizado e seco. Primeiro, são feitos traços finos com lápis, seguindo um planejamento prévio. Depois, com um instrumento chamado ""kistka"", a cera de abelha é aplicada sobre os desenhos. A simbologia das cores e padrões é uma parte essencial dessa tradição. A pintura é realizada em várias etapas: a cera cobre as áreas a serem protegidas, inclusive o furo do ovo, e o ovo é imerso em tinta, sempre começando pelas cores mais claras. O processo é repetido várias vezes, de acordo com o efeito desejado. Ao final, o ovo é aquecido para derreter a cera que é imediatamente limpa com a ajuda de um papel, revelando o desenho. Antigamente, os ovos eram pintados e oferecidos aos deuses nas festas para fertilidade. Com a cristianização da Ucrânia, a prática foi incorporada como símbolo de renascimento. Tradicionalmente, os ovos são pintados pelas famílias e grupos de amigos de todas as idades na última semana da quaresma e oferecidos como presentes na Páscoa.",Colonia Marcelino. Na loja do artesanato Ucraniano.,,,false,,,,,,,,,,,,,,,,,Pêssanckas Ovos pintados
atrativos,Caminho do Vinho,Patrimônio Cultural,,"Marco de entrada do Caminho do Vinho, o famoso roteiro turístico conhecido pelos vinhos e pela gastronomia, localizado na Colônia Mergulhão. Foi construído em reconhecimento à contribuição dos imigrantes italianos para o desenvolvimento econômico da região, por iniciativa da Associação Caminho do Vinho – Colônia Mergulhão (ACAVIM), uma associação civil sem fins lucrativos que visa promover o desenvolvimento econômico, cultural e social da região, além de preservar o patrimônio histórico e artístico local. O arco principal e os detalhes ornamentais lembram as vilas italianas e suas vinícolas. Na sua construção predominam materiais locais, como a pedra e a madeira, conferindo ao portal um aspecto rústico e autêntico, harmonizado com a paisagem. O portal construído em alvenaria possui os dizeres em italiano: ""Bienvenuti, bem-vindo"", ""Venite Sempre"" ou ""Volte Sempre"", escritos em uma flâmula que leva as cores da Itália: vermelho, branco e verde. Essas mesmas cores estão presentes nas luzes que iluminam o portal durante a noite. Ao atravessar o portal, os visitantes são convidados a vivenciar a cultura e a gastronomia italiana.","R. Júlio César Setenareski, 1006",Consultar,,false,,"R. Júlio César Setenareski, 1006, CEP 83085-290",,,,,,,,,,,,,,,Portal Caminho do Vinho
atrativos,Rota das Colônias,Patrimônio Cultural,,"Inaugurado em 2016 em homenagem aos imigrantes poloneses, o portal é o primeiro ponto de visita para os turistas que chegam à região pela Rua Dr. Murici. Tornou-se um símbolo importante do avanço turístico e cultural da Colônia Murici, em São José dos Pinhais. O portal destaca-se pela imponência e pelos elementos culturais poloneses, como o lambrequim de madeira e o brasão da Polônia na cor amarela – cor que representa a alegria dos imigrantes poloneses no período pós-guerra. O portal passou por uma revitalização com o objetivo de fortalecer o turismo rural e a relevância cultural do local. Essa revitalização incluiu uma minuciosa limpeza técnica e uma nova pintura. Uma iluminação cênica foi instalada no portal, destacando seus detalhes arquitetônicos e elementos culturais, valorizando-o durante a noite. Com sua revitalização, o portal foi consolidado como um importante cartão postal e símbolo da identidade cultural do município.","R. Dr. Murici, 1512",,,false,,"R. Dr. Murici, 1512, CEP 83015-290",,,https://bit.ly/PORTALMURICISJP,,,,,,,,,,,,Portal Colônia Murici
atrativos,,História e Cultura,,"Portal rústico construído com madeiras talhadas à mão, localizado na entrada da Querência Ivankio. Destaca-se a arte rustica de entalhar madeira.","R. Carlos Kusma, 9100",,,false,,"R. Carlos Kusma, 9100, CEP: 83023-400",,,,,,,,,,,,,,,Portal Ivanko
atrativos,,Atrativos Urbanos,,"Obra do Engenheiro arquiteto Mário César Siqueira Campos, tendo como engenheiro responsável Dr. Ricardo Fedalto, construída em 1995 como um marco de transição entre Curitiba e saudação aos viajantes que por ali passam por terra ou pelo ar. Seu formato foi inspirado nas antigas estufas européias utilizadas para o cultivo de plantas e lembra a universalidade dos povos e a integração do Mercosul, a globalização. É um dos símbolos da cidade de São José dos Pinhais. O posto de gasolina e o Parque São José oferecem bons ângulos para tirar fotos do portal.","Av. das Torres, 146-210",,,false,,"Av. das Torres, 146-210",,,,,Estacionamento,,,,,,,,,,Portal São José dos Pinhais.
atrativos,Rota das Colônias,História e Cultura,,"O bordado ucraniano é considerado um tesouro cultural, tanto por sua expressão artística quanto por ser um símbolo de identidade e unidade da Ucrânia. Suas raízes remontam ao século V a.C., quando era praticado como um ritual espiritual, no qual os bordados eram feitos para proteger as pessoas através de suas vestimentas. Com o passar do tempo, o bordado foi integrado às vestimentas cotidianas, tornando-se um elemento essencial do folclore ucraniano. Tradicionalmente, as cores e os padrões dos bordados refletem tanto o ambiente quanto a origem e a classe social de quem os confecciona. As cores predominantes são o vermelho, que simboliza amor e energia solar, e o preto, que representa a fertilidade da terra. O branco é símbolo de luz e espiritualidade; o azul, de água e frio, frequentemente o oposto do vermelho; o amarelo, de liberdade e felicidade; e o verde, a terceira cor mais popular, de crescimento da vida, juventude e força. Além das roupas, o bordado está presente em objetos decorativos, como toalhas, almofadas e roupas de cama, integrando-se à vida doméstica como um símbolo de preservação da história, dos valores e das tradições dos descendentes ucranianos. Ele inspira novas gerações a celebrar sua ancestralidade e valorizar este rico patrimônio cultural.",Predominante da Colônia Marcelino e lojas que vendam produtos das colônias,Consultar,,false,"Dia do Vyshyvanka é celebrado na terceira quinta-feira de maio desde 2006, promovendo não apenas o legado cultural, mas também a união de ucranianos ao redor do mundo.",Predominante da Colônia Marcelino e lojas que vendam produtos das colônias,,,,,,,,,,,,,,,Vyshyvanka Bordados Ucranianos
atrativos,,História e Cultura,,"O artesanato polonês é uma arte que é passada de geração para outra desde a imigração, mantendo viva a cultura. Se caracteriza pela arte secular dos recortes wicinanki em papel ou tecido, flores de papel crepom, bonecas de pano, bonecas matrioskas, casinhas de pássaros e caixas de chá pintadas, bordados em panos de prato, panos de parede e cháles com pontos característicos do bordado polonês. Nas toalhas e lenços são usados acabamentos como franjas e amarrações em nó, brólia ou macramê.",,Consultar,,false,,,,,,,,,,,,,,,,,Wicinanki e Artesanato Polonês
,,,,,,Consultar,,false,,,,,,,,,,,,,,,,,Item_Sem_Nome
atrativos,,História e Cultura,,"A Casa do Papai Noel, localizada no Parque da Fonte, é a casa mais iluminada da cidade durante as festividades natalinas. A casa de madeira do parque, típica da região, transforma-se juntamente com todo o Parque da Fonte para receber o Papai Noel e seus amigos. Dentro da casa, Papai Noel e Mamãe Noel recepcionam as crianças. O espaço é cuidadosamente preparado com luzes e uma decoração natalina encantadora, criando um ambiente mágico para celebrar o espírito do Natal. Na cerimônia de abertura, em um momento especial, a Prefeitura entrega as chaves da cidade ao bom velhinho, dando início oficial às festividades. O evento conta com apresentações e shows para todas as idades, proporcionando diversão e alegria para várias gerações. Nos últimos anos, mais de 100 mil pessoas vem visitando o evento.","Parque da Fonte: R. Alm. Alexandrino, 1200",,,false,,"Parque da Fonte: R. Alm. Alexandrino, 1200, 83040-420",,@casadopapainoelsjp,,,Área Kids,,,,,,,,,,Casa do Papai Noel  Natal de encanto e luz
atrativos,,História e Cultura,,"A cavalgada é um evento exclusivo para mulheres, destacando a força e a paixão das amazonas pela atividade equestre. Além da cavalgada, a programação oferece diversas opções de lazer para toda a família. O local conta com uma ampla praça de alimentação, oferecendo diversas opções gastronômicas, além de shows e apresentações musicais e artísticas. Outro destaque do evento é o concurso para a escolha das Rainhas, Princesas, Musas e Miss Simpatia, que envolve disputas emocionantes em provas de campo e desfiles de palco. A organização também prepara um espaço kids, com brincadeiras e sorteios de brindes ao longo do evento. Geralmente a entrada para o evento é a doação de 1 kg de alimento não perecível ou 1 litro de leite ou óleo, que são destinados para ações beneficentes.","A saída geralmente acontece no Park Ball, Rua José Zancheta Filho, n.º 1.255",,,false,,"A saída geralmente acontece no Park Ball, Rua José Zancheta Filho, n.º 1.255, CEP 83042-430",,,,,"Estacionamento, Área Kids",,,,,,,,,,Cavalgada do Batom
atrativos,,História e Cultura,,"Proporciona aos munícipes e turistas um espaço organizado para a compra de produtos artesanais. A feira de artesanato visa incentivar a atividade artesanal e valorizar os artistas e produtores do município. A feira também reúne produtos feitos por grupos de artesãos locais, integrados ao Programa de Economia Solidária. São oferecidos diversos itens de vestuário, decoração, artesanato e gastronomia típica. Além de ser uma excelente oportunidade para adquirir presentes únicos e especiais, a Feira de Inverno de São José dos Pinhais proporciona um ambiente acolhedor e familiar. Ainda, é um incentivo para os artistas locais, pois contribui para geração de renda dos participantes e valoriza a cultura do município.",Na rua XV e na Praça 8 de Janeiro,Consultar,,false,,Na rua XV e na Praça 8 de Janeiro,,,,,Estacionamento,,,,,,,,,,Feira de Artesanato
atrativos,Rota das Colônias,História e Cultura,,"Este é um evento de agradecimento e comemoração da safra dos bons frutos da terra iniciados pelos imigrantes poloneses. É realizada todos os anos pelos produtores para agradecer a Deus a safra do ano anterior. Há um desfile com carros alegóricos, mostrando todas as fases do plantio à colheita e missa na igreja Sagrado Coração de Jesus, cujo altar é previamente ornamentado com sementes, grãos, frutas e vegetais cultivados na região. Atualmente, o evento é também uma homenagem aos imigrantes poloneses e italianos e seus descendentes, que contribuem para o desenvolvimento da agricultura regional e para o abastecimento em Curitiba e Região Metropolitana com diversos produtos agrícolas. A celebração tem início com a Missa de Ação de Graças pela Colheita. Em seguida, é realizado o desfile temático e histórico, relembrando as tradições e a história dos povos que contribuíram significativamente para a formação da região. Em seguida ocorre o almoço, com pratos típicos da culinária polonesa e italiana, incluindo pierogue, risoto, churrasco e costela da chão, preparados com todo o cuidado e carinho pela comunidade local. E durante a tarde ocorrem apresentações de grupos folclóricos, com danças e músicas tradicionais dessas culturas.",Salão Paroquial da Colônia Murici,Consultar,,false,,Salão Paroquial da Colônia Murici,41998244101,@paroquia.scjmurici,,,,,,,,Salão Paroquial da Colônia Murici,,,,,Festa da Colheita
atrativos,,História e Cultura,,"A festividade acontece nos dias que antecedem o dia 19 de março e culmina no dia dia do padroeiro da cidade, São José. Durante o evento, diversas atividades são realizadas, como o tradicional bolo de 20 metros, camarim de pintura, apresentação de bonecos gigantes, corrida de meia maratona e shows com artistas locais e nacionais. No dia 19, uma missa especial é celebrada na Catedral em honra a São José, reunindo centenas de fiéis em um momento de comunhão e bênçãos para São José dos Pinhais. Dia de São José: Dia 19 de março.",Catedral de São José Praça Getúlio Vargas,,,false,,Catedral de São José Praça Getúlio Vargas,,,,,,,,,,Catedral de São José Praça Getúlio Vargas,,,,,Festa de São José
atrativos,Rota das Colônias,História e Cultura,,"O evento, realizado na última semana de janeiro na Colônia Marcelino, celebra o encerramento da safra do trigo e dá graças à Deus pela boa colheita. Criado pelos imigrantes ucranianos pioneiros no Brasil, preserva o costume de seu país de origem ao comemorar a colheita durante o verão. A festa oferece uma variedade de pratos típicos, permitindo que os participantes saboreiem delícias tradicionais como kutiá (doce de grãos de trigo cozido ao leite), perohê (pastel cozido), holuptsi (charuto de repolho), churrasco, dentre outros. Além das opções gastronômicas, a festa inclui a venda de artesanato típico ucraniano, como pêssanka (ovos de galinha decorados à mão), louças e bordados. Apoiada pela Prefeitura, a festividade integra o calendário oficial do município e é um dos eventos mais aguardados por moradores e visitantes. A programação começa às 10h com uma missa especial, seguido do almoço, sendo um exemplo de organização colaborativa de evento em um ambiente familiar, respeitoso, que celebra a cultura e a tradição ucraniana. A tarde há apresentações folclóricas dos grupos Soloveico (da própria colônia), Wawel (da Colônia Murici) e outros shows musicais.","Igreja Santíssima Trindade (Rua Vereador Domingos Benvenuto Moletta, s/nº – Colônia Marcelino.",,,false,,"Igreja Santíssima Trindade (Rua Vereador Domingos Benvenuto Moletta, s/nº – Colônia Marcelino. CEP: 83800-000",,,,,Estacionamento,,,,,,,,,,Festa do Trigo
atrativos,Caminho do Vinho,História e Cultura,,"O evento geralmente é realizado entre agosto e setembro e conta com atrações culturais e gastronômica que movimentam o Caminho do Vinho. O público pode desfrutar de shows e apresentações de artistas locais, grupos de dança folclórica, ampla variedade de pratos típicos italianos, com destaque para a degustação de vinhos artesanais, e ainda a tradicional distribuição da polenta de 17 metros. A festa integra o calendário oficial do município. Ocorre entre agosto e setembro","Parque do Vinho Rua Júlio César Setenareski, n.º 150 Colônia Mergulhão",Gratuita,,false,,"Parque do Vinho Rua Júlio César Setenareski, n.º 150 Colônia Mergulhão, CEP 83085-290",,,,,,,,"A entrada para o evento geralmente é dada em contrapartida a uma doação de alimento não perecível ou leite, que são destinados no será gratuita, mas é solicitada a doação de 1 kg de alimento que são destinados às famílias em situação de vulnerabilidade do município.",,,,,,,Festa do Vinho
atrativos,,História e Cultura,,"Foi criado com o objetivo de homenagear o município de São José dos Pinhais, o pinhão e o Pinheiro do Paraná e também de apresentar os empreendimentos das Colônias, ajudando a promover o turismo rural através da gastronomia, artesanato e experiências, tendo como ator principal o pinhão. Além de uma gastronomia criativa e inovadora, integram a programação do festival a exposição e venda de artesanatos produzidos pelas colônias, música e dança, com apresentações culturais de grupos de dança folclóricas e bandas regionais além de atividades recreativas, com jogos e atividades para todas as idades. Acontece geralmente em julho, no inverno época de colheita do pinhão, chegando a reunir mais de 20 mil pessoas por noite, tanto do município quanto de outras cidades do estado e fora do estado.",Diversos lugares na cidade,,,false,,Diversos lugares na cidade,,,,,"Restaurante, Eventos",,,,,Diversos lugares na cidade,,,,,Festival do Pinhão
atrativos,,História e Cultura,,,Arquivo  Festas,Consultar,,false,,Arquivo  Festas,,,,,,,,,,Arquivo  Festas,,,,,Outras Festas I
atrativos,,História e Cultura,,,Arquivo  Festas,,,false,,Arquivo  Festas,,,,,,,,,,,,,,,Outras Festas II
,,,,,,Consultar,,false,,,,,,,,,,,,,,,,,Capa
atrativos,,História e Cultura,,"A banda tem como objetivo despertar o interesse pela música nos jovens, complementando sua formação intelectual e cultural e fortalecendo os princípios de cidadania. Criada em 1991, com a aquisição dos primeiros instrumentos de sopro e percussão pela Guarda Mirim de São José dos Pinhais, a banda é liderada pelo Maestro João Carlos Maximiano. Desde o início, destacou-se pela qualidade e disciplina, participando de inúmeras apresentações em eventos públicos oficiais do município. Ao longo dos anos, a banda conquistou diversos títulos em importantes concursos e campeonatos, incluindo o pentacampeonato paranaense infanto-juvenil, bicampeonato paranaense juvenil e sênior, e bicampeonato nacional, além de várias premiações em competições interestaduais e nacionais. A banda foi municipalizada pelo Decreto nº 657, abrindo vagas para jovens de todas as comunidades da cidade. São oferecidos cursos e oficinas de técnica instrumental para metais e percussão, além de aulas para linha de frente, corpo coreográfico e baliza, elevando o nível técnico do conjunto.","R. Veríssimo Marques, 299",,,false,,"R. Veríssimo Marques, 299, CEP 83030-700",41997679374,,,,,,,,,,,,,,Banda Guarda Mirim
atrativos,,História e Cultura,,"É o grupo musical mais antigo da Usina da Música, com mais de 30 anos de existência. Possui uma formação pouco comum no Brasil chamada “marching-band”, sendo formada por um corpo coreográfico, pelotão e sua baliza, além do pelotão de bandeiras. Reúne estudantes de música em instrumentos de metais e percussão e tem como missão promover música, dança e civismo. Participa de campeonatos estaduais e nacionais.","R. Veríssimo Marques, 299",Consultar,,false,,"R. Veríssimo Marques, 299, CEP: 83030-700",41997679374,@bandamarcialsjp,,,,,,,,,,,,,Banda Marcial de São José dos Pinhais
atrativos,Caminho do Vinho,História e Cultura,,"Criado por pessoas que tinham interesse em manter a cultura dos antepassados, aprendem a língua italiana e também gostavam de cantar. O nome foi dado em homenagem ao Monte Belvedere na Itália e significa ""Boa Vista"" em italiano. O coral mantém viva a tradição e a cultura italiana e participa de várias apresentações em eventos nacionais e festivais.","Ensaios acontecem na Capela Nossa Senhora Imaculada Conceição, R. Júlio César Setenareski, 2671",,,false,,"Ensaios acontecem na Capela Nossa Senhora Imaculada Conceição, R. Júlio César Setenareski, 2671",41996096105,,www.caminhodovinho.tur.br,,,,,,,,,,,,Coral Belvedere
atrativos,Caminho do Vinho,História e Cultura,,"Criado com o propósito de manter viva a tradição italiana entre as novas gerações de descendentes de imigrantes; realiza apresentações de danças folclóricas acompanhadas por músicas típicas dentro e fora do estado do Paraná. Sob a coordenação de Marina Pissaia, ex-bailarina e responsável técnica da vinícula Cantina della Mamma, o Cuore d’Italia colabora com outras organizações culturais e educacionais para promover o intercâmbio cultural. O Cuore D’Italia faz parte do patrimônio imaterial da cidade. Seus membros utilizam trajes que são réplicas autênticas dos trajes regionais italianos, refletindo a rica diversidade cultural da Itália.","R. Júlio César Setenareski, 2900 O grupo ensaia na Cantina D´Ella Mamma.",,,false,,"R. Júlio César Setenareski, 2900 O grupo ensaia na Cantina D´Ella Mamma., CEP: 83085-290",41999498140,,www.caminhodovinho.tur.br,,Eventos,,,,,,,,,,Grupo Folclórico Cuore D´Itália
atrativos,,,,"Criado com a missão de garantir, resgatar e manter a cultura trazida pelos imigrantes poloneses no Brasil, mostrando sua diversidade cultural nas danças, no artesanato e na gastronomia. Foi fundado no ano de 1970, com o incentivo das irmãs da Sagrada Família, ensaiando cantos folclóricos e peças teatrais.","Salão da Paróquia Sagrado Coração de Jesus R. Dr. Murici, 8730",,,false,,"Salão da Paróquia Sagrado Coração de Jesus R. Dr. Murici, 8730, CEP 83015-290",41991097606,@wawelfolclorepolones/; @www.facebook.com/grupowawel,,,,,,,,,,,,,Grupo Folclórico Polonês Wawel
atrativos,Rota das Colônias,História e Cultura,,"O grupo tem sua origem na década de 1960, quando foi fundado pela jovem Irmã Eutêmia Royk da Congregação das Irmãs Servas de Maria Imaculada para preservar as tradições ucranianas na colônia. Após interrupções, o grupo foi revitalizado e nomeado ""Soloveiko"", rouxinol em ucraniano, estreando em 1994 no 28º Festival do Trigo, com apoio da Secretaria de Indústria, Comércio e Turismo, do Conselho da Igreja Santíssima Trindade e da comunidade. O nome ""Soloveiko"" foi escolhido em homenagem a um pássaro típico da Ucrânia, conhecido por seu canto belo e alegre, que simboliza a capacidade das músicas ucranianas de encantar o público com seus ritmos variados, ora lentos, ora vertiginosos.","Ensaios acontecem no Salão Paroquial da Igreja Ucraniana da Santíssima Trindade Rua Domingos Benvenuto Moletta, 16.100",Consultar,,true,,,41996396508,@gruposoloveiko,,,Estacionamento,,,,,,,,,,Grupo Folclórico Soloveico
empreendimentos,,,"Restaurantes, Bares e Cafés",,,Consultar,,false,,,,,,,,,,,,,,,,,Capa
atrativos,Rota das Colônias,História e Cultura,,"Essa receita vem das práticas de conservação de alimentos dos caçadores poloneses. É um símbolo da cozinha polonesa. Também conhecido como ""guisado de repolho"", o bigos é um prato tradicional polonês feito com chucrute (ou repolho fresco), carne (geralmente uma combinação de porco, salsicha e carne de boi) e especiarias. É cozido lentamente para intensificar os sabores. É frequentemente consumido em festas e durante o inverno. A tradição diz que deve ser servido no dia 26 de Dezembro.",Colônia Murici e em lugares que comercializam produtos coloniais,Consultar,,false,,,,,,,,,,,,,,,,,Bigos
atrativos,,História e Cultura,,"O Borscht é uma sopa tradicional da Europa Central e Oriental, especialmente popular na Ucrânia e na Rússia. Destaca-se pela cor vermelha da beterraba, seu ingrediente principal, podendo incluir repolho, cenoura, pepino, batata, cebola, tomate, cogumelos, carne e vinagre. É um alimento nutritivo e consistente, assemelha-se a um guisado e é geralmente servido quente, acompanhado de pão. O borsch pode ser preparado de diversas maneiras, inclusive frio. Tradicionalmente, cada povo tem a sua própria variação da receita.",Colônia Marcelino e em lugares que comercializam produtos coloniais,,,false,,Colônia Marcelino e em lugares que comercializam produtos coloniais,,,,,,,,,,,,,,,Borscht
atrativos,,História e Cultura,,"O holubtsi é um prato tradicional que pode ser preparado de várias formas, dependendo da região. Também conhecido como charuto de repolho é um prato típico ucraniano preparado com folhas de repolho recheadas com carne, arroz, trigo-sarraceno, cebola, cenoura e temperos. O prato é cozido com molho ou suco de tomate ou macarrão. Em vez de carne, pode ser usado batatas, cogumelos ou feijão.",Colônia Marcelino,,,false,,Colônia Marcelino,,,,,,,,,,,,,,,Holuptzi
atrativos,,História e Cultura,,"É um alimento simbólico, tradicionalmente servido durante a Ceia de Natal Ucraniana. A kutia é um prato doce feito com grãos de trigo cozidos, mel, nozes e, às vezes, frutas secas. Representa prosperidade e a conexão com os ancestrais. A kutia é uma parte importante das celebrações e é frequentemente acompanhada de bênçãos. Uma receita adaptada pode ser feita com trigo em semente sem casca e cozido, leite, leite condensado, creme de leite, côco, amendoim e passas.",Colônia Marcelino,Consultar,,false,,Colônia Marcelino,,,,,,,,,,,,,,,Kutiá
atrativos,Rota das Colônias,História e Cultura,,"O paczki são parecidos com os sonhos no Brasil. Esse tradicional pãozinho é coberto com açúcar e recheado com os mais diversos sabores, sendo o morango o recheio mais comum. Os Ponczki são parecidas a rosquinhas ou sonhos. E um alimento tradicionalmente consumido na 5a feira antes da Páscoa.","Colônia Murici, e lojas de doces poloneses",,,false,,,,,,,,,,,,,,,,,Paczki
atrativos,,História e Cultura,,"Pyrizhky são pãezinhos recheados que fazem parte do patrimônio culinário da Ucrânia, refletindo sua história e cultura. Eles são preparados durante todo o ano, com recheios que variam conforme a estação, podendo incluir desde purê de batatas até combinações mais inusitadas. Nas variedades salgadas, podem ser recheados com carne moída, cogumelos, ovo cozido com cebolinha ou repolho. Já nas receitas doces, o pyrizhky pode ser feito com frutas como maçã, cereja, damasco, limão ou geleias. Além de versáteis, servindo tanto para ocasiões especiais quanto para refeições simples, os pyrizhky são práticos para viagens e piqueniques, além de acompanharem bem sopas ou aperitivos. As receitas são transmitidas de geração em geração, e cada família tem sua versão especial para a massa e os recheios, tornando esse prato único e repleto de significados.",Colônia Marcelino,,,false,,Colônia Marcelino,,,,,,,,,,,,,,,Pyrizhky
atrativos,Rota das Colônias,História e Cultura,,"Pierogi é uma espécie de pastel cozido recheado com diversos tipos de ingredientes tais como ricota, carne de porco, frango, linguiça e repolho azedo, entre outros. Os recheio de ricota ou batata são os mais tradicionais.",Colônia Murici,,,false,,,,,,,,,,,,,,,,,Pierogi
atrativos,,História e Cultura,,"Comida tradicional ucraniana, frequentemente preparada para festas e reuniões familiares. Se assemelham ao pierogui polonês, pois são pastéis recheados, que podem ser preparados com uma variedade de recheios, incluindo batata, repolho, queijo e frutas (como cerejas ou mirtilos). Geralmente são cozidos e podem ser servidos com manteiga, cebolas e bacon ou creme azedo. A versão doce de varenyky é geralmente servido com creme de leite e mel. A palavra “perohe” significa pastel em ucraniano, enquanto “vareneke” significa “massa recheada”. Ambos os nomes são usados. O primeiro é mais usado no oeste da Ucrânia e o segundo é mais ao leste.",Colônia Marcelino,,,false,,Colônia Marcelino,,,,,,,,,,,,,,,Varéneke ou perohé
atrativos,,História e Cultura,,,,,,false,,,,,,,,,,,,,,,,,Capa
atrativos,Rota das Colônias,História e Cultura,,"Caminho de pedra que ligava o Planalto de Curitiba ao Litoral, passando por São José dos Pinhais. Datado do século XVIII. Há referência que indicam que a região sudeste de São José dos Pinhais (possivelmente áreas que hoje são próximas da Colônia Murici ou regiões cortadas pela BR-277) integravam esse antigo trajeto. Historiadores supôem que ele tenha sito aberto entre 1580 e 1600.",Serra da Graciosa (Pilão de Pedra e em outros locais no município),,,false,,Serra da Graciosa (Pilão de Pedra e em outros locais no município),,,,,,,,,,,,,,,Caminho do Arraial
atrativos,,História e Cultura,,"Antiga trilha histórica que ligava o litoral norte de Santa Catarina ao planalto paranaense, mais especificamente de São Francisco do Sul (SC) à Curitiba. Estima-se que a trilha tenha sido usada por 350 anos por indígenas, desbravadores, colonizadores e mascates. É associada a lendas e histórias locais. A trilha desempenhou um papel crucial na integração comercial e na colonização da região sul do Brasil. Atualmente, encontra-se em estado de abandono em muitos trechos, mas ainda preserva vestígios, como calçamento de pedras e valas em alguns pontos. Existe uma proposta de revitalização para resgatar sua memória e transformá-la em um atrativo de ecoturismo, promovendo a preservação ambiental e o desenvolvimento sustentável das comunidades locais.","Caminho Originario na atual BR376 subindo de Joinvile, Santa Catarina, Atual rua Antonio Singer e Isaura Ravaglio da Rocha",,,false,"Possível origem do nome: a planta ambrósia, encontrada no caminho e associada à flora portuguesa, ou a um antigo morador da região chamado Ambrósio. Ambas aparecem em registros históricos e na tradição oral.","Caminho Originario na atual BR376 subindo de Joinvile, Santa Catarina, Atual rua Antonio Singer e Isaura Ravaglio da Rocha",,,,,,,,,,,,,,,Caminho dos Ambrosios
atrativos,Rota das Colônias,História e Cultura,,"Criada em 2006 no prédio da primeira escola local, a Casa da Cultura Padre Karol Dworaczek oferece um mergulho na rica história e cultura polonesa. A casa busca resgatar e valorizar a contribuição dos imigrantes poloneses para a cidade. A casa pertenceu às irmãs da Sagrada Família. Antigo Colégio das Irmãs. O acervo diversificado inclui utensílios domésticos, equipamentos agrários usados pelos primeiros colonos e uma biblioteca comunitária. Oferece visitas guiadas e palestras.","R. João Lipinski, 1001",Consultar,,true,,"R. João Lipinski, 1001, CEP 83085-220",4136351545,,,,"Estacionamento, Acessibilidade, Visita Guiada",,,,,,,,,,Casa da Cultura Polonesa
atrativos,,História e Cultura,,"Complexo cultural, tambem conhecido como centro João Senegaglia, por estar instalado no prédio de 1904 onde funcionou a Fábrica Metalúrgica Senegaglia, primeira indústria do município. É uma instituição dedicada à promover a cultura, arte e educação. Abriga o Espaço João Senegáglia, Museu do Boneco Animado, Galeria Municipal de Artes, oficina de bonecos, Escola e Secretaria de Cultura, sala de apresentação, sala de acervo dos bonecos, sala de aula de teatro da Escola de Cultura.","Rua XV de Novembro, 1800",,,false,,"Rua XV de Novembro, 1800, CEP 83005-010",4133815917,,,,,,,,,,,,,,Centro  Cultural João Senegaglia
atrativos,Ciclotur,História e Cultura,,"A estrutura em ruínas abriga 40 fornos de formato arredondado, anteriormente utilizados na queima de madeira para a produção de carvão vegetal. Dispostos em duas filas paralelas, os fornos podem ser facilmente identificados por imagens de satélite. O local integra a rota de ciclistas, porém, devido ao estado de abandono e aos frequentes atos de depredação, a visitação encontra-se atualmente restrita. Os Forninhos da Papanduva da Serra formam parte da historia das colônias quando ainda não havia nem gás nem energia eletrica, e as florestas de lenha começavam a diminuir. O proprietário tem planos de tranformar o local em um atrativo turístico.",Fazenda Catas Altas Propriedade privada,,,true,,Fazenda Catas Altas Propriedade privada,41999152211,,,,,,,,,,,,,,Fornos da Fazenda Catas Altas
atrativos,,História e Cultura,,"Foi o primeiro museu no gênero no Brasil. Iniciou suas atividades em 2000 como o objetivo de difundir a cultura bonequeira no município. Seu acervo inicial foi formado a partir de oficinas ministradas para a comunidade e por doações de bonequeiro brasileiros. Hoje, seu principal objetivo é proporcionar à população experiências lúdicas educacionais e conservar o patrimônio artístico local. Seu público é variado, sendo composto por estudantes, moradores da cidade e turistas. Conta com a parceria da Oficina de Bonecos que, além de desenvolver atividades conjuntas, restaura e dá manutenção nos bonecos e cria espetáculos, incluindo a produção do Carnaval de Bonecos de São José dos Pinhais que já se tornou uma tradição no calendário do Paraná.","Centro de Vivências Cultural João Senegaglia Rua XV, 1820",Consultar,,true,,"Centro de Vivências Cultural João Senegaglia Rua XV, 1820, CEP: 83015-140",4133815901,,https://www.sjp.pr.gov.br,,"Acessibilidade, Estacionamento",,,,,,,,,,Museu do Boneco Animado
atrativos,,História e Cultura,,"A sede atual é um edifício histórico, construção em alvenaria de dois pisos, de linha arquitetônica eclética, que anteriormente abrigou simultaneamente os poderes Executivo, Legislativo e Judiciário. O Museu Municipal Atílio Rocco foi criado pela lei 34/77, de 19 de setembro de 1977, e denominado pelo decreto 35/81, de 27/2/1981. Idealizado pelo Sr. Ernani Zétona, concretizou-se graças ao empenho do Lions Clube de São José dos Pinhais.","Rua XV de Novembro, 1660",,,true,,"Rua XV de Novembro, 1660, CEP 83005-000",4133815900,https://linktr.ee/museu.atilio.rocco,,,"Estacionamento, Visita Guiada",,,,,,,,,,Museu Municipal Atílio Rocco
atrativos,Rota das Colônias,História e Cultura,,"Ao lado da estrada, aproximando-se do lago da propriedade, onde hoje são vistas uma pequena barragem e um canal com água corrente, havia o maior moinho de trigo e centeio da colônia Marcelino, pertencente à família do Sr. Albert Inkot. O moinho foi de extrema importância para os colonos na época pois tinha como principal função a moagem de trigo, transformando-o em farinha, que era essencial para a produção de pão e outros produtos alimentícios. A moagem era uma atividade vital para a comunidades especialmente em um período em que a autossuficiência alimentar era uma prioridade.","R. Ver. Benvenutto Moletta, na Chácara Ienkot, próximo à lagoa, avista-se os canais de água corrente.",,,false,"História do Trigo e da Cultura Ucraniana, Local de beleza cênica para ser apreciado, especialmente nas primeiras horas do dia ou final de tarde.","R. Ver. Benvenutto Moletta, na Chácara Ienkot, próximo à lagoa, avista-se os canais de água corrente.",,,,,Estacionamento,,,,,,,,,,Ruínas do Moinho Ienkot
atrativos,,Patrimônio Tombado,,Neste sítido foram encontradas ferramentas de pedras usadas pelos primeiros ocupantes da região. Sua importância é justificada pela sua antigüidade e pelo grau de preservação dos materiais que alí foram encontrados.,Perto do Rio Pequeno na tripla divisa com Piraquara e Morretes,,,false,,,,,,,,,,,,,,,,,Sítio arqueológico Céu Azul
atrativos,,Patrimônio Tombado,,"Trata-se de um sítio lítico, local onde predominam artefatos de pedra, como pontas de flecha, lascas, núcleos, raspadores, percutores e lâminas. Sua relevância é reconhecida por seu excelente estado de preservação e por sua contribuição essencial ao estudo do povoamento pré-histórico das terras altas do sul do Brasil. No local foram identificados instrumentos confeccionados em quartzo e outras rochas, indicando a presença de antigos acampamentos de caçadores-coletores. As escavações, coordenadas pelo Museu de Arqueologia e Etnologia da USP, utilizaram métodos estratigráficos e tipológicos, revelando dados importantes sobre a mobilidade, a tecnologia lítica e a adaptação ambiental dos primeiros habitantes da região. É considerado um dos mais antigos do planalto de Curitiba, com vestígios de ocupação humana datados de mais de 5.000 anos.",Na Barragem Miringuava,,,false,,Na Barragem Miringuava,,,,,,,,,,,,,,,Sítio arqueológico João Bueno
atrativos,,Turismo Religioso,,,,,,false,,,,,,,,,,,,,,,,,Capa
atrativos,,Patrimônio Cultural,,"Construída pela família Morenda por volta de 1920. Construção em alvenaria com cobertura em telha, de um único pavimento, sofreu alterações na construção original. Mantém o piso original. Foi colocada uma imagem do Senhor Bom Jesus doada por um casal de imigrantes italianos para afugentar a assombração que alí aparecia. Essa igreja lembra a antiga tradição religiosa dos sãojoeenses. Sua revitalização foi finalizada e entregue à população em 2018. Tombada como patrimônio cultural do município pelo Decreto 125/82. O proprietário do terreno, João Marenda, resolveu erguer uma gruta para abrigar a imagem. A gruta foi substituída por uma capela de alvenaria com doações da comunidade. A imagem original também foi substituída. O piso permanece original. A árvore mal assombrada era uma caingá (Moldenhawera floribunda), apreciada por sua madeira e propriedades medicinais. Em 1908 um raio atingiu a árvore. A imagem caiu no chão e permaneceu intacta.",Rua Barão do Serro Azul Esquina com Rua Etore Morenda.,,,false,,"Rua Barão do Serro Azul Esquina com Rua Etore Morenda., CEP: 83025-190",,,https://bomjesussjp.com.br/a-capelinha/,,Estacionamento,,,,,,,,,,Capelinha Bom Jesus
atrativos,Caminho do Vinho,Turismo Religioso,,"Esta singela capelinha foi construída em alvenaria pelo italiano José Moro Filho em 1949 e é dedicada à Nossa Senhora das Graças. Possui interessante formato de cone, não possui torre ou sino, apenas uma pequena cruz em sua cobertura. Restaurada em 1992 e tombada pelo Decreto Municipal 125/85. É um local singelo. Visitá-lo é como uma viagem no tempo. Um refúgio tranquilo que convida os visitantes a contemplarem a si mesmos e à serenidade que a natureza proporciona.",O inicio da escadaria que leva à capelinha fica quase em frente ao Centro Catequético Lúcia Buganicho / Capela Nossa Sra das Graças e São José Rua Izaura Ravaglio da Rocha proximo do entroncamento com a Alameda Boa Esperança.,Consultar,,true,,O inicio da escadaria que leva à capelinha fica quase em frente ao Centro Catequético Lúcia Buganicho / Capela Nossa Sra das Graças e São José Rua Izaura Ravaglio da Rocha proximo do entroncamento com a Alameda Boa Esperança.,,,,,Estacionamento,,,,,,,,,,Capelinha N. Sra. das Graças Alto Boa Vista
atrativos,,Turismo Religioso,,"Fundada em 1986, no lugar da capela atual havia uma antiga capela de madeira.","Av. Max Brose, S/N, após o último estacionamento da Brose do Brasil. Essa pequena avenida fica ao lado da Av. Voksvagen Audi, próximo da marginal da BR 376.",,,false,,"Av. Max Brose, S/N, após o último estacionamento da Brose do Brasil. Essa pequena avenida fica ao lado da Av. Voksvagen Audi, próximo da marginal da BR 376. CEP: 83090-670",,,,,,,,,,,,,,,Capela N. Sra. das Graças
atrativos,Caminho do Vinho,Turismo Religioso,,"Capela localizada no Caminho do Vinho, organiza várias atividades em prol da comunidade e apoia iniciativas tais como a Caminhada da Natureza. É uma igreja bastante presente na história da região. Além de local de encontro de devotos e fiéis da comunidade, é um local que atrai o turismo religioso.","R. Júlio César Setenareski, 2671",,,false,,"R. Júlio César Setenareski, 2671, CEP 83085-290",,,,,,,,,,,,,,,Capela N. Sra. da Imaculada Conceição
atrativos,,Turismo Religioso,,"Pequena capela construída em 1933, encontra-se rodeada por terrenos cultivados. Possui uma arquitetura simples e sua pintura azul claro com contornos brancos harmoniza com a paisagem dos campos verde em seu entorno.",Rua João Bortolan,Consultar,,false,,Rua João Bortolan,,,,,,,,,,,,,,,Capela N. Sra. de Lourdes
atrativos,,Turismo Religioso,,Capela construída há mais de 80 anos. Possui arquitetura típica das igrejas das colônias italianas e polonesas.,"R. Ermeson Grebogue, 2889 esquina com R João Maiczak",,,false,,"R. Ermeson Grebogue, 2889 esquina com R João Maiczak",,,,,,,,,,,,,,,Capela N. Sra. das Neves
atrativos,Caminho do Vinho,Patrimônio Tombado,,"Capela centenária, tombada como Patrimônio histórico pelo Decreto 04/96. A Irmandade de Nossa Sra do Rosário foi fundada em 1924. A capela apresenta um estilo arquitetônico simples, típico das construções religiosas rurais da época, com características que lembram a arquitetura colonial. Sua estrutura é feita principalmente de alvenaria, com elementos que mostram a influência das tradições locais. Com vitrais do tamanho das janelas laterais, dois confessionários, piso, paredes pintadas e teto decorado. No altar central, encontram-se estações em cerâmica entalhada e escurecida; banco em madeira. Na parede à esquerda, N. Sra. do Rosário, e à direita, Madalena. As laterais possuem anjinhos pintados e em sua extensão a imagem de N. S. dos Milagres. À esquerda Sagrado Coração de Jesus e réplica pequena imagem de N. S. dos Milagres.","Próxima à capela moderna N. Sra dos Milagres, localizada R. Benjamim Negoseki, 8500 Miringuava. Entrar na Rua Particular, ao lado da Igreja nova e seguir adiante. A Igreja logo poderá ser vista.",,,false,,"Próxima à capela moderna N. Sra dos Milagres, localizada R. Benjamim Negoseki, 8500 Miringuava. Entrar na Rua Particular, ao lado da Igreja nova e seguir adiante. A Igreja logo poderá ser vista. CEP: 83021-200",,,,,,,,,,,,,,,Capela N. Sra. dos Milagres
atrativos,Rota das Colônias,Turismo Religioso,,"Capela simples, localizada em um ponto de beleza cênica que serve de ponto de parada para ciclistas. É uma Igreja reconstruida. Localiza-se rodeada pela vegetação local.","Rua Padre Stanislaw Turbanski, próximo da Pousada Estância Carmelo.",Consultar,,false,,"Rua Padre Stanislaw Turbanski, próximo da Pousada Estância Carmelo.",,,,,,,,,,,,,,,Capela N. Sra. do Perpétuo Socorro
atrativos,Rota das Colônias,Patrimônio Tombado,,"Capela dedicada a Santo Antônio, realiza anualmente, no mês de julho, uma tradicional festa em homenagem ao padroeiro, com cavalgada, missa, bênção dos pães e procissão. Realiza também tradicional coroação de Nossa Senhora.","Rua João Percegona Zen, 1660",Consultar,,false,,"Rua João Percegona Zen, 1660",,@capsantoantonio1924,,,,,,,,,,,,,Capela Santo Antônio Colônia Acioli
atrativos,,Turismo Religioso,,"Capela dedicada à Santo Antônio. Realiza anualmente, no mês de julho, a Grandiosa Festa em Homenagem ao Padroeiro, na Colônia Rio Grande, com realização de carreata.","Estrada Ver. Domingos Benvenuto Moletta, s/n",,,false,,"Estrada Ver. Domingos Benvenuto Moletta, s/n",,@capelasantoantoniocotia,,,,,,,,,,,,,Capela Santo Antônio Cotia
atrativos,,Patrimônio Tombado,,"Construção em alvenaria com cobertura com telhas, um único pavimento, tendo torre e sino na parte interna da Capela. Tombado pelo Decreto 082/95. O altar é em madeira entalhada. No pátio há uma cruz erigida em 1986, marcando a passagem de missionários. Preserva a cultura dos migrantes italianos da região. Arquitetura diferenciada","Rua Francisco Dal Negro, 16",Consultar,,false,,"Rua Francisco Dal Negro, 16",,@paroquiasantoantonio_sjp,,,,,,,,,,,,,Capela Santo Antônio Colônia Rio Grande
atrativos,,Turismo Religioso,,"A tradicional do padroeiro ocorre no mês de junho, com a realização de missa e almoço (churrasco).","R. Pedro Chulis, S/N",Consultar,,false,,"R. Pedro Chulis, S/N",41992372632,@capela_saojoaobatista1939,,,,,,,,,,,,,Capela São João Batista
atrativos,Rota das Colônias,Turismo Religioso,,A Igreja também é conhecida como Capela da Costeira. A grandiosa festa em louvor ao padroeiro São Paulo Apóstolo ocorre no mês de setembro. Inicia-se às 10h com missa seguida de almoço (churrasco). Na parte da tarde há shows e entretenimento com ampla participação da comunidade. Organiza o presépio vivo no período natalino. Organiza também bingos beneficentes e cavalgadas.,"Rua Dr. Murici, próxima ao portal da Colônia Murici",Consultar,,false,,"Rua Dr. Murici, próxima ao portal da Colônia Murici, CEP 83015-290",,,,,,,,,,,,,,,Capela São Paulo Apóstolo (Capela da Costeira)
atrativos,Rota das Colônias,Turismo Religioso,,"A tradicional Festa de São Pedro da Colônia Marcelino ocorre no mês de julho, com missa especial seguida de almoço. O ambiente é familiar, sendo uma ocasião de reunião da comunidade.",Rua Antônio Claudino Sobrinho,,,false,,"Rua Antônio Claudino Sobrinho, Colônia Marcelino.",,@capela.sao.pedro.col.marcelino,,,,,,,,,,,,,Capela São Pedro (Marcelino)
atrativos,Caminho do Vinho,Turismo Religioso,,A Igreja original foi construída em 1930 e demolida em 1993. Nesse mesmo ano foi construída a igreja atual.,"R. Cassemiro Levisky, 150",Consultar,,false,,"R. Cassemiro Levisky, 150, 83095-818",4136341118,,,,,,,,,,,,,,Capela São Sebastião e Divino Espírito Santo
atrativos,,Turismo Religioso,,"A capela chama a atenção por sua arquitetura e beleza cênica. Localiza-se recuada em relação à rua, no interior do quarteirão, entre duas escolas. Sua paisagem convida a uma pausa contemplativa em meio a um entorno urbanizado e industrial, marcado pela presença de diversas indústrias.","R. Francisco Munõz Madrid, 1746-1818",,,false,,"R. Francisco Munõz Madrid, 1746-1818, CEP 83070-010",,,,,,,,,,,,,,,Capela São Sebastião Vila Nova
atrativos,Caminho do Vinho,Turismo Religioso,,"Local de peregrinação dedicada à Nossa Senhora onde todos meses, fiéis e religiosos se encontram pra rezar, pedir orientação, assim como para agradecer por graças alcançadas no decorrer do ano. É um local místico, de prática do silêncio e oração. No local há uma singela capela, um bosque para caminhada em silêncio e local de penitência. Nossa Senhora Rosa Mística ou Maria Rosa Mystica, é o nome dado à aparição da Virgem Maria pela enfermeira italiana Pierina Gilli. O primeiro relato ocorreu durante a Primavera de 1947.","R. Nova Esperança s/n, próximo da empresa Ceramibalsa",,,false,,"R. Nova Esperança s/n, próximo da empresa Ceramibalsa, CEP 83021-254",4133830252,@rosamistica1988,www.rosamisticarainhadapaz.com,,Acessibilidade,,,,,,,,,,Capela Santuário Nossa Senhora Rosa Mística
atrativos,,Patrimônio Tombado,,"A Igreja atual teve sua construção iniciada em 1906 e passou por muitas reformas e benfeitorias ao longo dos anos. Em 2002 foi tombada como Patrimônio Histórico Municipal. Em 19 de março de 2007, com a criação da Diocese, passou a ser a Catedral de São José dos Pinhais. Antes de sua construção, no período de 1660 a 1888, havia no local uma pequena Capela Mortuária – São José do Patrocínio da Boa Morte, construída em madeira. A igreja era cercada por um cemitério que servia à vila então chamada Arraial Grande. Os mortos católicos foram sepultados no interior dessa igreja até o ano de 1850. Localiza-se na Praça 8 de Janeiro, do ano 1853, data em que se instalou a Câmara de Vereadores, sendo portanto, considerada a data de inauguração da cidade.",Praça 8 de janeiro.,,,false,,"Praça 8 de janeiro., CEP: 83005-010",4132820243,,www.catedralsaojose.com.br,,,,,,,,,,,,Igreja Matriz São José dos Pinhais
atrativos,,Turismo Religioso,,"A igreja é a matriz da Paróquia Nossa Senhora de Fátima e anfitriã da famosa Festa do Morango, uma celebração tradicional que une fé, cultura e agricultura. Ocorre em novembro, geralmente no segundo final de semana. Surgiu na antiga Colônia Rio Pequeno, antes de 1970, como uma comemoração dos agricultores locais pela colheita da fruta. Com o tempo, ganhou força e se consolidou em torno da Igreja Nossa Senhora de Fátima, que abriga missas campais, barracas gastronômicas e atrações culturais. A festa simboliza a união da comunidade, a prosperidade rural e a devoção religiosa, tornando-se um dos eventos mais representativos da região.","Rua Onofre Holthman, 1200",,,false,,"Rua Onofre Holthman, 1200, CEP 83085-520",4131062201,,,,,,,,,,,,,,Igreja N. Sra. de Fátima
atrativos,,Turismo Religioso,,"Foi reconstruída em 1950 no lugar de uma antiga igreja de madeira. Com arquitetura típica das capelas do interior, está situada no coração da comunidade rural da Faxina. Sua principal celebração é a Festa em Louvor à Imaculada Conceição, padroeira local, realizada em dezembro com missa solene, procissão e intensa participação da comunidade. A festividade integra fé e vida no campo, com procissões de tratores, máquinas agrícolas, caminhadas até a igreja e bênçãos de veículos e agricultores. A capela também é ponto de partida e chegada do Circuito Faxina, passeio ciclístico que articula esporte, espiritualidade e turismo de base comunitária, mobilizando os moradores em uma demonstração de acolhimento e celebração coletiva.","Rua Carlos Kuzma, sem número",Consultar,,false,,"Rua Carlos Kuzma, sem número",,,,,,,,,,,,,,,Igreja N. Sra. Imaculada Conceição
atrativos,Rota das Colônias,Turismo Religioso,,"A primeira capela foi construída em 1879. A igreja atual é fruto de diversas ampliações. A comunidade paroquial foi criada em 4 de outubro de 1911, sendo a igreja um marco da colonização polonesa e italiana na região. A edificação possui uma bela arquitetura, inserida em uma paisagem de grande valor cênico. É toda pintada com afrescos e a beleza do seu interior também se destaca especialmente durante as festividades, quando é ornamentado com produtos das colheitas — flores, verduras e frutas — conforme a celebração. Integra a Rota dos Caminhos da Colônia Murici, compondo o roteiro de turismo rural da região.","Rua João Lipinski, 921",,,false,,"Rua João Lipinski, 921",4136351144,,,,,,,,,,,,,,Igreja Sagrado Coração de Jesus
atrativos,Rota das Colônias,Turismo Religioso,,"Igreja Católica Ucraniana, de arquitetura imponente, que se destaca na paisagem da colônia. Segue o rito ucraniano de celebração da missa. No local há duas igrejas: A menor e mais antiga foi a segunda igreja da Colônia Marcelino, inaugurada em maio de 1931 pelo padre Josafat Chomen. Beleza arquitetônica e beleza cênica.",Rua Ver. Bemvenutto Moletta,Consultar,,false,,"Rua Ver. Bemvenutto Moletta, Colônia Marcelino.",,,,,,,,,,,,,,,Igreja Santíssima Trindade
atrativos,Caminho do Vinho,Turismo Religioso,,"Capela centenária, localizada na comunidade de Campo Largo da Roseira, em Campina do Taquaral. É um importante símbolo de fé e tradição que destaca-se por sua bela arquitetura, amplo estacionamento e salão espaçoso, onde ocorrem eventos religiosos e comunitários. Entre as celebrações mais tradicionais está a festa de seu padroeiro, a Grandiosa Festa de Louvor a São Sebastião, realizada em janeiro. Realiza também festas e eventos tais como festas juninas, bingos, tardes festivas e almoços que reúnem a comunidade em momentos de confraternização. Os fiéis também participam ativamente da ornamentação da igreja em ocasiões especiais, mantendo viva a devoção e a cultura local.",Rua Antonio Singer perto Rua Bemvenutto Moletta,,,false,,Rua Antonio Singer perto Rua Bemvenutto Moletta,,@saosebastiaosjp,,,Estacionamento,,,,,Rua Antonio Singer perto Rua Bemvenutto Moletta,,,,,Igreja São Sebastião Campo Largo da Roseira
atrativos,Rota das Colônias,Turismo Religioso,,"Integra a Paróquia Sagrado Coração de Jesus com sede na Colônia Murici. A Tradicional Festa de São Sebastião, padroeiro da capela, ocorrem em janeiro, na qual são realizadas novenas, missa solene e procissão. A missa é seguida de almoço comunitário. Também é sede de eventos formativos, como encontros diocesanos e de expressões da Renovação Carismática Católica.","R. Antônio Greboge, 6100",Consultar,,false,,"R. Antônio Greboge, 6100",4136351144,https://www.facebook.com/capelasaosebastiao.coloniamalhada,,,,,,,,,,,,,Igreja São Sebastião Malhada
atrativos,,Patrimônio Tombado,,"Túmulo da Família Killian, construído em 1918, em alvenaria com linhas arquitetônicas ecléticas, guarda os restos mortais do 3° prefeito de São José dos Pinhais. As pinturas internas foram retiradas.","Cemitério Municipal, à Rua XV de Novembro, esquina com a Rua Izabel Redentora.",,,false,,"Cemitério Municipal, à Rua XV de Novembro, esquina com a Rua Izabel Redentora.",,,,,,,,,,,,,,,Mausoléu Killian
atrativos,,Turismo Religioso,,"É adminstrada pela Sociedade do Verbo Divino (SVD). Possui rara imagem do Cristo ressurrecto, saindo da cruz.","R. Profa. Olivia Nogueira, 261",Consultar,,false,,"R. Profa. Olivia Nogueira, 261, 83020-030",4138821394,,,,,,,"Imagem de São Pedro na entrada; ao lado capela em forma de gruta com imagens de santos, cuja principal é Nossa Senhora das Graças. Acontece todo ano a Grandiosa Festa de São Pedro, com desfile de cavaleiros e carroceiros, e festa junina.",,,,,,,Paróquia de São Pedro
atrativos,Rota das Colônias,Patrimônio Cultural,,A arquitetura do portão reflete o estilo de ordenamento de detalhes típicos da cultura polonesa. É um símbolo importante do respeito pela herança e memória dos antepassados.,"Rua João Lipinski, 921, atrás da Casa de Cultura Polonesa",,,false,,"Rua João Lipinski, 921, atrás da Casa de Cultura Polonesa",,,,,,,,,,,,,,,Portão do Cemitério da Colônia Murici
,,,,,,,,false,,,,,,,,,,,,,,,,,Item_Sem_Nome
,,,,,,Consultar,,false,,,,,,,,,,,,,,,,,Item_Sem_Nome
,,,,,,,,false,,,,,,,,,,,,,,,,,Item_Sem_Nome
atrativos,Destinos do Campo,Atrativos Rurais,,"Local especializado na prática de Airsoft, um tipo de esporte de aventura. O Airsoft é um esporte de simulação tática em que participantes utilizam réplicas de armas para disparar projéteis plásticos não letais. As partidas envolvem estratégias e trabalho em equipe, com objetivos variados, como capturar bandeiras ou eliminar adversários. O Esporte é praticado em locais autorizados, exige o uso de proteção para evitar lesões e respeito às legislações.",Rua Matozo S/N,Consultar,,true,,"Rua Matozo S/N, Área Rural",41991881843,@battlefieldairsoft_,airsoft-battlefield.webnode.page/,,Estacionamento,,,,,,,,,,Airsoft Battlefield
atrativos,,,,,,,,,,,,,,,,,,,,,,,,,Autódromo de São José dos Pinhais
atrativos,Rota das Colônias,Atrativos Rurais,,"Famoso ponto de encontro para a comunidade para partidas bem organizadas de futebol. Teve início como uma chácara familiar onde eram organizadas partidas entre parentes e amigos. O local cresceu e se tornou ponto de referência para o futebol local e para a região metropolitana de Curitiba, se realiza a famosa Copa Déio de Futebol.","R. José Francisco Negoseki, 390,",,,false,,"R. José Francisco Negoseki, 390, Zacarias, CEP 83020-838",41992358796,@campo-do-deio; @rotadascoloniassjp,www.rotadascolonias.com.br/associado/campo-do-deio/,,"Estacionamento, Acessibilidade, Pet Friendly, Restaurante",,,,,,,,,,Campo do Déio
atrativos,,Atrativos Urbanos,,Os campos de Futebol do Élcio compõe o complexo de lazer do famoso Elcio do Bolinho. Ver detalhalhes no Bar do Élcio do Bolinho,"R. José Francisco Negoseki, 1025",Consultar,,false,,"R. José Francisco Negoseki, 1025, CEP: 83020-838",,,,,,,,,,,,,,,Campos do Elcio Futebol
atrativos,,Atrativos Urbanos,,"O Centro de Esportes e Lazer Max Rosenmann oferece uma ampla gama de atividades para todas as idades, promovendo saúde, bem-estar e integração social. O centro é um espaço completo para a prática esportiva, oferecendo opções diversificadas que atendem a todos os perfis. Crianças, jovens, adultos e idosos podem participar de modalidades esportivas como futsal, voleibol, basquetebol e também de xadrez. Oferece artes marciais tais como aulas de judô, karatê, capoeira, jiu-jitsu, taekwondo e muay thai e também treinos funcionais com ginástica aeróbica e aulas de ritmos.",Av. Rui Barbosa 4997,,,false,,"Av. Rui Barbosa 4997, CEP 83045-350",4132836673,@ginasio-de-esportes-e-lazer-max-rosenmann,,,,,,,,,,,,,Centro de Esportes e Lazer Max Rosenmann
atrativos,Caminho do Vinho,Atrativos Urbanos,,"Estádio Municipal Cilmar Pedro Goergen conhecido como Estádio do Pinhão, está equipado com grama sintética e possui capacidade de 5200 espectadores.","R. Antônio Môro, 105",,,false,,"R. Antônio Môro, 105, CEP 83010-300",4135871362,@estadio-municipal-do-pinhao,,,,,,,,,,,,,Estádio do Pinhao Futebol
atrativos,,Atrativos Rurais,,"Local de beleza cênica, fundado em 1987. Funciona como uma associação sem fins lucrativos mantida por associados. O clube promove atividades sociais, esportivas com destaque para o golfe. Oferece opção de Day Use e locação para eventos. Beleza cênica, floração das cerejeiras japonesas.","BR 376, KM 626",,,false,,"BR 376, KM 626, Guaraituba, 83005-970",41984820091,@laspalmasgolf_oficial,www.laspalmasgolfclub.com,,"Estacionamento, Acessibilidade, Piscina, Churrasqueira, Restaurante",,,,,,,,,,Golf Las Palmas Country Club
atrativos,,Atrativos Urbanos,,"Fundado pelo Sr. Clemente Moletta, um dos criadores de cavalo mais antigos do Brasil, que é reconhecido nacionalmente como uma lenda do turfe brasileiro. Passou a localizar-se no centro da cidade devido ao crescimento urbano. O haras é conhecido pela sua tradição na criação de puro-sangue inglês de alta qualidade e pelos leilões no mercado nacional e internacional. Possui diversos cavalos campeões em corridas no Brasil e exterior.","Av. Rui Barbosa, 7695 Centro",Consultar,,false,,"Av. Rui Barbosa, 7695 Centro, CEP: 83005-340",41996017545,@harasclementemoletta,,,Estacionamento,,,,,,,,,,Haras Clemente Moletta
empreendimentos,,,Apoio ao Turista,"O Haras Fortaleza iniciou suas atividades em 1975, com a criação de cavalos puro sangue inglês, consolidando seu nome no Jockey Clube do Paraná e na Associação Paranaense de Criadores de Cavalos de Corridas. Foi transformado em um espaço sofisticado que oferece serviços completos para eventos como casamentos, festas de debutantes e corporativos. Possui uma paisagem que combina elementos rústicos e elegância.","Rua Antônio Singer, 7683",,,false,,"Rua Antônio Singer, 7683",41999546463,@espacoharasfortaleza,www.harasfortaleza.com.br,,,,,,,,,,,,Haras Fortaleza
atrativos,,Atrativos Rurais,,"Propriedade rural voltada à criação de cavalos da raça Puro-Sangue Inglês. Realiza regularmente leilões voltados à reprodução animal, como o “Grande Leilão de Reprodução”, com transmissões pelas emissoras especializadas TV Turfe e TV Jockey.","R. Antônio Greboge, S/N",Consultar,,false,,"R. Antônio Greboge, S/N",41996574108,@harasdosgirassois,,,,,,,,,,,,,Haras Girassóis
atrativos,,Atrativos Rurais,,"Com mais de 50 anos de história, o haras é reconhecido nacional e internacionalmente, destacando-se pela alta qualidade na criação de cavalos puro-sangue inglês e pela busca por animais campeões. É um dos melhores estabelecimentos do país na criação de animais pensionistas, produzido cavalos campeões, alguns deles exportados para Estados Unidos e Dubai. Possui expressiva contribuição para o desenvolvimento do turfe brasileiro. Recebe visitas de cunho educativo e científicas previamente agendadas.","Estrada Vereador Domingos Benvenuto Moletta, 4500",,,true,,"Estrada Vereador Domingos Benvenuto Moletta, 4500",41999734196,@harassantarem,www.harassantarem.com.br,,Estacionamento,,,,,,,,,,Haras Santarém
atrativos,,Atrativos Urbanos,,"O Kartódromo Kart Park é um dos mais tradicionais do Paraná. Oferece uma estrutura completa para praticantes de kart, com serviços como aluguel de karts, equipamentos de segurança, bar e restaurante. Já foi local de treino do piloto Ayrton Senna. É homologado pela Confederação Brasileira de Automobilismo, garantindo a qualidade e segurança da pista. Possui uma pista desafiadora, realiza diversos eventos, sendo uma opção de lazer para todas as idades. Possui 720 m ao ar livre. Realiza anualmente o Festival de Kart Vintage. Sua pista é considerada uma das melhores do Brasil, com 720 metros de extensão e 14 curvas desafiadoras.","Rod. Br 376, 12455",,,false,,"Rod. Br 376, 12455, CEP: 83015-000",41985021003,@kartpark376,,,"Estacionamento, Acessibilidade, Restaurante, Eventos",,,,,,,,,,Kartódromo Kart Park Esporte e Lazer
atrativos,,Atrativos Rurais,,"Park Ball é um centro poliesportivo e de eventos, com uma grande área verde, oferecendo churrasqueiras e piscina aos usuários. Atua no ramo de clubes e estádios. A propriedade era do Sr. Luiz Orso e foi herdada por seu filho, Donato Orso que atualmente gerencia o local com a ajuda da filha, Juliana Orso. O local é usado como ponto de saída de algumas edições do evento da Cavalgada do Batom.","R. José Zancheta Filho, 1255",,,false,,"R. José Zancheta Filho, 1255, CEP 83021-430",41991090341,@parkball01,,,"Estacionamento, Acessibilidade, Piscina, Churrasqueira, Eventos",,,,,,,,,,Park Ball
empreendimentos,Caminho do Vinho,,Restaurantes,"Empreendimento da Família Obiava, o pesca e pague oferece carpas, tilápias, bagres para pesca nos tanques do espaço. O local possui um restaurante que oferece porções de peixe, bolinho de aipim com carne seca, vinhos, queijos, sorvetes e doces coloniais.",R. Augusto Micrute 2903,,,false,,"R. Augusto Micrute 2903, CEP 83075-182",4136351020,@peskpaguebeirario,,,,,,,,,,,,,Pesque e pague Beira Rio
atrativos,Caminho do Vinho,Atrativos Rurais,,"É um dos maiores e mais tradicionais espaços de lazer para a família dos apreciadores da pesca. Oferece um amplo espaço para pescaria e uma lanchonete que serve porções e salgados. Destaque para o espetinho de peixe com queijo, um dos pratos em destaque no festival da tilápia. Atrai também o público feminino. Os clientes também podem adquirir filés de tilápia fresquinhos e produtos coloniais para levar para casa.","Rua João Bortolan, 257",,,false,,"Rua João Bortolan, 257, CEP 83085-060",4136351179,@peskpaguecachimbo,,,"Estacionamento, Acessibilidade, Lanchonete",,,,,,,,,,Pesque e pague Cachimbo
atrativos,,Atrativos Rurais,,"O Pesque e Pague Dissenha é um local com uma proposta de oferecer lazer para toda a família e/ou ainda se reunir com amigos. Possui 8 tanques de pesca (tilápia, carpa, traíra, bagre, lambari), quiosques com churrasqueiras, parquinho infantil, salão para eventos, campo de futebol, bosques e lanchonete com porções variadas.",R. Gerônimo Grebogi,,,false,,"R. Gerônimo Grebogi, CEP 83149-899",419924284814136341236,,www.borapescar.com/pesque-e-pague/pesque-e-pague-dissenha/,,"Lanchonete, Churrasqueira, Área Kids",,,,,,,,,,Pesque e pague Dissenha
empreendimentos,,,"Restaurantes, Bares e Cafés","O local combina lazer e gastronomia, oferecendo restaurante com comida caseira, porções e cerveja gelada, além da pescaria. Às sextas-feiras, realiza um animado Happy Hour com moda de viola a partir das 20:00 e feijoada aos sábados. Além disso, o local é palco de diversos eventos e disponibiliza locações de churrasqueiras e espaços para eventos. É um dos mais antigos da região e um dos destaques do restaurante é o Abacaxi do Didi, que atrai pessoas de longe para apreciar.","Rua Elias Pedro Saad, 40",Consultar,,false,Eleito melhor pesca e pague de 2023 da cidade. Abacaxi do Didi,"Rua Elias Pedro Saad, 40, CEP 81935-420",41996674908,@pesque-e-pague-do-didi,,,"Estacionamento, Acessibilidade, Restaurante, Lanchonete, Churrasqueira, Área Kids, Eventos",,,,,,,,,,Pesque e pague do Didi
atrativos,,Atrativos Rurais,,"Pesca e Pague Papanduva é um local tanto para quem gosta de pescar com lagos com tilápias e carpas, quanto para quem busca apenas relaxar. Possui áreas verdes, deck de madeira e um ambiente familiar.",R. São Josemaria Escrivá,,,false,,,41988308849,,www.borapescar.com/pesque-e-pague/pesque-e-pague-papanduva/,,"Estacionamento, Churrasqueira, Área Kids, Eventos, Lanchonete",,,,,R. São Josemaria Escrivá,,,,,Pesque e pague Papanduva
atrativos,,Atrativos Rurais,,"Oferece pesca de tilápias, carpa cabeçuda, traíra e dourado. O local proporciona tranquilidade e contato com a natureza para quem gosta de pescar com a família ou simplesmente passar o dia. É muito elogiado pelo público feminino; possui paisagismo bem cuidado; oferece 9 opções de caipirinha, sendo a capirinha de morango e a de abacaxi com uva as mais pedidas.","R. São Josemaria Escrivá, 2071",,,false,,"R. São Josemaria Escrivá, 2071, Rio Pequeno, colônia Gamelas, CEP 83085-344",41991590466,@pesquepaguerecantodasflores,,,"Estacionamento, Acessibilidade, Restaurante, Área Kids",,,,,,,,,,Pesque e Pague Recanto das Flores
empreendimentos,,,"Restaurantes, Bares e Cafés","É o pesque e pague mais antigo da cidade, iniciou suas atividades em 1993. Iniciou com a criação de peixe e depois agregou valor ao negócio com a inauguração de um restaurante e lanchonete com receitas autorais. O espaço é amplo, rústico e familiar. Estrutura completa para pescadores. Restaurante: tilápia inteira, espetinhos, pratos fritos na hora.","R. José Francisco Negoseki, 65",,,false,,"R. José Francisco Negoseki, 65, CEP 83020-838",41991944280,@pesquepaguearuja,,,"Estacionamento, Acessibilidade, Restaurante, Lanchonete, Área Kids, Eventos",,,,,,,,,,Pesque e pague Restaurante  Arujá
empreendimentos,,,"Restaurantes, Bares e Cafés","Seguindo a tradição da família, esse pesque e pague pertence ao Roberto Dirceu Júnior, filho do Sr. Roberto, criador do mais antigo pesca e pague da cidade. É um ambiente rústico, familiar que funciona aos finais de semana e feriado. O local oferece pesca de lambaris, tilápias, carpas e bagres, de acordo com estações do ano. Tem cancha de futebol e parquinho para crianças. Pesca e área de lazer para família, mesas em área coberta. Restaurante oferece pratos e porções. Destaque para tilápia inteira, postas ou filé, camarão frito e sashimi.","Rua do Piquete s/n, próximo ao entrocamento com a R. Gralha Azul",Consultar,,false,,"Rua do Piquete s/n, próximo ao entrocamento com a R. Gralha Azul, CEP 83090-990",41991244210,@pesque_pague_honorios,,,"Lanchonete, Restaurante, Estacionamento, Acessibilidade, Área Kids",,,,,,,,,,Pesque e pague Restaurante Hono-Rios
atrativos,,Atrativos Rurais,,"Criado em 2000 em uma área de capão (bosque) de pinho. O local é muito bem cuidado e possui muitas opções de lazer para quem vai como acompanhante. Oferece diversas churrasqueiras, sendo parte coberta e parte não coberta. Aos finais de semana possui uma lanchonete para atender o público. Opção para realizar aniversário de crianças. Os pescadores encontram carpa (principalmente no inverno), tilápia (no verão), bagre, eventualmente o pacú. Área de lazer e pesqueiro, com riacho para área para banho.","Rua Servidão, S/N",Consultar,,true,,"Rua Servidão, S/N, CEP 81450-400",41998029782,@capao_do_pinho,,,"Acessibilidade, Churrasqueira, Lanchonete, Área Kids",,,,,,,,,,Pesqueiro Capão de Pinho
atrativos,,Atrativos Rurais,,"É uma área de pesca e lazer para toda a família criada pelo Sr. Carlos Casturino, um entusiasta da pesca, que resolveu transformar o entusiasmo em um negócio. Possui um restaurante famoso pelos espetinhos e porções. A área é ampla e a pesca principal é a carpa cabeçuda. Os pescadores podem escolher por área de sombra ou sol e o local é ocupado por ordem de chegada. Promove campeonatos entre os pescadores. É cobrado uma diária que dá direito à cotas de pescaria.","Rua José Francisco Negoseki, 298",,,false,,"Rua José Francisco Negoseki, 298, CEP 83020-838",41999290772,@pesqueirosjose,,,"Restaurante, Lanchonete, Banheiros, Wi-Fi, Estacionamento, Acessibilidade",,,,,,,,,,Pesqueiro São José
atrativos,Destinos do Campo,Atrativos Rurais,,"Localizado próximo ao famoso pesqueiro Capão do Pinho, foi construído no terreno da família Zilotto, onde anteriormente funcionava uma antiga olaria. Este local tranquilo e de ambiente familiar oferece uma estrutura ideal para pescadores que buscam sossego, além de uma área de lazer para suas famílias.","R. Arcidio Claudino Barbosa, S/N. A entrada fica cerca de 873m da Rua Arcídio Claudino Barbosa, no caminho do Pesca e Pague Capão do Pinho Área Rural",Consultar,,false,,"R. Arcidio Claudino Barbosa, S/N. A entrada fica cerca de 873m da Rua Arcídio Claudino Barbosa, no caminho do Pesca e Pague Capão do Pinho Área Rural, CEP: 83181-000",41991142168,@velha_olaria; @pesqueiro_velha_olaria,,,"Estacionamento, Acessibilidade, Lanchonete, Churrasqueira",,,,,"R. Arcidio Claudino Barbosa, S/N. A entrada fica cerca de 873m da Rua Arcídio Claudino Barbosa, no caminho do Pesca e Pague Capão do Pinho Área Rural",,,,,Pesqueiro Velha Olaria
atrativos,Caminho do Vinho,Atrativos Rurais,,"São 64 km de percurso, passando por asfalto, estrada de terra batida e, especificamente na parte do Caminho do Vinho, em paralelepípedos.",Área Rural Cento-sul do Municipio,Consultar,,false,,Área Rural Cento-sul do Municipio,,,,,,,,,,,,,,,Rota cicloturística Caminho do Vinho
atrativos,Ciclotur,Atrativos Rurais,,"São 58 km, parte em asfalto, parte em terra batida e parte em paralelepípedos na área da Colônia Marcelino.",Área rural ao sudoeste do município e uma pequena parte no município de Tijucas do Sul,,,false,,,,,,,,,,,,,,,,,Rota cicloturística Camomilas
atrativos,Ciclotur,Atrativos Rurais,,"São 37 km de percurso de ida para a colônia, quase todo em descida pelo vale da Serra do Mar. Não é um circuito circular. Se desejar retornar pela mesma rota, serão 37 km de subida. O desnível começa a 948 m de altitude na Panificadora Nogueira, na BR-376, passa pelo ponto mais alto próximo ao mirante do Morro Redondo, com 1.095 m, e termina no Bar do Lima, na Colônia Castelhanos, a 257 m de altitude.","Área Rural ao Suldeste do município, no vale da Colônia Santos Andrade e Castelhanos",Consultar,,false,,"Área Rural ao Suldeste do município, no vale da Colônia Santos Andrade e Castelhanos",,,,,,,,,,,,,,,Rota cicloturística Colônia Castelhanos
atrativos,Ciclotur,Atrativos Rurais,,"São 45 km, parte em asfalto, parte em terra batida e parte em paralelepípedos.",Área rural ao oeste do municipio,,,false,,Área rural ao oeste do municipio,,,,,,,,,,,,,,,Rota cicloturística Olarias
atrativos,Ciclotur,Atrativos Rurais,,"São 28 km, parte em asfalto e parte em terra batida. É uma rota circular e pode ser percorrida a partir de qualquer ponto.",Área rural ao leste do municipio,,,false,,,,,,,,,,,,,,,,,Rota cicloturística Pinheiro Seco
atrativos,,Atrativos Urbanos,,"Praça dedicada à prática de Skate, reúne os apreciadores do esporte durante toda a semana.","R. Veríssimo Marques, 55",,,false,,"R. Veríssimo Marques, 55, 83005-410",,,,,Estacionamento,,,,,,,,,,Praça do Skate  (Praça do Verbo Divino)
atrativos,Rota das Colônias,Atrativos Rurais,,"Oferece uma experiência completa para apreciadores de cavalos e da natureza. Localizada próximo ao Aeroporto Afonso Pena, o espaço disponibiliza aulas de equitação e hipismo, serviços de estabulagem para cavalos e também a oportunidade de desfrutar de um ambiente integrado à beleza natural da região turística da Colônia Murici.","Rua Doutor Murici, 2363",,,false,,"Rua Doutor Murici, 2363, CEP 83015-290",41992032121,,www.vilahipicamurici.com.br,,,,,,,,,,,,Vila Hipica Murici
,,,,,,,,false,,,,,,,,,,,,,,,,,Item_Sem_Nome
empreendimentos,Rota das Colônias,,Apoio ao Turista,"Está localizado na Rota das Colônias. Oferece uma combinação de estrutura moderna com um ambiente tranquilo e integrado à natureza. É uma opção adequada para encontros corporativos, treinamentos, workshops, palestras e confraternizaçõe, incluindo eventos familiares. Sua localização estratégica, próxima ao centro da cidade e ao Aeroporto facilita o acesso de equipes vindas de diferentes regiões. Com foco na personalização, o espaço conta com uma equipe especializada na organização de eventos empresariais, oferecendo serviços adaptáveis a diferentes formatos e tamanhos de grupos. O ambiente favorece a troca de ideias, o fortalecimento de vínculos e a boa experiência dos participantes. Local para quem busca exclusividade e sofisticação.","R. José Francisco Negoseki, 4329",,,false,,"R. José Francisco Negoseki, 4329, Zacarias, CEP 83020-838",41991138986,@auroraevenntos,,,Estacionamento,,,,,,,,,,Aurora Eventos
empreendimentos,,,Apoio ao Turista,"O local possui uma arquitetura moderna com toque rústico que harmoniza vidro e madeira em um charmoso chalé. A área total é de aproximadamente 1000m². Inclui um lindo jardim para cerimônias ao ar livre e um salão para recepção. Arquitetura que combina o moderno e o rústico, jardim de beleza cênica.","Rua do Piquete, 120 83005-970",Consultar,,false,,"Rua do Piquete, 120 83005-970",41987059022,@chacarabelliti,https://bit.ly/BELLITISJP,,"Estacionamento, Acessibilidade",,,"Ideal para apresentações, casamentos, festa de quinze anos, cerimônias externas, ensaios fotográficos.",,,,,,,Belliti Chácara de eventos
empreendimentos,Destinos do Campo,,Apoio ao Turista,"A chácara oferece 24.000 m² de área bem cuidada e uma estrutura completa para celebrações. Com salão climatizado, cozinha industrial, som e iluminação, gerador a diesel, espaços ao ar livre para casamentos, piscina, campo de futebol, lagos e jardins.",Tv. São Francisco de Assis,Consultar,,false,,"Tv. São Francisco de Assis, CEP 83005-150",41995075912,@caprinieventos,https://bit.ly/CAPRINISJP,,Piscina,,,,,,,,,,Caprini  Malhada Chácara de eventos
empreendimentos,Caminho do Vinho,,Pousadas e Hotéis Rurais,"Espaço acolhedor e versátil localizado na Rota do Vinho. Possui estrutura planejada para receber eventos como casamentos, festas de 15 anos, confraternizações e hospedagens em grupo. A chácara também funciona como pousada, oferecendo conforto e tranquilidade do ambiente natural. O local é reconhecido por sua paisagem encantadora, que inclui lagos, bosques, uma capela, gazebo e pontes, compondo um cenário ideal para celebrações memoráveis e momentos de descanso em harmonia com a natureza. Crianças até cinco anos não pagam; crianças entre 5 e 10 anos pagam metade do valor do adulto.",Rua Julio César Setenareski 2750,,,false,,"Rua Julio César Setenareski 2750, CEP 83085-290",41996166002,@chacarabellavite,www.casamentos.com.br/chacara-casamento/chacara-bella-vite--e431666,,Estacionamento,,,,,,,,,,Chácara Bella Vitte
empreendimentos,,,Apoio ao Turista,"Construído para conectar pessoas com a natureza, está localizado em uma área de Mata Atlântica com nascentes preservadas, proporcionando ambientes internos e externos para atividades e treinamentos, palestras e confraternizações. Possui uma arquitetura contemporânea inserida em uma mata de araucárias. É procurada para eventos corporativos e celebrações. Possui um domo geodésico para vivências, espaço gourmet e cozinha profissional.","Rua Marcos Foggiatto, 121",,,false,,"Rua Marcos Foggiatto, 121, CEP 83030-162",41992369257,@espaconamataeventos,www.espaconamata.com.br,,"Estacionamento, Acessibilidade",,,,,,,,,,Espaço Namata
empreendimentos,,,Bares e Cafés,"Bar com ambiente descontraído, decoração acolhedora e estrutura preparada para música ao vivo. Oferece uma programação regular de shows, eventos temáticos, aulas de dança, e promoções especiais de chope. Ambiente casual e animado.","R. Pedro Môro Redeschi, 177",,,false,,"R. Pedro Môro Redeschi, 177, CEP: 83005-060",41999430503,@jackmusicbar,,,Estacionamento,,,,,,,,,,Jack Music Bar
empreendimentos,Caminho do Vinho,,Apoio ao Turista,"Localizado no Caminho do Vinho, o espaço é uma chácara versátil, ideal para a realização de eventos corporativos, formaturas, confraternizações e celebrações familiares de alto padrão. O ambiente é moderno e clean. Com estrutura completa, oferece assessoria e cerimonial para casamentos, além de buffet com bebidas não alcoólicas, serviço de garçons, doces tradicionais e bolo de corte. Conta com áreas internas e externas integradas, permitindo a realização de cerimônias e festas no mesmo local. O atendimento exclusivo associado à variedade de ambientes que inclui espaços internos e áreas externas em contato com a natureza, torna a experiência dos clientes reconhecidamente como memoráveis.","Rua Julio Cesar Setenareski,2425",Consultar,,false,,"Rua Julio Cesar Setenareski,2425, CEP: 83015-280",41988451461,@ivaleneventos,https://www.casamentos.com.br/salao-casamento/livalen-eventos--e345496,,"Estacionamento, Banheiros, Área Kids",,,,,,,,,,Livale Eventos Corporativos
empreendimentos,Rota das Colônias,,Apoio ao Turista,"A chácara possui uma área de 100 mil m² e conta com extensa área verde, lagos artificiais, bosque e um grande salão para eventos. Há cinco gerações, o local pertence à família do Sr. Clodoaldo José Pellanda. Anteriormente, a área era utilizada para extração de areia e foi gradualmente transformada pelo Sr. Clodoaldo em uma referência local para a realização de eventos. A chácara recebe diversos eventos tais como encontros corporativos, casamentos, aniversários.","R. José Zancheta Filho, 1837",,,false,,"R. José Zancheta Filho, 1837, CEP 83021-430",41998911275,@ChacaraPellanda,www.rotadascolonias.com.br/associado/chacara-pellanda,,"Churrasqueira, Banheiros, Estacionamento",,,,,,,,,,Pellanda Lazer & Eventos
atrativos,,Atrativos Rurais,,"O rancho é um local de referência na integração entre o cuidado humano, o cavalo e a natureza. Abriga a EquoSorriso – uma organização não governamental dedicada à Equoterapia e à Equitação Lúdica, voltada ao atendimento de crianças com síndrome de Down, adolescentes, adultos e profissionais com sintomas de depressão ou síndrome de Burnout. As atividades são realizadas ao ar livre, em meio à natureza, promovendo estímulos sensoriais que favorecem o desenvolvimento motor, cognitivo e emocional dos praticantes. A EquoSorriso foi fundada em 23 de setembro de 2013 pela família Collect, como parte de um processo de ressignificação do luto. Após o falecimento de Rúbia, irmã da proprietária Rosana Collect, a família encontrou um projeto de equitação deixado por ela e decidiu dar continuidade ao seu legado, transformando o local em um centro terapêutico. Desde então, mais de 600 pacientes, a partir dos dois anos de idade, já foram atendidos em sessões de equoterapia. Local indicado para eventos diurnos. É apreciado por suas belas paisagens.","Rua Antonio Greboge, 3493",,,false,"Paisagismo com extenso gramado e pinheiros. Recebe eventos como passeios pedagógicos, visitas técnicas e ações de voluntariado corporativo; Encontros temáticos e workshops sobre saúde, equitação e educação inclusiva.","Rua Antonio Greboge, 3493, Colônia Malhada, CEP 83190-870",41998672932,@chacara-rancho-ponderosa; www.youtube.com/watch?v=bdz278-NSg0,https://www.equosorriso.org.br/,,"Estacionamento, Área para camping",,,,,,,,,,Rancho Ponderosa Equosorriso
empreendimentos,,,Apoio ao Turista,"A chácara oferece estrutura para eventos tais como casamentos, aniversários, eventos corporativos e retiros. Possui espaço verde bem cuidado e também um casa para locação para até 15 pessoas.","R. José Roncaglio, s/n",Consultar,,false,,"R. José Roncaglio, s/n, São Sebastiao, CEP 83075-014",41997825978,@recantotamanini,,,"Estacionamento, Acessibilidade",,,,,,,,,,Recanto Tamanini
empreendimentos,,,Eventos,"O espaço conta com uma estrutura moderna em meio à natureza. Oferece uma estrutura completa para receber eventos infantis e corporativos com conforto e praticidade. Conta com churrasqueiras internas e externas, além de um salão fechado com capacidade para até 100 pessoas. Estão disponíveis mesas e cadeiras, que podem ser escolhidas entre os modelos em madeira ou plástico, conforme a necessidade do evento.","R. Felipe Rendoke, 431",,,false,,"R. Felipe Rendoke, 431, CEP 83116-010",41987405432,,https://espacorendoke.com.br/,,"Estacionamento, Acessibilidade, Banheiros, Fraldário, Churrasqueira",,,,,,,,,,Rendoke eventos
atrativos,,Atrativos Urbanos,,,,,,false,,,,,,,,,,,,,,,,,Item_Sem_Nome
atrativos,,Atrativos Urbanos,,"Localizado ao lado da Usina da Música, no centro da cidade, o espaço é um pequeno bosque que oferece contato com a natureza, permitindo caminhadas leves e momentos de lazer infantil em meio ao ambiente urbano. O local também é palco de ações comunitárias e eventos pontuais, como mutirões de manutenção realizados por voluntários. Durante a Páscoa, passou a sediar o evento “Bosque do Coelho”, uma celebração gratuita com apresentações culturais voltadas especialmente para as crianças. O bosque recebe uma decoração temática e um grande coelho é instalado no centro do espaço. Com o sucesso do evento, o local passou a ser carinhosamente conhecido pela comunidade como Bosque do Coelho.","Bosque ao lado da Usina da Música, R. Veríssimo Marques, 299",,,false,,"Bosque ao lado da Usina da Música, R. Veríssimo Marques, 299, CEP 83005-410",,,,,"Acessibilidade, Estacionamento",,,,,,,,,,Bosque da Usina (Bosque do Coelho)
atrativos,,Atrativos Urbanos,,"É um parque urbano localizado no bairro Rio Pequeno. Possui mata nativa, trilhas de caminhada, academia para a terceira idade e palco para apresentações culturais, parquinho infantil e churrasqueiras. Além de ser um espaço de lazer para famílias e idosos, o bosque recebe eventos pontuais tais como o Domingão do Rock e encontro de motos e trikes.","R. Eliud Alves Pereira, 310",,,true,,"R. Eliud Alves Pereira, 310, CEP 83085-392",,,,,"Trilhas, Churrasqueira, Acessibilidade, Estacionamento, Área Kids",,,,,,,,,,Bosque do Vovô
atrativos,,Atrativos Urbanos,,"Rua exclusiva para pedestres, localizada no centro comercial da cidade, é considerada o centro popular do município. Proporciona um passeio pelo comércio local e, ao mesmo tempo, um percurso pelo centro histórico, conectando pontos de interesse como a Praça Getúlio Vargas, a Igreja Matriz, a Biblioteca Municipal Scharffenberg de Quadros, o Museu Municipal Atílio Rocco e o Centro Cultural João Senegaglia. É um dos principais pontos de encontro da região central. O entorno é movimentado, com cafés, lojas, sorveterias e estabelecimentos comerciais que complementam a experiência. Trata-se de um passeio urbano que valoriza a convivência, a cultura e a história local.",Ao longo da Rua XV,,,false,,Ao longo da Rua XV,,,,,"Acessibilidade, Estacionamento, Eventos",,,,,,,,,,Calçadão da Rua XV
atrativos,Caminho do Vinho,Atrativos Rurais,,"Roteiro rural que proporciona um mergulho na cultura italiana. Reúne cafés coloniais, restaurantes, espaços de lazer e eventos, agroindústrias e diversos tipos de atrativos de lazer para todas as idades. Além da culinária, o turista pode conhecer a arquitetura colonial através das casas que remontam ao período de fundação da colônia. O portal que marca a entrada do caminho do vinho foi construído em 2007.",R. Julio Cesar Seterenesky,,,false,,R. Julio Cesar Seterenesky,,,,,"Acessibilidade, Estacionamento",,,,,,,,,,Caminho do vinho
atrativos,,Atrativos Urbanos,,"É uma área pública urbana situado no bairro Parque da Fonte com cerca de 3 hectares. Possui mata nativa, com a presença de araucárias e pinheiros. O parque oferece ambiente tranquilo junto à natureza lazer contemplativo, atividades físicas, piqueniques, observação da fauna e flora e participação em eventos sazonais como apresentações culturais. Na época do Natal recebe o tradicional evento da” Casa do Papai Noel” que reúne centenas de famílias não só da cidade mas também de outros municípios. O evento fez tanto sucesso que o local também passou a ser conhecido como “Bosque do Papai Noel”.","R. Almirante Alexandrino, 1140",Consultar,,false,,"R. Almirante Alexandrino, 1140, Parque da Fonte, CEP 83040-420",,,,,"Estacionamento, Acessibilidade, Área Kids",,,,,,,,,,Parque da Fonte
atrativos,,Atrativos Urbanos,,"Também denominado Lagoa do Pôlder, é um projeto de parque linear em desenvolvimento, localizado na região da lagoa de contenção do bairro Cidade Jardim. A lagoa foi criada nos anos 2000 com a finalidade de escoamento das águas e destaca-se pelo seu potencial paisagístico e ambiental. Em fase de projeto. Tanto o Parque Linear quanto o Parque do Pôlder contribuem para a conectividade ambiental, promovendo a restauração das matas ciliares e a requalificação das margens do rio e da lagoa, ampliando os benefícios ecológicos e sociais para a cidade.",Bairro Cidade Jardim no limite com o Rio Iguaçú,,,false,,Bairro Cidade Jardim no limite com o Rio Iguaçú,,,,,Acessibilidade,,,"O projeto tem como proposta transformar a área em um espaço de lazer integrado à natureza, com infraestrutura definida em diálogo com a comunidade local. O objetivo é oferecer qualidade de vida, preservar a biodiversidade existente e evitar ocupações irregulares nas margens da lagoa.",,,,,,,Parque do Polder
atrativos,,Atrativos Urbanos,,"O parque foi implantado de forma linear ao longo de 19,8 km, com início na região da Borda do Campo, na intersecção do Rio Itaqui com a BR-277, estendendo-se até os limites do Jardim Itaqui, sempre acompanhando a margem esquerda do rio. Seu principal objetivo é o controle de cheias e a revitalização ambiental, por meio da recuperação de áreas de preservação permanente ao longo do Rio Itaqui, especialmente aquelas classificadas como de risco socioambiental.",Rua Guarani,,,false,,"Rua Guarani, CEP 83060-076",,,,,,,,,,,,,,,Parque Linear Rio Itaqui
atrativos,,Atrativos Urbanos,,"O parque está localizado ao longo do Rio Ressaca, abrangendo principalmente a região do bairro Cidade Jardim e áreas adjacentes. Sua implantação tem como objetivo amortecer enchentes e proteger as áreas urbanas contra alagamentos. Tanto o Parque Linear quanto o Parque do Pôlder contribuem para a conectividade ambiental, promovendo a restauração das matas ciliares e a requalificação das margens do rio e da lagoa, ampliando os benefícios ecológicos e sociais para a cidade.",Parque ao lado do rio Ressaca do lado leste da Avenida das Torres BR-376,Consultar,,false,,Parque ao lado do rio Ressaca do lado leste da Avenida das Torres BR-376,,,,,,,,,,,,,,,Parque Linear Rio Ressaca
atrativos,,Atrativos Urbanos,,"O espaço ocupa uma área de aproximadamente 649.000 m² e oferece uma ampla variedade de opções para lazer, contemplação e atividades esportivas. Destaca-se por abrigar o Horto Municipal, o Jardim das Sensações e uma grande lagoa, que tornam o local especialmente atrativo para quem busca contato com a natureza e momentos de tranquilidade. No parque encontramos obras do artista local Roney Erthal, ""Os Passaros I e II"" feito em azulejos na parede de um dos galpões próximos ao Horto. A obra pode ser apreciada no caminho que leva ao horto.","Av, das Torres, 100,",Consultar,,false,,"Av, das Torres, 100,",4132836899,,,,"Estacionamento, Pet Friendly, Churrasqueira",,,,,,,,,,Parque São José Horto Municipal
atrativos,,Atrativos Urbanos,,"A praça oferece multiplas opções de lazer, desde quadras poliesportivas a pista de Skate. Possui uma pequena galeria de arte a céu aberto e um anfiteatro aberto. Contém as obra ""Imigrantes"" e ""Sociedade do Verbo Divino"" do artista Roney Erthal.","R. Veríssimo Marques, 55 Centro",Consultar,,false,,"R. Veríssimo Marques, 55 Centro, CEP 83005-410",,,,,,,,,,,,,,,Praça dos Missionários do Verbo Divino
,,,,,,,,false,,,,,,,,,,,,,,,,,Item_Sem_Nome
,,,,,,Consultar,,false,,,,,,,,,,,,,,,,,Item_Sem_Nome
,,,,,,,,false,,,,,,,,,,,,,,,,,Item_Sem_Nome
,,,,,,Consultar,,false,,,,,,,,,,,,,,,,,Item_Sem_Nome
empreendimentos,,,Agências de Turismo,"A Eco Guaricana é uma agência de ecoturismo especializada em experiências imersivas na natureza da Mata Atlântica. Com foco em educação ambiental, promove atividades como trilhas, passeios de caiaque, visitas a reservas naturais e vivências culturais que permitem aos participantes explorar a biodiversidade local e aprender sobre práticas sustentáveis. Reconhecida como pioneira no etnoturismo no estado do Paraná, a Eco Guaricana destaca-se por oferecer experiências autênticas, como o Road Trip no Parque Nacional Guaricana e no Miringuava, e o Café com Abelhas sem Ferrão. Todas as atividades são planejadas e conduzidas por profissionais qualificados e experientes.","Estrada Velha da Guaricana, 500",,,true,,"Estrada Velha da Guaricana, 500, CEP 83115-992",4199641974,@ecoguaricana,www.ecoguaricana.com.br,,Estacionamento,,,,,,,,,,Ecoguaricana
atrativos,,Atrativos Rurais,,"Propriedade familiar criada em 1878 na região de colonização polonesa, há mais de 20 anos cultiva morangos. Produz orgânicos, hortaliças, frutas e produtos coloniais. Oferece turismo ecopedagógico, espaço para eventos e diversas atividades ao ar livre. Possui 20 hectares, sendo 60% de área preservada, possui duas nascentes que formam o córrego Miringuava-mirim, área com trilhas para observação da fauna e flora. Possui variedade de animais, proporcionando uma experiência rural.","R. São Josemaria Escrivá, 3458 Avencal",Consultar,,true,"Referência em turismo ecopedagógico, turismo de experiência, educação ambiental a céu aberto. Atende professores, crianças e famílias, com atividades personalizadas para cada grupo.","R. São Josemaria Escrivá, 3458 Avencal, CEP 83085-565",41991354575,@ranchocaminhodasaguas,www.ranchocaminhodasaguas.com,,"Estacionamento, Acessibilidade, Trilhas",,,,,,,,,,Rancho Caminho das Águas
empreendimentos,,,Compras e Produtos Locais,,,Consultar,,false,,,,,,,,,,,,,,,,,Item_Sem_Nome
empreendimentos,Rota das Colônias,,"Restaurantes, Bares e Cafés","Local que convida as clientes a mergulharem na cultura italiana, oferecendo pratos centenários da família Zanchetta tais como polenta cortada no fio e vinho, polenchetta, polenta com frango caipira, proporcionando uma autêntica experiência italiana. Além de refeições e café colonial ao ar livre em um belo parreiral oferece experiências tais como Café no Parreiral, Merendin, Pisa na Uva, Meu Pé de Parreira, Sapecada de Pinhão. Reúne sabores, história, tradição e amor pela cultura italiana.","R. José Zancheta Filho, 3555 -",Consultar,,false,"Prêmio Assai Bons Negocios 2019 e 2020, Premio Turismo Sustentável Audi e Boticário 2023. Oferece kits com batata smiles para crianças. Clientes podem visitar a cozinha","R. José Zancheta Filho, 3555 -, Campina do Taquaral, Rota das Colônias, CEP 83021-430",41999655494,@cantinazanchetta; linktr.ee/cantinazanchetta;,www.cantinazanchetta.com.br,,"Wi-Fi, Estacionamento, Acessibilidade",,,,,,,,,,Cantina Zanchetta
atrativos,Caminho do Vinho,Atrativos Rurais,,"É considerada uma sala de aula à céu aberto, sendo referência em turismo ecopedagógico e gastronomia. Realiza eventos corporativos e infantis. Sua proposta inclui vivências afetivas e lojinha com produtos da agricultura familiar. Oferece lazer ecopedagógico e “Dayuse” em meio à natureza preservada. Equipe de recreação, bosque, interação com animais. Sua gastronomia inclui o famoso varal de legumes e a premiada costela de fogo de chão.","R. Vila Nova, 500",,,false,,"R. Vila Nova, 500, CEP: 83022-400",41998152946,@chacaradasvaquinhas,www.chacaradasvaquinhas.com.br,,"Estacionamento, Acessibilidade, Lojinha, Eventos",,,,,,,,,,Chácara das Vaquinhas
empreendimentos,Destinos do Campo,,"Restaurantes, Bares e Cafés","É conhecida pelo Café Colonial artesanal que valoriza as tradições italiana e alemã e servido em um ambiente ao ar livre cercado por jardins bem cuidados, horta, árvores frutíferas e estufas. Possui um bosque para breves caminhadas. Oferece experiências tais como o “Colha e Pague” de morangos, verduras e uvas em época de safra. O espaço também está disponível para eventos diurnos. Possui salão interno e área ao ar livre, ideal para celebrações.","Rua Nillo Pissaia, 1367",,,false,,"Rua Nillo Pissaia, 1367, CEP 83021-476",41991963343,@chacara.Vailati,www.chacaravailati.com,,"Estacionamento, Acessibilidade, Lojinha, Eventos",,,,,,,,,,Chácara Vailati
atrativos,Destinos do Campo,Atrativos Rurais,,"É uma chácara que proporciona desde a locação do espaço para eventos até o turismo de experiência oferecendo piqueniques no bosque, junto aos campos de camomila ou girassóis vermelhos e amarelos. Piqueníver, piquenique e vivências nos campos de camomila ou girassóis amarelos e vermelhos","Estrada Vereador Domingos Benvenoto Molleta, 16231.",Consultar,,false,,"Estrada Vereador Domingos Benvenoto Molleta, 16231.",41987596704,@familia.ienkot,,,"Estacionamento, Acessibilidade",,,,,,,,,,Família Ienkot campos de camomila e girassol
atrativos,Rota das Colônias,Atrativos Rurais,,"La Choupana é um espaço que adota o conceito de “colha e pague”, oferecendo uma experiência de turismo rural com foco no contato direto com a natureza e com o universo agrícola. O local cultiva morangos semi-hidropônicos em calhas suspensas, proporcionando ao visitante uma vivência diferenciada no campo. O sistema de cultivo adotado é mais eficiente e econômico. O local oferece sucos, diversas sobremesas à base de morango e uma variedade de produtos coloniais caseiros, todos artesanais. Com ambiente amplo e acolhedor, La Choupana também é pet friendly, sendo muito apreciada por famílias que buscam momentos de lazer junto à natureza.","R. São Josemaria Escrivá, n°3000",,,false,,"R. São Josemaria Escrivá, n°3000, CEP 83085-344",41998225611,@lachoupana001,,,"Pet Friendly, Estacionamento, Acessibilidade",,,,,,,,,,La Choupana morangos
atrativos,Rota das Colônias,Atrativos Rurais,,"O espaço oferece a experiência de piqueniques entre campos de lavanda, girassóis ou alecrim, além do charmoso Café Lavandário e de um ambiente reservado para meditação. A área conta com trechos de mata nativa propícios para banhos de floresta, com espécies como pau-brasil, sassafrás, canela e pinheiros, promovendo contato direto com a natureza e momentos de contemplação. Os visitantes podem encomendar buquês de lavanda fresca e realizar ensaios fotográficos em meio aos campos floridos. O Lavandário é resultado de um cuidadoso processo de recuperação do solo iniciado há mais de 40 anos pelo casal Edina e Paulo da Novas. Destinado aos amantes de lavanda e àqueles que buscam tranquilidade, o canto dos pássaros e o contato com a natureza, o espaço convida à contemplação e ao bem-estar.","Rua Antônio Claudino Sobrinho, S/N, paralela com a Rua Albino Mickoz, (3a entrada à esquerda na Albino Mikos).",,,false,,"Rua Antônio Claudino Sobrinho, S/N, paralela com a Rua Albino Mickoz, (3a entrada à esquerda na Albino Mikos).",41988618241,@lavandariositiosaojoao,,,"Estacionamento, Acessibilidade",,,,,,,,,,Lavandário Sítio São João
atrativos,Rota das Colônias,Atrativos Rurais,,"Orquidário premiado, criado a partir da paixão de seu proprietário, Alberto Vailasky, que transformou seu hobby em um negócio especializado. O espaço oferece uma variedade de insumos estratégicos para o cultivo e a manutenção saudável das orquídeas, sendo referência para colecionadores e apreciadores da espécie. Os visitantes têm a oportunidade de adquirir uma ampla variedade de orquídeas e aprender sobre os cuidados básicos em cada etapa do cultivo. As orientações incluem informações sobre escolha de substratos, frequência de regas e técnicas de adubação, promovendo o manejo adequado e o desenvolvimento saudável das plantas. Premiações recebidas: Catleya intermédia flamea medalha de ouro. CWB APRO; C. Intr. Orlata medalha de Prata. CWB APRO; Sapatinho medalha de ouro. Melhor cultivo SJP AOSPI; CelogeneaTestaccia medalha de Prata. CWB APRO","R. Ladislau Toczeck, 533",,,false,,"R. Ladislau Toczeck, 533, CEP: 83085-240",41991489436,@orquidario_das_araucarias,,,"Estacionamento, Acessibilidade",,,,,,,,,,Orquidário das Araucárias
empreendimentos,Destinos do Campo,,"Restaurantes, Bares e Cafés","Especializado na produção artesanal de morangos cultivados em estufa e bancada. O oferece cerca de 32 produtos gastronômicos derivados da fruta. As mudas, provenientes da Segóvia, Espanha, e da Argentina, garantem a atividade durante todo o ano. Além da atividade de colha-e-pague de morangos, o espaço proporciona diversas opções de lazer para a família, incluindo gastronomia variada, drinks, cerveja de morango, brinquedos, trilhas ao ar livre e hospedagem em cabanas. Recebeu o 1° lugar em Excelência e Qualidade 2023 em CURITIBA dentro da categoria de MORANGOS mediante a opinião pública.","Rua Alexandre Kreonis, S/N, a 750 m da Rua Carlos Kusma",,,false,,"Rua Alexandre Kreonis, S/N, a 750 m da Rua Carlos Kusma, CEP 83023-405",41992353407,@produtosquintadosabor,www.produtosquintadosabor.com.br,,"Estacionamento, Acessibilidade, Área Kids, Trilhas",,,,,,,,,,Quinta do Sabor
atrativos,,Atrativos Rurais,,"O rancho oferece café colonial servido a ""la carte"" em meio à natureza tendo o cultivo de lavandas como base da experiência. Proporciona relaxamento, lazer em família, contato com o campo. Possui lugares de beleza cênica e um celeiro rústico para eventos tais como festas de quinze anos e casamentos. Campos de lavanda, receitas gastronômicas com lavanda.",Rua Albino Kuzma,,,false,,"Rua Albino Kuzma, Colônia Campestre da Faxina",41991838467,,,,Estacionamento,,,,,,,,,,Rancho da Lavanda
atrativos,,Atrativos Rurais,,"Como o próprio nome diz, a chácara tem como proposta oferecer aos visitantes a experiência de estar no mato. O local está se estruturando para ter oferecer lugares para piquenique, caminhada no bosque e colheita de verduras. Venda de produtos orgânicos, colhe e pague de verduras.","Rua Carlos Kusma, S/N. Na entrada próximo à Capela Imaculada da Faxina entrar como se fosse para a Querência Ivankio. Seguir mantendo-se à direita na bifurcação que leva para a Querência.",Consultar,,false,,"Rua Carlos Kusma, S/N. Na entrada próximo à Capela Imaculada da Faxina entrar como se fosse para a Querência Ivankio. Seguir mantendo-se à direita na bifurcação que leva para a Querência., 83023-400",41999631222,,,,Estacionamento,,,,,,,,,,Rocha Estar & Mato Chácara
atrativos,Caminho do Vinho,Atrativos Rurais,,"Trata-se de uma propriedade rural que proporciona uma experiência única em torno do cultivo do morango. Fundado em 1999, o local tornou-se referência na região por oferecer aos visitantes a oportunidade de colher os frutos diretamente da plantação. Além da vivência no campo, o espaço conta com uma loja que funciona o ano todo, oferecendo sorvetes, geleias, sobremesas artesanais e morangos frescos. O ambiente é acolhedor e especialmente atrativo para famílias, casais e grupos escolares. Possui área externa que oferece diferentes salgados, churrasco e bebidas. O local possui madeiras talhadas por um artista conhecido como “Índio” que, com seu trabalho singular, confere ao local uma decoração diferenciada. Um sala com inúmeras assinaturas no piso superior do restaurante também torna a experiência do local singular.","R. João Berger, 923",Consultar,,true,,"R. João Berger, 923, CEP 83085-490",4136351169,,www.somorangos.com.br,,"Estacionamento, Restaurante",,,,,,,,,,Só Morangos Colha e Pague
,,,,,,,,false,,,,,,,,,,,,,,,,,Item_Sem_Nome
atrativos,,Patrimônio Cultural,,"Fundada em 1904, a mais antiga fábrica de refrigerantes do Brasil tem sua origem em Vêneto, Itália com a história de Ezígio Cini. Iniciou com a produção de cerveja na Colônia Cecília, em Palmeira/PR e estabeleceu-se São José dos Pinhais em 1904. Cresceu e foi para Curitiba, retornou a São José dos Pinhais em instalações modernas e tecnológicas. Gengibirra, Cini Framboesa e Laranjinha são campeões de venda. Estão na memória afetiva dos paranaenses e conquistam o paladar dos turistas. A bebida Gengibirra é patrimônio imaterial da cidade de Palmeira, PR.","R. Mal. Hermes, 2001",,,true,,"R. Mal. Hermes, 2001, CEP: 83065-000",41988494269,@cinibebidas; @cinilover,www.cini.com.br,,"Estacionamento, Acessibilidade",,,,,,,,,,Cini
empreendimentos,Rota das Colônias,,Compras e Produtos Locais,"A empresa é uma referência local na desidratação de ervas medicinais e condimentos, com quase 40 anos de atuação no mercado. Especializada no cultivo e beneficiamento de produtos como salsa, coentro, camomila, cebolinha e alho-poró, a empresa agrega valor por meio de processos como desidratação, classificação e moagem, oferecendo insumos de alta qualidade prontos para uso por empresas alimentícias e comerciais. Localizada na Colônia Marcelino, atende a grandes demandas regionais e internacionais. Sua linha de produção é automatizada, equipada com tecnologia de ponta e maquinário importado, o que garante alto padrão de qualidade e eficiência nos processos. A Nogas Neto destaca-se pela excelência na entrega de produtos condimentais e medicinais para o mercado nacional e internacional.","R. Ver. Domingos Benvenuto Moletta, 17710",Consultar,,false,,"R. Ver. Domingos Benvenuto Moletta, 17710, CEP 83024-899",4135560818,,https://nogasneto.com.br/,,Estacionamento,,,,,,,,,,Nogas Condimentos
empreendimentos,,,Compras e Produtos Locais,"A Nutrimental foi fundada em 1968 por Rodrigo Rocha Loures, a partir de uma parceria entre os departamentos de Administração e Engenharia Química da UFPR, onde ele lecionava. A ideia inicial de produzir purê de batata instantâneo não prosperou, mas a empresa se reinventou ao desenvolver alimentos desidratados voltados à nutrição infantil, como sopas e farinhas — sendo a sopa de feijão seu primeiro grande sucesso. Com isso, tornou-se referência nacional no fornecimento de merenda escolar até 1994. A virada veio com o pedido do navegador Amyr Klink, que inspirou a criação da primeira barra de cereal do Brasil, a Nutry, que logo se tornou o principal produto da empresa. Impulsionada por esse sucesso, a Nutrimental expandiu seu portfólio com granolas, biscoitos e cereais matinais, firmando-se como marca inovadora em alimentos saudáveis.","Av. Rui Barbosa, 8153",Consultar,,false,Criadora da primeira barra de cereais do Brasil.,"Av. Rui Barbosa, 8153, CEP: 83040-550",4132991000,@nutrimental_alimentos,nutrimental.com.br,,"Estacionamento, Acessibilidade",,,,,,,,,,Nutrimental
empreendimentos,,,Compras e Produtos Locais,"A empresa foi criada em 1977, em Curitiba, pelo farmacêutico Miguel Krigsner, como uma pequena farmácia de manipulação, recebendo o nome da antiga denominação de ""farmacêutico"". Em 1979, inaugurou sua primeira loja no aeroporto. Seus produtos começaram a ganhar notoriedade ao serem comprados e transportados por tripulações encantadas pela loja. A fábrica foi instalada em 1982 e o centro de pesquisa e desenvolvimento em 2013.","Av. Rui Barbosa, 3450",,,false,,"Av. Rui Barbosa, 3450, CEP: 83065-260",4134068393,@grupoboticario,www.grupoboticario.com.br,,Estacionamento,,,,,,,,,,O Boticário
atrativos,,Atrativos Rurais,,"Inclui duas fábricas de veículos (passeio e comercial leve) e emprega 5,3 mil colaboradores diretos e gera 25 mil empregos indiretos. Ocupa 2,5 milhões de m², com 40% de mata preservada. É referência em práticas de indústria 4.0 e aterro zero. Aspectos tecnológicos, ambientais e de sustentabilidade; Inovação em eletrobilidade; área de mata preservada, onde habitam mais de 110 espécies de aves e 28 mamíferos.","R. Francisco Muñoz Madrid, 116-274",,,true,,"R. Francisco Muñoz Madrid, 116-274, CEP: 83070-010",,,,,"Estacionamento, Acessibilidade",,,,,,,,,,Renault do Brasil
empreendimentos,,,Compras e Produtos Locais,"Inaugurada em 1999, a fábrica da Volkswagen em São José dos Pinhais é uma das mais modernas do grupo no mundo. Com alta tecnologia e processos amplamente automatizados, a unidade conta com o programa de visitação VCnaVW (lê-se “você na VW”), iniciativa oficial da empresa que permite ao público conhecer suas instalações durante os turnos de produção. O programa abrange as quatro fábricas da Volkswagen no Brasil, incluindo a unidade de São José dos Pinhais. É uma empresa tradicional com mais de 60 anos de atuação, sendo pioneira no segmento no Paraná e reconhecida em todo o Brasil. Destaca-se pela qualidade e pela excelência na produção de azeitonas. A empresa controla 100% do processo produtivo de algumas linhas de produtos. Gerencia desde a plantação das oliveiras até a colheita, envasa e distribui para todo o Brasil.","R. João Andrigueto, 271",Consultar,,false,O nome da empresa tem origem na cidade de Rivoli no norte da Itália.,"R. João Andrigueto, 271, CEP 83020-540",4121018000,@azeitonas_rivoli,www.azeitonasrivoli.com.br,,"Estacionamento, Acessibilidade",,,,,,,,,,Rivoli Indústria e Comércio de Azeitonas
empreendimentos,,,Compras e Produtos Locais,"Empresa líder global no mercado de impressão de papéis decorativos e produtos impressos de alta qualidade para revestimento de superfícies. Possui boas práticas de sustentabilidade que são referência no setor. Abre suas portas para visitações técnicas. Conserva em sua propriedade a casa original do antigo caseiro ornada com lambrequins típicos da cultura e uma antiga portaria de valor arquitetônico, com elementos da.","R. Francisco Munõz Madrid, 1652",,,true,,"R. Francisco Munõz Madrid, 1652, CEP: 83070-152",4140097500,@schattdecorgroup,www.schattdecor.com/pt/,,"Estacionamento, Acessibilidade, Visita Guiada",,,,,,,,,,Schattdecor do Brasil
empreendimentos,,,Compras e Produtos Locais,"Fundada em 1991, a Vale Fértil do Brasil se tornou uma referência no setor azeitoneiro, utilizando fábricas de alta tecnologia com equipamentos e know-how da Argentina e Espanha. Por nove anos consecutivo foi a azeitona mais vendida do Brasil.","R. João Andrigueto, 271",Consultar,,false,,"R. João Andrigueto, 271, CEP 83020-540",41991792947,@vale_fertil; www.youtube.com/c/ValeFertill; linktr.ee/valefertil,www.valefertil.com.br/,,"Estacionamento, Acessibilidade",,,,,,,,,,Vale Fértil Azeitonas
atrativos,Caminho do Vinho,Atrativos Rurais,,"Foi inaugurada em 1999, a fábrica é uma das mais modernas do Grupo Volkswagen no mundo. Com alta tecnologia e processos automatizados, possui um programa de visitação chamado VCnaVW. O programa VCnaVW (leia-se “V.C. na VW”) é a iniciativa oficial da empresa de abrir-se para a visitação ao público durante os turnos de produção em suas quatro fábricas nacionais, incluindo a de São José dos Pinhais. Esta unidade foi pioneira no uso de robôs colaborativos, que trabalham lado a lado com os empregados na área de montagem, tornando o processo produtivo ainda mais flexível e seguro.","R. Antonio Singer, 6751",Consultar,,true,,"R. Antonio Singer, 6751, Campo Largo da Roseira, CEP 83090-901",4133813002,@vwbrasil,https://www.vwnews.com.br/company/3/3,,"Estacionamento, Acessibilidade",,,,,,,,,,Volkswagen
empreendimentos,,,,,,,,false,,,,,,,,,,,,,,,,,Item_Sem_Nome
,,,,,,Consultar,,false,,,,,,,,,,,,,,,,,Item_Sem_Nome
empreendimentos,,,Agências de Turismo,,,,,false,,,,,,,,,,,,,,,,,Item_Sem_Nome
empreendimentos,,,Guias de Turismo,,,Consultar,,false,,,,,,,,,,,,,,,,,Guias de Turismo 1
empreendimentos,,,Guias de Turismo,,,Consultar,,false,,,,,,,,,,,,,,,,,Guias de Turismo 2
empreendimentos,,,Guias de Turismo,,,Consultar,,false,,,,,,,,,,,,,,,,,Guias de Turismo 3
empreendimentos,,,Agências de Turismo,,,,,false,,,,,,,,,,,,,,,,,Agencias  de Turismo 1
empreendimentos,,,Agências de Turismo,,,Consultar,,false,,,,,,,,,,,,,,,,,Agencias  de Turismo 2
empreendimentos,,,Bares e Cafés,,,Consultar,,false,,,,,,,,,,,,,,,,,Item_Sem_Nome
empreendimentos,,,Bares e Cafés,"No Al Sultan, a comida árabe tradicional é preparada com ingredientes frescos, especiarias tradicionais e sem conservantes. O ambiente possui mesas em espaço coberto e ao ar livre. Os pratos carregam a essência e ancestralidade da culinária árabe, oferecendo um sabor autêntico. O cardápio inclui beirutes, shawarmas, esfihas abertas, kibes e uma variedade de porções e pratos combinados, satisfazendo todos os paladares.","R. Ten. Djalma Dutra, 1281",Consultar,,false,Kebab com molho habesh foi eleito o melhor de Curitiba,"R. Ten. Djalma Dutra, 1281, CEP: 83005-360",4130586336,alsultanarabian,alsultansjp.meucardapio.ai,,Opções vegetarianas,,,,,,,,,,Al Sultan
empreendimentos,,,"Restaurantes, Bares e Cafés","Localizada próxima ao aeroporto, a padaria oferece execelentes opções de produtos artesanais por um bom preço. Local é simples e organizado, com vitrines bem atraentes com seus doces e salgados bem preparados. Muitos produtos se destacam por ser de massa preparada pela própria padaria. Sugestão comece pelo simples pão francês artesanal; misto quente feito com o pão francês; pastel de bananinha, bolo red velvet.","Av. Benjamin Possebon, 386",,,false,,"Av. Benjamin Possebon, 386, CEP 83085-190",41991286328,@alemaopaespanificadora,https://linktr.ee/alemaopaespani,,"Banheiros, Estacionamento, Acessibilidade",,,,,,,,,,Alemão Pães
empreendimentos,Caminho do Vinho,,"Restaurantes, Bares e Cafés","Ponto de parada para quem está de passagem, frequentado por ciclistas. Oferece várias opções de esfihas e pizzas variadas. O local é simples, com poucas mesas e poucas opções de refrigerantes. O forte são as encomendas, o serviço de entrega e pedidos para viagem.","Rua, Alameda Arpo, 2225",,,false,,"Rua, Alameda Arpo, 2225, CEP: 83010-290",4135567649,@bahabs_pizzariaeesfiharia,horario.pedir.delivery/bahabs,,"Estacionamento, Acessibilidade",,,,,,,,,,Bahab’s Pizzaria e Esfiharia
empreendimentos,,,Bares e Cafés,"Padaria completa oferece pães e doces tradicionais, área para café, lanches e diversas variedades de doces e salgados em geral. Possui diversas lojas espalhadas pela cidade, sendo uma boa referência para lanches na cidade. Oferece café a partir das 06:30h, perfeito para quem está viajando ou passando cedo pela cidade, tais como turistas, ciclistas e viajantes.","R. Ten. Djalma Dutra, 1530",,,false,,"R. Ten. Djalma Dutra, 1530, Centro, CEP 83005-360",4132835962,@balaiodepaosjp,https://linktr.ee/balaiodepao,,"Estacionamento, Acessibilidade",,,,,,,,,,Balaio do Pão
empreendimentos,Rota das Colônias,,Bares e Cafés,"É um bar e mercearia que funciona próximo à igreja ucraniana da Santíssima Trindade. Oferece uma opção de pausa estratégica para quem está viajando e/ou fazendo trilhas nas proximidades. Entre os itens mais apreciados pelos viajantes estão o sanduíche de pão linguiça ou pão com ovos e linguiça e o queijo artesanal. E ainda podem comprar banha de porco e ovos caipiras. O local é fácil de estacionar, e o atendimento é sempre muito atencioso.","Estrada vereador, R. Domingos Benvenuto Moletta -",Consultar,,false,,"Estrada vereador, R. Domingos Benvenuto Moletta -, CEP: 83024-970",41992377440,@bar_da_rosinha_,https://linklist.bio/BardaRosinha,,"Wi-Fi, Banheiros, Estacionamento",,,,,,,,,,Bar da Rosinha
empreendimentos,Rota das Colônias,,Bares e Cafés,"Ponto de encontro estratégico para uma pausa, constitui uma opção de refeição na região. O local é simples, familiar, apreciado por ciclistas e viajantes. O estabelecimento tem uma atmosfera e estrutura característica de bar. Oferece opções gastronômicas típicas de boteco. Atende muitos viajantes que passam pelo local, grupos familiares e de amigos. Os frequentadores costumam apreciar o seu filé de igreja, a costela e o pierogui e o atendimento. Possui programação de apresentação de bandas.","R. Dr. Murici, 8283",,,false,,"R. Dr. Murici, 8283, CEP 83015-290",41991398248,@bardasantasjp,,,Estacionamento,,,,,,,,,,Bar da Santa
empreendimentos,Destinos do Campo,,Bares e Cafés,"O Bar do Lima é uma das raras opções para lanches e bebidas na região do Castelhanos. É um local simples, com poucas opções. Costuma ter sempre pastel, refrigerante e cerveja. Vende também algumas coisas para o dia a dia. Possui 2 quartos muito simples para pernoite.",Estrada do Castelhano S/N,,,false,,Estrada do Castelhano S/N,,,,,,,,,,,,,,,Bar do Lima (Bigode)
empreendimentos,,,Bares e Cafés,"O local é especializado na produção de pães artesanais diferenciados, elaborados sob encomenda, além de oferecer bolos, cookies e tortas. O menu é especialmente recomendado para quem busca experiências únicas com pães e suas combinações, cuidadosamente criadas pelo casal de proprietários. A casa possui um ambiente acolhedor e foi pensada para receber famílias, especialmente aquelas com crianças pequenas. Conta com espaços destinados à conversa e áreas lúdicas, onde as crianças podem brincar e desenhar, tornando a visita ainda mais agradável e aconchegante.","R. Dr. Motta Júnior, 1601",,,false,,"R. Dr. Motta Júnior, 1601, CEP: 83005-170",41996029487,@benedictpadariaartesanal,,,Área Kids,,,,,,,,,,Benedict Padaria
empreendimentos,,,Bares e Cafés,"Um boteco raiz, tipicamente brasileiro, que está na cidade há três gerações. Oferece um ambiente descontraído para quem aprecia comida de boteco e reunir amigos para jogar sinuca. Suas porções são bastante apreciadas pelos frequentadores, destacando o famoso pão com bolinho de carne e a batata frita com bacon, acompanhados de cerveja gelada. Oferece música ao vivo às noites de sextas e aos sábados.","R. Cap. Tobias Pereira da Cruz, 1487",Consultar,,false,,"R. Cap. Tobias Pereira da Cruz, 1487, CEP 83005-050",4131464048,@barboavistamadureira,https://bit.ly/cardmadu,,Churrasqueira,,,,,,,,,,Boa Vista Madureira Bar
empreendimentos,,,Bares e Cafés,"O espirito de um autêntico boteco do século passado equilibrado com a inovação na gastronomia contemporânea pode ser encontrado neste local. A decoração é rústica. As garrafas aparentemente empoeiradas e organizadas revelam um trabalho visual talentoso. Os bolinhos são o carro-chefe mas há diversas opções de porções, drinks, cervejas, caldinho de tilápia, dentre outros. Além da boa comida, a conversa com os proprietários sempre é agradável. O ambiente é familiar e divertido.","R. Adrianópolis, 221",Consultar,,false,,"R. Adrianópolis, 221, CEP 83010-070",4130352247,@bombolinhobar,,,"Wi-Fi, Acessibilidade",,,,,,,,,,Bom Bolinho Bar e Petiscaria
empreendimentos,,,Bares e Cafés,"Ponto de referência para apreciadores de comida de boteco, oferece uma grande variedade de frutos do mar, carnes, chopp e drink. O bar foi criado pela enfermeira e também cheff de cozinha Julia Marianna Rodrigues Block. Possui estrutura muito ampla capaz de atender grandes grupos e aceita locação para eventos durante o dia.","R. Scharfenberg de Quadros, 340",Consultar,,false,Referência em Comida de Boteco,"R. Scharfenberg de Quadros, 340, CEP 83005-090",41988315145,@botecodajulia,,,"Wi-Fi, Área Kids",,,,,,,,,,Boteco da Júlia
empreendimentos,,,Bares e Cafés,"Considerado o bar mais antigo da cidade, está em atividade desde 1960. O ambiente é familiar, e o local é marcado pela tradição e história dos moradores locais. O bar preservou sua essência ao longo do tempo, mantendo a tradição de oferecer aos clientes: boa conversa, cerveja gelada, drinks e porções saborosas. É um dos raros bares que abrem aos domingos na cidade.","Rua Paulino de Siqueira Cortês, 2080",,,false,,"Rua Paulino de Siqueira Cortês, 2080, CEP 83005-030",41998922527,@barbrasilia1960,https://barbrasilia1960.com.br/,,"Mesas e cadeiras em área interna, mesas de sinuca",,,,,,,,,,Brasília Bar
empreendimentos,,,"Restaurantes, Bares e Cafés","Espaço rustico com fogão à lenha. Oferece café colonial, gastronomia rural com comidas típicas italiana e polonesa. Possui amplo estacionamento, espaço kids e uma vista em meio a natureza.",R. Júlio César Setenareski 3107,Consultar,,false,,"R. Júlio César Setenareski 3107, CEP 83085-290",4199462566,@caminhosdobosquesjp,www.caminhosdobosque.com.br/,,"Estacionamento, Área Kids",,,,,,,,,,Caminhos do Bosque
empreendimentos,Caminho do Vinho,,Bares e Cafés,"1° café colonial do Caminho do Vinho, oferece experiência da autêntica gastronomia germânica em local de beleza cênica. A proprietária Elfrida Dunkel se reinventou aos 57 anos e alugou uma antiga chácara em 2006, para começar seu negócio. O café foi aberto no dia de Nossa Senhora do Carmo e com fé, trabalho e talento, oferece ao turista além do café colonial, um café tipicamente alemão na 1a semana de cada mês, com produtos como as típicas tortas de ruibarbo, queijo e cebola.","R. Júlio César Setenareski, 355",Consultar,,false,"Beleza cênica, local silencioso, café colonial tipicamente germânico, decoração da casa e paisagismo local.","R. Júlio César Setenareski, 355, CEP 83085-290",41996043026,@casa.bela_oficial,,,"Wi-Fi, Área Kids, Pet Friendly, Estacionamento",,,,,,,,,,Casa Bela Café
empreendimentos,Caminho do Vinho,,"Restaurantes, Bares e Cafés","Espaço gastronômico que reúne pratos da culinária local, feitos com receitas que incluem receitas da época das avós. Surgiu em 2001 surgiu aproveitando uma casa já existente que foi transformada em um ambiente aconchegante que oferece doces, salgados, geleias, sobremesas, pães, bolachas, e diversos outros produtos.","R. João Berger, 6129",Consultar,,false,,"R. João Berger, 6129, CEP: 83085-490",419975033264136351237,@colonialcasaraocafe,www.casaraocafecolonial.com.br,,"Estacionamento, Acessibilidade",,,,,"R. João Berger, 6129",,,,,Casarão Café Colonial
empreendimentos,,,Bares e Cafés,"Local simples que possibilita uma parada estratégica para quem está na estrada e precisa fazer uma pausa para descansar e fazer lanches rápidos, tomar um café, uma cerveja e/ou um bom sorvete. Possui uma pequena mercearia com itens de primeira necessidade. A proprietário nem sempre está direto no local. Às vezes, é necessário chegar e aguardar.","Estrada Velha do Guaricana, 67",Consultar,,false,,"Estrada Velha do Guaricana, 67",41995247201,@jeferson_jessica_santos,,Ter-Dom: 10h-21h | Seg: Fechado,"Banheiros, Estacionamento",,,,,,,,,,Catarina Bebidas e Lanches
empreendimentos,,,"Restaurantes, Bares e Cafés","A Cia do Espeto é um restaurante sertanejo e tem como proposta oferecer espetinhos variados, porções, chopp gelado e música ao vivo.","BR 376, Rod. Br 376",Consultar,,false,,"BR 376, Rod. Br 376, CEP 84064-290",41999583591,@ciadoespetosjp,,,"Estacionamento, Acessibilidade",,,,,,,,,,Cia do Espeto
empreendimentos,,,"Restaurantes, Bares e Cafés","Um local aconchegante que serve esfihas gigantes feitas com massa fresca e fofa a partir de uma receita da família dos proprietários, ricamente recheada com ingredientes de alta qualidade. As esfihas têm 15 cm de diâmetro e possuem opções salgadas e doces. Destaque para creme de camarão, queijo catupiry, azeitona preta e manjericão e esfiha doce de creme de leite ninho e morango.",Rua Tenente Djalma Dutra 1658,Consultar,,false,,"Rua Tenente Djalma Dutra 1658, CEP 83005-360",41996185138,@deliciasdavovo_sjp,linktr.ee/deliciasdavovo_sj; www.deliciasdavovoesfiharia.com.br,,Acessibilidade,,,,,,,,,,Delicias da Vovó Esfihas
empreendimentos,,,"Restaurantes, Bares e Cafés","Antigo ""Rolts"", funciona como lanchonete e restaurante, servindo lanches, porções durante o dia. À partir das 19:00h oferece também comidas típicas regionais, tais como ""Noite da Galinha Caipira"", "" Noite da Dobradinha"", quirera com suan, 'Noite de Caldos. O restaurante participa do Festival da Tilápia e pertence a mesma família do Pesque e Pague do Didi.","R. Gen. Catão Mena Barreto Monclaro, 140",Consultar,,false,,"R. Gen. Catão Mena Barreto Monclaro, 140, CEP: 83005-510",4131463434,@restaurantedodidicentro,https://www.cardapiodigital.io/restauranteelanchonetedodidi/,,Acessibilidade,,,,,,,,,,Do Didi Lanchonete
empreendimentos,Rota das Colônias,,"Restaurantes, Bares e Cafés","O restaurante é conhecido por sua variedade de pratos caseiros, como carneiro, porco no rolete e a costela fogo de chão, servidos no buffet. As sobremesas caseiras, como sagu, arroz doce e canjica, estão inclusas no valor cobrado por pessoa. Possui um espaço destinado a eventos com capacidade de até 300 pessoas. Possui anexo uma sorveteria em forma de cogumelo. Restaurante colonial com área de lazer.","R. Júlio César Setenareski, 3525",,,false,,"R. Júlio César Setenareski, 3525, CEP 83085-290",41997099877,@dulcerestaurante,https://www.caminhodovinho.tur.br/restaurante-dulce/,,"Restaurante, Acessibilidade, Estacionamento",,,,,,,,,,Dulce Restaurante
empreendimentos,,,Bares e Cafés,"O bar foi fundado em 1987 por Élcio Negoseke. Possui dois carros-chefes: o bolinho, receita original da esposa Marina que foi aperfeiçoada para a venda pelo marido. Ponto de parada obrigatória para quem quer degustar um bom bolinho de carne. Muito apreciado por ciclistas e curitibanos, que se deslocam mesmo durante a semana para apreciar os bolinhos. Premiado como Boteco Bom Gourmet 2022. Vende de 500 a 700 bolinhos/Dia. Atende a mais de 150 ciclistas/semana.","R. José Francisco Negoseki, 1025",Consultar,,false,,"R. José Francisco Negoseki, 1025, CEP: 83020-838",419922419944132822526,@bardoelciodobolinho,,,"Wi-Fi, Banheiros, Área Kids, Churrasqueira, Pet Friendly, Área para camping",,,,,"R. José Francisco Negoseki, 1025",,,,,Elcio do Bolinho
empreendimentos,,,Bares e Cafés,"O conceito da empresa é proporcionar ao cliente a experiência de um delicioso café colonial dentro de uma estufa florida, acompanhado por orquídeas, suculentas e pés de morangos. Oferece lindas tortas decoradas com flores e frutos. Durante a temporada de morango, os clientes podem saborear o café e colher suculentos morangos. Possui uma programação diversificada para família, incluindo passeio de charrete, uma fonte de desejos e um espaço para atividades ao ar livre.","Rua Carlos Kusma Faxina,",,,false,,"Rua Carlos Kusma Faxina, 83023-400",41995378027,@floranacafecomflores,https://linktr.ee/floranacafecomflores,,"Pet Friendly, Estacionamento",,,,,,,,,,Florana café & Flores
empreendimentos,,,Bares e Cafés,"Local aconchegante e confortável, indicado para reuniões de negócios, trabalho ou para fazer uma pausa no centro da cidade. Oferece opções de café de qualidade, chocolate quente, bebidas geladas doces e salgados, incluindo alguns sanduíches quentes. Possui opção sem lactose. O cliente pode pedir pequenas modificações no cardápio. Está próximo da Catedral de São José ao lado de serviço de lava-carros e farmácia.","Rua Visconde de Rio Branco, 1800",Consultar,,false,,"Rua Visconde de Rio Branco, 1800, CEP 83005-420",41998211042,@gardenscoffeesjp,,,Wi-Fi,,,,,,,,,,Gardens Coffee
empreendimentos,,,Bares e Cafés,"O Joseph Café é uma cafeteria estrategicamente localizada no piso L1 do Shopping São José. O ambiente acolhedor e tranquilo serve uma variedade de cafés, tortas salgadas e doces, além de pães recheados como o tradicional pão de batata com requeijão. Oferece também opção de brunch e bebidas geladas preparadas com café. Localizado perto do Museu Atilio Rocco. Destaque: Café com bolo sírio e bolo red velvet.","Piso Li do Shopping São José , na Rua Dona Izabel A Redentora, 1434 Q-103",Consultar,,false,,"Piso Li do Shopping São José , na Rua Dona Izabel A Redentora, 1434 Q-103, CEP: 83005-010",41999999826,@josephcafe,bit.ly/josephcardapio,,"Estacionamento, Acessibilidade",,,,,,,,,,Joseph
empreendimentos,Caminho do Vinho,,"Restaurantes, Bares e Cafés","Localizado no Caminho do Vinho, o espaço se destaca pela decoração rústica e pela vista para um lago sereno, sendo ideal para quem busca tranquilidade e contato com a natureza. O nome do estabelecimento homenageia uma das famílias tradicionais da região, cujos descendentes, atuais proprietários, mantêm viva a herança da produção artesanal de vinhos, sucos e geleias — produtos que também integram o café colonial servido no local. Entre os destaques do cardápio estão o porco no tacho, o caldo de mandioquinha com carne seca, empadão, bolo de morango com suspiro, bolo de especiarias e quindim.","R. Júlio César Setenareski, 3883",,,false,,"R. Júlio César Setenareski, 3883, 83290-085",41998345417,,https://www.caminhodovinho.tur.br/juliatto-cafe-colonial/,,"Estacionamento, Acessibilidade, Área Kids",,,,,,,,,,Juliatto Café Colonial
empreendimentos,,,"Restaurantes, Bares e Cafés","O horário estendido permite que clientes aproveitem o jantar com tranquilidade, seja para um encontro informal, uma saída em família ou uma refeição rápida após um dia de trabalho. É recomendável acompanhar as redes sociais para atualizações sobre promoções, novos sabores e possíveis alterações de expediente em datas comemorativas.","R. Alm. Alexandrino, 1087",,,false,,"R. Alm. Alexandrino, 1087, CEP 83040-420",4133832764,@juliattocafecolonial,https://pedidos.labrasaburger.com.br/unidade/sao-jose-dos-pinhais/,,"Estacionamento, Acessibilidade",,,,,,,,,,La Brasa Burguer SJP
empreendimentos,,,Bares e Cafés,"Criada na garagem do antigo e belo casarão que hoje abriga o Empresarial Jankosz. O local é de beleza arquitetônica, possui mesas em um espaço coberto e charmoso e também uma lojinha para aquisição de grãos e equipamentos para preparar o café em casa. Local charmoso e aconchegante, cafés selecionados, destaque para o Moccha Belga, receita desenvolvida pela casa.","Empresarial Jankosz R. Visc. do Rio Branco, 1604",Consultar,,false,,"Empresarial Jankosz R. Visc. do Rio Branco, 1604, CEP 83005-420",41998174396,@lindacafeteria,,,"Acessibilidade, Lojinha",,,,,,,,,,Linda Café
empreendimentos,Caminho do Vinho,,Bares e Cafés,"Local tranquilo para começar o dia ou fazer uma pausa durante a viagem no caminho das colônias. A padaria é artesanal e os doces são lindos e difíceis de escolher. Tem cafeteria anexa e ótimas opções para levar para presentear amigos e familiares. Você pode escolher doces e salgados na padaria e complementar com opções de cafés especiais, drinks e brunch na área da cafeteria. A cafeteria possui mesas para pequenos grupos e tem uma bela decoração com destaque para o tabuleiro de xadrez vertical.","R. Carlos Drumond de Andrade, 348 2 endereços",,,false,,"R. Carlos Drumond de Andrade, 348 2 endereços, CEP 83015-440",41991879137,@padarialusi,,,"Wi-Fi, Acessibilidade, Aceita Cartão",,,,,,,,,,Lusi Padaria & Confeitaria Costeira
empreendimentos,,,"Restaurantes, Bares e Cafés","O Madero é uma rede de restaurantes fundada pelo chef Júnior Durski, conhecido por seu hambúrguer artesanal. A marca foi criada em 2005, em Curitiba, com o primeiro Steak House localizado no Largo da Ordem, e expandiu-se para São José dos Pinhais em 2008, com uma unidade no Shopping São José. O restaurante também se destaca pela beleza de sua arquitetura e pelas cores diferenciadas, proporcionando uma experiência estética sofisticada. As receitas mais famosas do chef Júnior Durski são o Cheeseburger, o L’Entrecôte e o Petit Gâteau de doce de leite.",Av. Rocha Pombo Área Institucional Aeroportuária,Consultar,,false,,,4130121794,@maderobrasil,www.restaurantemadero.com.br,,"Estacionamento, Acessibilidade",,,,,,,,,,Madero Steak House Afonso Pena
empreendimentos,,,Bares e Cafés,"O Marina 2 é um complexo onde funciona a lanchonete Marina 2 e 9 campos de futebol que atendem aos times e grupos de amigos da região e mesmo de outras cidades. São realizados diversos eventos ligados ao mundo do futebol ao longo do ano. O nome da lanchonete foi dado em homenagem à esposa do Élcio Negoseke, criadora do famoso bolinho de carne da região. O bolinho de Marina foi posteriormente aperfeiçoado para comercialização pelo marido, fazendo nascer a fama do ""Elcio do Bolinho"".","Está dentro do complexo de futebol do Elcio do Bolinho R. José Francisco Negoseki, 1025",Consultar,,false,,"Está dentro do complexo de futebol do Elcio do Bolinho R. José Francisco Negoseki, 1025, CEP 83020-838",41992241994,@bardoelciodobolinho,,,"Wi-Fi, Banheiros, Churrasqueira, Área Kids, Estacionamento, Área para camping",,,,,,,,,,Marina 2 Bar e Futebol
empreendimentos,,,Bares e Cafés,"Com uma atmosfera descontraída e funcionários tão amigáveis quanto suas cervejas e drinks gelados, o Mr. Hoppy é uma rede especializada em chopes especiais, drinks, porções e hambúrgueres artesanais. Os atendentes são corteses, a decoração é convidativa e interessante, tornando o local muito agradável. Uma boa opção para reunir-se com a família e amigos, experimentar opções como chop de vinho e os hambúrgueres artesanais em uma atmosfera acolhedora.","R. Veríssimo Marques, 1442",Consultar,,false,,"R. Veríssimo Marques, 1442, CEP 83005-410",41998868529,@mrhoppysjp,mrhoppy.com.br,,"Wi-Fi, Acessibilidade",,,,,,,,,,Mr Hoppy beer & burguer
empreendimentos,Caminho do Vinho,,Bares e Cafés,"Inserido no tradicional Caminho do Vinho, o Nostra Italia é um espaço que combina o charme de uma cafeteria italiana e o aconchego de uma osteria (pequeno restaurante com atmosfera familiar). A proposta do local é proporcionar aos clientes uma pequena experiência da Itália no Caminho do Vinho. Bebidas autorais com cafés especiais de alta pontuação; pães especiais. Arquitetura típica, beleza estética.","R. Júlio César Setenareski, 2900",Consultar,,false,,"R. Júlio César Setenareski, 2900, CEP 83085-290",41991139651,@nostraitaliacafe,,,Estacionamento,,,,,,,,,,Nostra Italia Cafeteria & Osteria
empreendimentos,,,Bares e Cafés,"Hamburgueria e bar de esportes. Além dos hamburgueres artesanais de nomes criativos relacionados ao esporte e chopp gelado, a batata da casa também faz muito sucesso entre os frequentadores. O local é elogiado pelo sabor dos hamburgueres como também pela boa música, pelo ambiente familiar, aconchegante e bem cuidado. Pedidos podem vir acompanhados de maionese da casa, de pimenta, maionese de wasabi ou molho barbecue. Hamburgueres artesanais e sanduiches autorais batizados com nomes relacionados ao esporte.","R. Mendes Leitão, 3197",Consultar,,false,,"R. Mendes Leitão, 3197, CEP: 83005-150",41991110068,@overtime.burgers,www.overtimeburgers.com.br,,Wi-Fi,,,,,,,,,,Overtime Sport Burguer
empreendimentos,,,Bares e Cafés,Opção de padaria e confeitaria na região do bairro Cruzeiro. Oferece variedade de doces e salgados e também oferece almoço e marmitex. Possui estrutura para receber pequenos grupos (15 – 20 pessoas).,"Alameda Arpo, 1243",Consultar,,false,,"Alameda Arpo, 1243, CEP 83010-290",41997873961,@panisena,https://panisena.menudino.com,,"Estacionamento, Acessibilidade, Banheiros",,,,,,,,,,Pani Sena
empreendimentos,,,Bares e Cafés,"Oferece uma variedade de pães, bolos, lanches rápidos e doces, muitos deles de fabricação própria. O ambiente é simples e acolhedor, com opções de café da manhã, lanches rápidos e encomendas para eventos, como festas e confraternizações. É um ponto de alimentação estratégico durante o dia, na região. Principalmente para quem passa pela manhã.","R. Antonio Singer, 4842",,,false,,"R. Antonio Singer, 4842, Campo Largo da Roseira, CEP 83091-002",41991338734,,,,Estacionamento,,,,,,,,,,Panificadora Costa
empreendimentos,,,Bares e Cafés,"A Manumania é uma panificadora que, além de diferentes opções de lanches e produtos de café da manhã, oferece almoço durante a semana, café colonial e feijoada aos sábados. O torresmo também é preparado segundo receita própria. Organiza festival de esfihas, possui uma grande variedade de receitas próprias, doces e salgados bem acabados. Café colonial e feijoada aos sábados; temporada de caldos no inverno",R. Cap. Tobias Pereira da Cruz,Consultar,,false,,"R. Cap. Tobias Pereira da Cruz, CEP 83005-050",41999674151,@manu_manias,,,"Estacionamento, Acessibilidade",,,,,,,,,,Panificadora Manumania
empreendimentos,Destinos do Campo,,"Restaurantes, Bares e Cafés","Produtos coloniais, padaria, confeitaria e lanchonete diversificada, oferece variedade de produtos para quem está indo ou chegando de viagem e precisa de abastecer a despensa. Encontra-se de tudo um pouco. Parada estratégica para ciclistas e viajantes recuperarem as energias. Boas opções de pães de fabricação própria, bebidas quentes, além de ovos caipiras, favos de mel e geléias de produção local. Possui mesas externas e internas. Destaque: Sanduíche Colonial no Pão Caseiro, produtos orgânicos.","BR-376, s/n Contenda",,,false,,"BR-376, s/n Contenda, CEP 83183-000",41999065568,@padaria.nogueira,panificadoranogueira376.com.br,,"Banheiros, Estacionamento",,,,,,,,,,Panificadora Nogueira BR 376
empreendimentos,,,Bares e Cafés,"A padaria oferece uma diversidade de doces e salgados muito bem preparados, além de bolos, panetones e biscoitos de fabricação própria. Um local que atende muito bem pessoas que buscam desde um café rápido até um brunch, com mesas para trabalhar ou fazer uma pequena reunião enquanto apreciam o café. O espaço possui poucas mesas. Broa úmida de fubá, pães artesanais, biscoitos natalinos.","R. Mendes Leitão, 3806",Consultar,,false,,"R. Mendes Leitão, 3806, CEP 83005-150",4136341131,@nogueirapanificadora,,,Wi-Fi,,,,,,,,,,Panificadora Nogueira Centro
empreendimentos,Rota das Colônias,,Bares e Cafés,"Ambiente simples e objetivo; oferecer boas opções para quem quer somente um pão com manteiga ou prefere um café ou lanche reforçado. No cardápio, além do pão francês, estão: mini pão de frios, esfiha aberta, mini pizza, língua de sogra, cuca recheadas, torteletes de creme com morangos ou uvas, sonhos e muitas opções de bolos para quem quer comemorar aniversário de forma descontraída. É uma parada estratégica para quem está de passagem pelas proximidades e já se transformou em parada obrigatória para ciclistas.","R. Dr. Murici, 1105",Consultar,,false,,"R. Dr. Murici, 1105, CEP 83015-290",4199284132,@pao_da_colonia,,,Estacionamento,,,,,,,,,,Pão da Colônia Panificadora
empreendimentos,,,Bares e Cafés,"É a pastelaria mais tradicional da cidade. Oferece a mesma qualidade e sabor há anos, o que traz um gosto de infância aos moradores! Com uma variedade de pastéis, lanches e porções feitos na hora, é uma opção para um lanche rápido no centro da cidade. Sem frescura gourmet, a fachada simples esconde a praticidade, qualidade e preço justo. Local apreciado por ciclistas. Turistas estrangeiros gostam de comprar o molho que é servido junto com o pastel. Possui opções de pastéis doces.","Av. Rui Barbosa, 9176",Consultar,,false,,"Av. Rui Barbosa, 9176, Centro, 82530-060",4130351577,@PastelariaTioPedro,,,"Acessibilidade, Área Kids",,,,,,,,,,Pastelaria Tio Pedro
empreendimentos,,,Bares e Cafés,"Criado com a missão de promover uma fusão cultural característica da cultura brasileira, o local oferece uma fusão cultural de arte urbana, boa música com a gastronomia. A atmosfera única promove desde o Hip Hop e Rap até o eletrônico, com performances ao vivo de quinta a domingo. A experiência gastronômica inclui receitas autorais de hamburgueres, drinks e cerveja. Comida e música alternativa até a madrugada","Rua Tv. José Zillioto, 105",Consultar,,false,,"Rua Tv. José Zillioto, 105, CEP 83005-080",41999068102,@phunksoundroom,,,Wi-Fi,,,,,,,,,,Phunk Sound Room
empreendimentos,,,Bares e Cafés,"Rede brasileira que oferece opções gastronômicas preparadas com carne de porco de alta qualidade, oferece receitas tradicionais e inovadoras. Podem ser consumidas à mesa, no balcão ou em pé. Referência em Carne de porco de alta qualidade","R. Sete de Setembro, 328 Centro",Consultar,,false,,"R. Sete de Setembro, 328 Centro, CEP: 83005-100",419964557694134036378,@porks_sjp,,,"Pet Friendly, Wi-Fi, Estacionamento",,,,,,,,,,Porky's
empreendimentos,,,"Restaurantes, Bares e Cafés","A hamburgueria tem como proposta o atendimento rápido em ambiente casual. Os hamburgueres são feitos com carne fresca, o que dá mais sabor ao produto final. Possuem cardápio online e costumam fazer edições limitadas de alguns tipos de hamburgueres e doces. Edições limitadas de hamburgueres e doces que não estão no cardápio.","R. Nilto Jacob, 81",,,false,,"R. Nilto Jacob, 81, Parque da Fonte, 83050-670",41995768190,@rizzardbr,ww.rizzardsjp.menudino.com,,"Wi-Fi, Estacionamento, Acessibilidade",,,,,,,,,,Rizzard hamburgueria
empreendimentos,,,Bares e Cafés,"O Bar do Seu Luis oferece comida de boteco, com aperitivos e drinks muito bem preparados. Considerado o melhor bar de São José dos Pinhais em 2023. O ambiente é familiar, animado e muito concorrido. Atende por ordem de chegada. É recomendável fazer a reserva para evitar tempo longo de espera. Atende grupos. Música ao vivo (sertanejo, pagode, samba). Cozinha chefiada pela cheff Julia Marianna Rodrigues Block. Referência em Comida de Boteco.","Tv. José Ziliotto, 223 Centro, São",Consultar,,false,,"Tv. José Ziliotto, 223 Centro, São, CEP 83005-080",4135345747,@barseuluis,,,"Wi-Fi, Área Kids",,,,,,,,,,Seu Luiz Bar & Petiscaria
empreendimentos,,,Bares e Cafés,"O Tere Nogueira oferece uma seleção de pães, bolachas, bolos e café, todos artesanais e preparados com criatividade e paixão pela gastronomia. Destaca-se pela variedade de opções de lanches, produtos sempre frescos e um ambiente acolhedor e diferenciado. Local aconchegante e climatizado, pães artesanais, lanche para crianças, mesas em espaço coberto e mesas em espaço aberto. Transforma pratos simples em sofisticados, sem cobrar preços astronômicos. Você pode experimentar a criatividade da casa em um pão na chapa, um pão com ovo ou um delicioso bolo de strogonoff de nozes com damasco. Serve almoço de segunda a sábado.","Av. Rui Barbosa, 8371",,,false,,"Av. Rui Barbosa, 8371, CEP: 83040-550",4130586552,@terenogueirapadaria,,,"Wi-Fi, Acessibilidade, Estacionamento",,,,,,,,,,Tere Nogueira Bolacharia e padaria
empreendimentos,,,Bares e Cafés,"Nesse charmoso ateliê de bolachas austríacas mãe e filha se uniram para criar bolachas artesanais cuidadosamente preparadas. As receitas de família são cuidadosamente preparadas e proporcionam uma experiência única. Os clientes podem desfrutar de um café completo e artesanal em um jardim lindamente decorado. A decoração inspirada na Áustria transporta os visitantes para um cenário de contos de fada, tornando cada visita uma experiência encantadora. As bolachas surpreendem pelo sabor, textura e aroma. A decoração do Jardim e de todo o local transporta a pessoa para a Europa e com elementos da natureza.","R. Ivaí, 216",Consultar,,false,,"R. Ivaí, 216, CEP 83020-080",41999036008,@titollabolachas,www.titollabolachas.com.br,,Wi-Fi,,,,,,,,,,Titolla Café Ateliê de Bolacha
empreendimentos,,,"Restaurantes, Bares e Cafés","A hamburgueria se caracteriza por sua originalidade no preparo de diferentes combinações de ingredientes. O cardápio foge da concepção tradicional de hambúrgueres e fritas, utilizando pães artesanais, formatos criativos e inusitados. Oferece uma experiência diferenciada, edições limitadas, hambúrguer preparado com croissant e misturas inusitadas, como o Fucking Fries, que leva batata palito frita, coberta com Nutella, sorvete de creme e finalizado com leite ninho.","R. Dr. Flávio Zetola, 371",,,false,,"R. Dr. Flávio Zetola, 371, CEP 83030-680",41992564769,@_wolfsb,www.wolfsbr.com,,"Wi-Fi, Acessibilidade",,,,,,,,,,Wolf Grelhados Hamburguer
empreendimentos,,,Bares e Cafés,"É uma pequena padaria e confeitaria artesanal com foco em produtos feitos à mão. Oferece desde pães de fermentação natural até bolos, doces, salgadinhos e itens personalizados como mini-assados e bolos temáticos. Produtos feitos sem conservantes, atendimento simpático e ambiente agradável. Os produtos são bem acabados e cuidadosamente organizados na vitrine, proporcionando também uma experiência estética a quem passa por ali.","R. Paraiso, 484",Consultar,,false,,"R. Paraiso, 484, CEP 83070-165",41984303095,@zeppolipaesedoces,,,Acessibilidade,,,,,,,,,,Zeppolis Pães e Doces
empreendimentos,,,Compras e Produtos Locais,,,Consultar,,false,,,,,,,,,,,,,,,,,Item_Sem_Nome
empreendimentos,,,Compras e Produtos Locais,"O armazém é um quiosque que funciona como importante ponto de venda de produtos coloniais e artesanato local. Os vendedores são os próprios produtores que fazem rodízio entre si. Produtos coloniais, morangos congelados.","R. Quinze de Novembro, em frente ao No 2025",Consultar,,false,,"R. Quinze de Novembro, em frente ao No 2025, CEP 83005-000",41987880672,@quiosqueecosolsjp,,,,,,,,,,,,,Armazém do Produtor Quiosque
empreendimentos,Caminho do Vinho,,Compras e Produtos Locais,"Armazém de móveis rústicos, oferece móveis de qualidade em madeira maciça tais como sofás em madeira e couro, bancos, a clássica namoradeiras, mesa e banquetas em peroba, com detalhes em ladrilhos no estilo colonial. Está localizado próximo ao Caminho do Vinho e Colônia Murici.","R. Dr. Murici, 4155 Costeira",,,false,,"R. Dr. Murici, 4155 Costeira, CEP 83015-290",41995520664,@armazem.rustico,,,"Estacionamento, Acessibilidade",,,,,,,,,,Armazén Rústico Moveis
empreendimentos,,,Compras e Produtos Locais,"Especializada em serviços farmacêuticos, possui um singelo museu da arte farmacêutica composto por equipamentos e vidrarias antigas. Dispõe de serviço de entrega de medicamentos e oferece uma ampla variedade de produtos de beleza, cuidados dermatológicos e complementos de saúde.","MATRIZ R: Isabel a Redentora, 2076; R. Visc. do Rio Branco, 1945 FILIAL",Consultar,,false,,"MATRIZ R: Isabel a Redentora, 2076; R. Visc. do Rio Branco, 1945 FILIAL, CEP: 83005-010",41991694197,@artepharmaceutica,www.artepharmaceutica.com.br,,"Estacionamento, Acessibilidade",,,,,,,,,,Arte Pharmacêutica
empreendimentos,,,Compras e Produtos Locais,"Loja tradicional especializada na venda de materiais e equipamentos para diversas modalidades esportivas, incluindo sobrevivencialismo. A loja oferece uma diversidade de produtos para a prática de camping, cutelaria, defesa pessoal, natação, pesca, arco e flecha, futebol, artes marciais, natação, tênis e tênis de mesa. Também comercializa medalhas e troféus.","Rua Dona Izabel A Redentora, 1901",Consultar,,false,,"Rua Dona Izabel A Redentora, 1901, CEP: 83005-010",41996983369,@loja_azdeespadas,www.azesportesecamping.com.br,,,,,,,,,,,,Az de Espadas Loja
empreendimentos,Destinos do Campo,,Compras e Produtos Locais,"Conhecida por sua coleção de plantas raras, como begônias, samambaias e cactos, além de flores sazonais como as flores de outubro, flores de maio e cacto orquídea, cada exemplar é cuidadosamente mantido. O zelo e a dedicação da florista transparecem na beleza exuberante das folhas e flores, tornando a Beja Flor uma boa parada para os amantes da natureza e da jardinagem.","Estrada do Gêre, 1540",,,false,,"Estrada do Gêre, 1540, CEP: 83091-010",41996266685,@beijaflorplantasraras; @IraciPereiraIrisPereira/videos,,,Estacionamento,,,,,,,,,,Beija Flor Plantas Nativas e Raras
empreendimentos,,,"Compras e Produtos Locais, Apoio ao Turista","Loja especializada na venda de bicicletas, peças e equipamentos para ciclistas tanto amadores quanto profissionais. Promove diversos cursos ligados à manutenção da bicicleta e à conduta do ciclista. Oferece circuitos para todas as modalidades, sejam ciclistas iniciante ou experiente. Não é necessário possuir uma bicicleta própria para participar dos circuitos, pois a loja oferece serviço de aluguel com uma variedade de modelos disponíveis.","R. Jorge Mansos do Nascimento Teixeira, 210",,,false,,"R. Jorge Mansos do Nascimento Teixeira, 210, CEP: 83005-500",4132836829,@bikeshoping,bikeshop.cgdw.com.br,,Acessibilidade,,,,,,,,,,Bike Shop Adventure
empreendimentos,,,Compras e Produtos Locais,"Criação artesanal de móveis rústicos utilizando madeiras que seriam descartadas em peças exclusivas, belas e duráveis. Móveis rústicos resinados refinados e elegantes.","Av. Rui Barbosa, 7735",Consultar,,false,,"Av. Rui Barbosa, 7735, CEP: 83005-340",41996326659,@bioarts.marcenaria,www.bioartsmarcenaria.com.br,,,,,"Cada móvel é cuidadosamente tratado com resina epóxi e depois lapidado, gerando peças únicas para cada cliente. O trabalho é artesanal e a venda é feita por encomenda através de plataformas online. A loja física está programada para 2025.",,,,,,,Bio Arts Marcenaria
empreendimentos,,,Compras e Produtos Locais,"A loja tem sua origem nas receitas centenárias da Vó Elza da cidade de Gaspar, Santa Catarina e estabelecidas em Curitiba desde 1998. A loja tem ótimas lembrancinhas tradicionais e também criativas na forma de biscoitos para quem passa pela cidade. Lembrancinhas para todas as idades; biscoitos para colorir e comer.","Rua Izabel A Redentora, 1434, Loja 128, Piso L1, Shopping São José",,,false,,"Rua Izabel A Redentora, 1434, Loja 128, Piso L1, Shopping São José, CEP 83005-010",4132161029,@bolachasvovoelza,lojabolachasvovoelza.com.br,,"Estacionamento, Acessibilidade",,,,,,,,,,Bolachas Vovó Elza
empreendimentos,,,Compras e Produtos Locais,"A loja possui autenticidade e combina tradição, estilo e o charme do rústico. Cada peça é escolhida com esmero pela proprietária. Oferece uma variedade impressionante de móveis e objetos de decoração vindos de várias partes do Brasil. Proprietária faz criteriosa curadoria de peças de madeira, objetos de cerâmica de todo o Brasil. Local para quer ter inspiração e ter idéias para de casa de campo e decoração estilo country. Peças para decoradores.","Rod. Br 376, 2131",Consultar,,false,,"Rod. Br 376, 2131, CEP: 83005-446",41995890921,@casadocampomoveisrusticos; @casadocampo699,www.ccmoveisrusticos.com.br,,Estacionamento,,,,,,,,,,Casa do Campo Móveis Rústico e Decoração
empreendimentos,,,Compras e Produtos Locais,"O local é simples e reúne cerâmica e olaria. Os produtos surpreendem pela qualidade e acabamento dos tijolos refratários usados para a construção de fogões a lenha e churrasqueiras, incluindo tijolos maciços, curvos e com diferentes espessuras. Além disso, oferece acessórios de ferro fundido de alta qualidade como fornos, chapas e portas, garantindo um acabamento resistente e duradouro. O proprietários são atenciosos e o local ainda tem equipamentos para quem gosta de cozinhar. O tijolos refratários maciços e curvos de alta qualidade, produtos de ferro da região de Cláudio, MG que combinam perfeitamente com os tijolos; produtos de ferro para cozinha rústica","R. Teófilo Negosek, 296  (Também chamada de Nestor Negoseki)",,,false,,"R. Teófilo Negosek, 296  (Também chamada de Nestor Negoseki), CEP: 83020-836",41985363345,https://linktr.ee/tortatoficial; @tortatoficial,www.tortatoficial.com.br,,Estacionamento,,,,,,,,,,Cerâmica Tortato
empreendimentos,,,Compras e Produtos Locais,"O local é rústico e oferece sucos, doces, salgados e produtos coloniais, venda de cogumelos paris, morango, verduras e legumes. Lanches coloniais, verduras, legumes, morangos, cogumelo Paris.",R. Lisímaco Cruz Area Rural,Consultar,,false,,R. Lisímaco Cruz Area Rural,41997017985,@produtosrzeznik,,,"Estacionamento, Acessibilidade",,,,,,,,,,Chácara Gomes Produtos Rzeznik
empreendimentos,Caminho do Vinho,,Compras e Produtos Locais,"É um centro comercial de médio porte localizado no bairro Costeira. Oferece aproximadamente 32 lojas distribuídas entre comércio e serviços localizada em ponto estratégico para quem está na região, ou próximo ao Caminho do Vinho. Ponto de parada estratégico muito apreciado por ciclistas. Serviços e compras de apoio ao turista/ciclistas","Alameda Arpo, 2565",Consultar,,false,,"Alameda Arpo, 2565, CEP 83010-290",,@r7comercialalameda,,,"Restaurante, Acessibilidade, Estacionamento",,,,,,,,,,Complexo Comercial  R7
empreendimentos,,,Compras e Produtos Locais,"É referência em moda country e também se destaca pelo apoio a eventos da cultura country, incluindo projetos voltados para jovens. Oferece variedade de produtos masculinos, femininos e infantis, incluindo para bebês, além de acessórios de couro legítimo. Destacam-se peças bordadas para rodeios, chapéus em feltro e palha, botas texanas, botinas para trabalho, fivelas, moda campeira e itens tradicionais como tererê e cuia. Desenvolve o projeto 4 x 4 que visa divulgar a cultura country entre jovens.","R. Barão do Cerro Azul, 2828",,,false,,"R. Barão do Cerro Azul, 2828, CEP: 83025-140",41999526687,@copenhagenstorebrasil,www.copenhagenoficial.com.br,,Estacionamento,,,,,,,,,,Copenhagen Store Moda Country
empreendimentos,,,Compras e Produtos Locais,"O Empório Vinhos e Olivas é conhecido por sua seleção sofisticada de produtos importados de alta qualidade, incluindo chocolates Nugali, variedades de azeitonas, tábua de frios com produtos da Vale Fertil e presentes especiais. Também são encontrados queijos, com destaque para o Queijo Tipo Asiago Witmarsum, de sabor doce e delicado e os vinhos selecionados para cada ocasião. Destaques incluem azeitonas, produtos Vale Fértil, caponata siciliana e pão italiano artesanal.","R. Joinville, 3060",,,false,,"R. Joinville, 3060, São Pedro, CEP 83020-000",41991646655,@emporio_vinhoseolivas,,,"Estacionamento, Acessibilidade",,,,,,,,,,Empório Vinhos & Olivas
empreendimentos,,,Compras e Produtos Locais,"Feira dos produtores locais que acontece aos sábados no estacionamento da loja agropecuária CLAC Cooperativa de Laticinios Curitiba Ltda. Nesta feira, são vendidos produtos tais como embutidos, hortaliças, pães caseiros, massas e bolos. Ela permite que os produtores comercializem o excedente de produção que não conseguiram vender durante a semana.","R. Colombo, 1975",,,false,,"R. Colombo, 1975, CEP: 83025-300",4130355850,@cooperativa-de-laticinios-curitiba,https://clac.lwsite.com.br/,,,,,,,,,,,,Feira do Produtor Mercado
empreendimentos,,,Compras e Produtos Locais,"A Fiets se destaca por oferecer bicicletas e equipamentos de alta qualidade para ciclistas de todos os níveis, seja para estrada, pista ou trilha. Ponto de parada e de apoio para ciclistas e simpatizantes, possui um café junto com a loja. A empresa atende tanto atletas profissionais quanto amadores. Além de bicicletas, oferece uma variedade de produtos complementares, como tênis, vestuário, peças e equipamentos.","R. Jorge Mansos do Nascimento Teixeira, 780",Consultar,,false,,"R. Jorge Mansos do Nascimento Teixeira, 780, CEP 83005-500",4131465945,@fietssaojose,www.fiets.com.br,,"Estacionamento, Acessibilidade, Wi-Fi, Restaurante",,,,,,,,,,Fiets Bikes
empreendimentos,,,Compras e Produtos Locais,"A Holy Bikes é uma loja especializada em bicicletas novas e usadas, peças e acessórios, estrategicamente posicionada no complexo R7, por onde passam inúmeros ciclistas. A loja oferece equipamentos de manutenção e apoio aos ciclistas.","Alameda Arpo, 2565, loja 20 Complexo R7",,,false,,"Alameda Arpo, 2565, loja 20 Complexo R7, CEP: 83010-290",4136780193,@holybikessjp,,,,,,,,,,,,,Holy Bikes
empreendimentos,,,Compras e Produtos Locais,"Oferece compras estratégicas para o dia a dia para os moradores locais e para quem está passando pela região. São encontrados itens básicos como alimentos, itens de higiene e limpeza, água, cuias para chimarrão, etc.","R. Carlos Kusma, 59",,,false,,"R. Carlos Kusma, 59, CEP 83183-000",41995919333,,,,Estacionamento,,,,,,,,,,Mercado Zeglin
empreendimentos,,,Compras e Produtos Locais,"Roni Sebben é um ecodesigner e empresário de projetos de madeira além de proprietário de reserva particular na Serra da Guaricana. Roni transforma troncos descartados e árvores retiradas pela Copel em bancos, esculturas de madeira, puffs de eucalipto. Suas peças valorizam e dão visibilidade ao material natural e também proporciona uma destinação nobre para a madeira. Produtos rústicos que harmonizam-se com a paisagem.",Estrada da Velha Guaricana,Consultar,,false,,Estrada da Velha Guaricana,4199957851,@roni.sebben,,,Acessibilidade,,,,,,,,,,Mobiliario do Designer Roni Sebben
empreendimentos,Rota das Colônias,,Compras e Produtos Locais,"Empresa familiar que se dedica à produção artesanal de doces e molho de tomate. Boa parte das matérias-primas utilizadas na produção é cultivada na propriedade da família. O pomar da agroindústria funciona como uma sala de aula aberta, sendo procurado desde estudantes universitários à escoteiros que se interessam em conhecer a produção agrícola da família. Oferece visitas guiadas ao pomar.","R. Dr. Murici, 7166",,,true,,"R. Dr. Murici, 7166, CEP 83085-235",41992446016,@g.konhol,,,"Estacionamento, Visita Guiada",,,,,,,,,,Konhol Agroindústria Geleias e Doces
empreendimentos,Caminho do Vinho,,Compras e Produtos Locais,"Produção de morangos in natura e congelados. Seus frutos são muito apreciados pelos moradores locais, comerciantes e boleiras da região que usam a fruta no preparo de arranjos. A propriedade cultiva morangos para abastecer a Ceasa. As encomendas devem ser feitas previamente pelo whatsapp e agendar o horário para retirada no local.","R. Benjamim Negoseki, 5556A",Consultar,,false,,"R. Benjamim Negoseki, 5556A, CEP 83021-250",41991962966,,,,"Estacionamento, Acessibilidade",,,,,,,,,,Pezão Morangos
empreendimentos,,,Compras e Produtos Locais,"Loja indicada para quem aprecia as modas campeira e country. Oferece produtos veterinários, rações em geral e selaria. É reconhecida pelo incentivo ao desenvolvimento agropecuário no município e realiza entregas para todo o Brasil. Dispõe de uma ampla variedade de trajes gaúchos e country, incluindo calças, botas, chapéus masculinos e femininos, cintos e produtos de couro, além de ponchos femininos, saias de prenda, bombachas capeiras, ponchos crioulo e saias em Oxford.","R. Joinville, 3829",Consultar,,false,,"R. Joinville, 3829, CEP: 83005-550",41992254009,@ponchocrioulo,,,"Estacionamento, Acessibilidade",,,,,,,,,,Poncho Crioulo
empreendimentos,Caminho do Vinho,,Compras e Produtos Locais,"Oferece móveis rústicos de fabricação própria feitos com madeira de demolição. Destacam-se as tradicionais cristaleiras de madeira de peroba, os bancos com couro, as grandes mesas de madeira com cadeiras ripadas, dentre outros. Móveis pesados e resistentes.","Rodovia BR 376 km 14 n15250 , São José dos Pinhais PR, 83015-000",Consultar,,false,Uma loja para quem gosta de apreciar a arte de trabalhar a madeira,"Rodovia BR 376 km 14 n15250 , São José dos Pinhais PR, 83015-000",41992056339,@portalmoveisrusticos; @portalmoveisrusticosmurici,,,"Estacionamento, Acessibilidade",,,,,,,,,,Portal Móveis Rústicos
empreendimentos,Destinos do Campo,,Compras e Produtos Locais,"Carla Helena e Antonio Gualano trazem a autêntica tradição italiana à Queijaria Sapori Italiani, produzindo queijos artesanais com leite de vaca Jersey de alta qualidade, com curas que variam de 2 a 10 meses. São destaques a ricota cremosa, o caciocavallo, queijos trança, Scamorza e San Gargano. A queijaria tem como referência cultural e gastronômica Puglia, região Sul da Itália onde a família de Antônio produz queijos há quase 50 anos. Queijo Caciocavallo Medalha PRATA no VI Prêmio Queijo Brasil, 2023; Queijo Scamorza ao vinho Medalha OURO no VI Prêmio Queijo Brasil, 2023.","R. Estéfano Woicikievisz, 12",,,false,,"R. Estéfano Woicikievisz, 12, CEP: 83085-505",41997848684,@queijariasaporiitalian,https://linktr.ee/queijariasaporiitaliani,,"Estacionamento, Acessibilidade",,,,,,,,,,Queijaria Sapori Italiane
empreendimentos,,,Compras e Produtos Locais,"Destaca-se por ter a maior cuia do Brasil em sua área externa, medindo 12,20m de altura e 5,5m de diâmetro, sendo também a única cuia giratória do país. Atende às necessidades dos amantes da cultura gaúcha. É uma loja completa do sul do Brasil, oferecendo uma variedade de produtos típicos, como erva mate, cachaças e itens de moda sulista. Com belas palas femininas, cuias e bombas para chimarrão, seleção de facas e produtos de decoração. É uma loja completa para quem deseja conhecer a cultura do Sul. Oferece também vários tipos de cachaças brasileiras e produtos mineiros.","Av. das Américas, 2212",Consultar,,false,,"Av. das Américas, 2212, CEP: 83030-640",41997630092,@ranchodacuia; @rancho.da.cuia,www.ranchodacuia.com.br,,"Estacionamento, Acessibilidade",,,,,,,,,,Rancho da Cuia
empreendimentos,Destinos do Campo,,Compras e Produtos Locais,"A propriedade produz queijos artesanais sem adição de conservantes. Entre seus produtos, destacam-se o queijo minas frescal com limão e ervas, frescal temperado, frescal em formato de coração, nozinho grande, mininozinho, queijo meia cura e doce de leite. A empresa realiza entregas em Curitiba e região. Queijo Minas Frescal temperado com limão e ervas e mininozinho","R. Carlos Kuzma, S/N, a 1,4 Km da Capela |N. Senhor Bom Jesus  Campestre da Faxina",Consultar,,false,,,41995337797,@rancho2irmaos,,,,,,,,,,,,,Rancho dois Irmãos
empreendimentos,,,Compras e Produtos Locais,"Esta localizada na galeria do supermercado Condor. A loja foi criada inicialmente para oferecer ao mercado opções de presentes masculinos. Possui uma variedade de facas personalizadas que destacam pelo design e qualidade além de brindes corporativos. Facas de design diferenciado de alta qualidade, tábua de madeira madeiras nobres.","R. Joinville, 3001 Loja 07 (Dentro da galeria do supermercado Condor)",Consultar,,false,,"R. Joinville, 3001 Loja 07 (Dentro da galeria do supermercado Condor), São Pedro, 83020-000",41984806622,@rkfacas_eacessorios,,,"Estacionamento, Acessibilidade",,,,,,,,,,RK Gravações à Laser
empreendimentos,Rota das Colônias,,Compras e Produtos Locais,"Localizada perto do Orquidário das Araucárias, o artesão Reginaldo Haluch produz vários tipos de facas artesanais tais como faca de pesca, santoku, facão kukri, acabamento brut forge e diversos produtos relacionados com a arte da cutelaria. Produz espetos de aço para churrasco, recupera antigos facões, afia disco de arado, vende bainhas e canivetes e faz manutenção de facas, troca de cabos e afiações em geral tais como de disco de arado a alicate de cutícula. Também faz cópia de chaves.","Rua Isidoro Haluch,110 B",,,false,Local de produção de facas artesanais,"Rua Isidoro Haluch,110 B",41999253293,@regi_haluch,,,Acessibilidade,,,,,,,,,,RM Cutelaria
empreendimentos,Rota das Colônias,,Compras e Produtos Locais,"Oferece produtos coloniais 100% suínos, produzidos artesanalmente. Utiliza matéria-prima de alta qualidade para elaborar linguiças, salames, torresmo e banha, com destaque para a linguiça Blumenau, vendida na loja da fábrica. Os visitantes costumam ser atendidos pelo proprietário. Os produtos da salumeria também podem ser encontrados na Feira do Produtor que acontece aos sábados, das 06:00h às 10:00h, na Loja Agropecuária CLAC.","R. José Francisco Negoseki, 589",,,false,,"R. José Francisco Negoseki, 589, CEP 84020-838",41991928825,@salumeria.negosek,,,Estacionamento,,,,,,,,,,Salumeria Negosek
empreendimentos,,,Compras e Produtos Locais,"A loja da fábrica dos produtos Setim está localizada no bairro São Pedro. Oferece oportunidade de compras de excelentes produtos coloniais dentro da cidade, para pessoas que não têm tempo de ir até as colônias. Comercializa conservas, embutidos, doces e compostas típicas, como os tradicionais roll-mops, conserva de sardinha tipicamente alemã, ovos de codorna, dentre outras.","R. São Pedro do Ivaí, 322",,,false,,"R. São Pedro do Ivaí, 322, CEP 83020-070",41999835008,,,,,,,,,,,,,,Setim alimentos
empreendimentos,,,Compras e Produtos Locais,"Localizado na região central e a 7 minutos do aeroporto, possui mais de 170 lojas que se distribuem entre moda, lazer, serviços para o dia a dia, praça de alimentação, cinemas Cinemark. Oferece vasta programação de lazer, ações de sustentabilidade e diversas comodidades. Possui casa de câmbio, lavanderia, salão de beleza, quiosque para impressão de documentos, chaveiro, dentre outros serviços de apoio ao turista.","Rua Izabel A Redentora, 1434",,,false,,"Rua Izabel A Redentora, 1434, Centro, CEP 83005-010",4130351500,@shopsaojose; https://linktr.ee/ShoppingSaoJose,www.shoppingsaojose.com.br,,"Estacionamento, Acessibilidade",,,,,,,,,,Shopping  São José
empreendimentos,,,Compras e Produtos Locais,"A loja oferece moda country com muito estilo. Botas, chapéus, bonés, vestuário feminino e masculino, bijuterias. São encontradas botas em diferentes tipos de couro, com avestruz e jacaré. Oportunidade para conhecer o universo do country através dos objetos e artigos que muitas vezes são verdadeiras obras de arte. Curadoria dos produtos muito bem feita. Produtos de qualidade.","R. Visc. do Rio Branco, 1550",,,false,,"R. Visc. do Rio Branco, 1550, CEP: 83005-420",41992212199,@soberanotexas; @lojasoberanotexas,,,,,,,,,,,,,Soberano Texas Country
empreendimentos,Rota das Colônias,,Compras e Produtos Locais,"Plantação de morangos cultivada por uma família de agricultores dedicados a ter um produto de alta qualidade. Oferece a experiência de colha e pague de morangos, além da venda de morangos ""in natura"" em bandejas, morangos congelados e polpa.","R. Ladislau Toczeck, 757",,,false,,"R. Ladislau Toczeck, 757, CEP 83085-240",41999964066,@morangos_suacki,,,Estacionamento,,,,,,,,,,Suacki Morangos
empreendimentos,,,Apoio ao Turista,"Oferece vários atividades de educação ambiental e desenvolvimento humano, além do acampamento que atividades que promovem um ambiente de confraternização, integração, sociabilidade, aprendizagem e lazer. O lúdico e o lazer são usados como ferramentas para instruir e educar, por meio de atividades educativas, recreativas, esportivas em diferentes projetos que proporcionam aprendizagens sobre a vida no campo, arqueologia, empreendedorismo dentre outras.","Rua Olímpio Cardoso Gomes, n°915",Consultar,,false,Acampamento e esporte de aventura,,41032788723,@tma.acampamentos,www.tiomiro.com.br,,"Estacionamento, Acessibilidade",,,,,,,,,,TMA Acampamentos
empreendimentos,,,Compras e Produtos Locais,"Loja de produtos naturais de alta qualidade. Possui grande variedade de produtos tais como cereais, temperos, óleos e extratos vegetais, farinhas, suplementos. Um de seus destaques é a granola produzida regionalmente. Ponto de apoio para abastecer quem precisa de alimentos saudáveis para viagem ou para cuidar da saúde.","R. Joinville, 2073",Consultar,,false,,"R. Joinville, 2073, CEP 83005-550",41997668917,@viverbemprodutos_naturais,,,Aceita Cartão,,,,,,,,,,Viver Bem Alimentos Integrais
empreendimentos,,,Pousadas e Hotéis Rurais,,,Consultar,,false,,,,,,,,,,,,,,,,,Item_Sem_Nome
empreendimentos,Destinos do Campo,,Pousadas e Hotéis Rurais,A Casa na Árvore é uma pousada que oferece uma experiência mágica em contato com a Mata Atlântica. O espaço construído e decorado foi a realização do sonho de criança da proprietária que pensou em cada detalhe e na privacidade dos hóspedes. A casa possui uma cama de casa e uma beliche. O espaço inclui um parquinho para crianças e diversos eletrodomésticos para uma estadia confortável. Possui um salão para eventos e oferece tranquilidade e proximidade com animais silvestres.,"Estrada de terra saindo da Rua Ana Didi Baptista Gabardo, próximo ao número 2500, ao lado da Chácara Gestsêmani -",,,false,,"Estrada de terra saindo da Rua Ana Didi Baptista Gabardo, próximo ao número 2500, ao lado da Chácara Gestsêmani -, CEP: 81075-015",41996374818,@casanaarvoreventos,abnb.me/EVmg/mOvQd6012E,,"Wi-Fi, Banheiros, Pet Friendly, Churrasqueira, Área Kids, Estacionamento",,,,,,,,,,A casa da árvore
empreendimentos,,,Hotéis,"Localizado no centro, na principal avenida da cidade, possui fácil acesso às rodovias e está a apenas dois quarteirões do Shopping São José. Os quartos são espaçosos e acomodam até 4 pessoas. Restaurante oferece opções vegetarianas. Os apartamentos estão equipados com internet gratuita, frigobar e cozinha compacta, garantindo conforto e conveniência para todos os hóspedes. Seu restaurante oferece buffet de café da manhã e menu à la carte para almoço e jantar. Possui Selo Turismo Responsável (Mtur); possui atendimento em espanhol e inglês.","Avenida Rui Barbosa, 9500",,,false,,"Avenida Rui Barbosa, 9500, CEP 83005-340",41988039219,,https://bit.ly/ASTRONSJP,,"Estacionamento, Acessibilidade, Restaurante, Wi-Fi, Eventos",,,,,,,,,,Astron Hotel São José dos Pinhais
empreendimentos,,,Pousadas e Hotéis Rurais,"O conceito do hotel reúne o charme da arquitetura rústica com a gastronomia colonial. Possui piscinas aquecidas com jacuzzis que convidam a relaxar em meio a uma ampla área verde. Oferece uma estrutura completa para eventos, incluindo cerimônias de casamento, eventos corporativos e um moderno auditório. O restaurante é aberto ao público mas precisa ligar antes. Conceito e decoração do local, expresso na arquitetura e no paisagismo.",Rua Domingos Burakowski 850,Consultar,,false,,"Rua Domingos Burakowski 850, CEP 83115-004",4133985995,@ecohotelbouganville,https://bit.ly/ECOBVILLE,,"Wi-Fi, Estacionamento, Piscina, Pet Friendly, Restaurante, Banheiros, Acessibilidade",,,,,,,,,,Bouganville Eco Hotel
empreendimentos,Rota das Colônias,,Pousadas e Hotéis Rurais,"Administrado pelo Slaviero Hotéis, proporciona uma experiência campestre diferenciada em chalés aconchegantes, em meio às araucárias, árvore símbolo do estado do Paraná. Além da vista para a natureza, o hotel convida os hóspedes a conhecer o vinhedo, trilhas e lagos da propriedade e ainda desfrutar do seu conceituado restaurante Gralha Azul.","Rua Aparecida Góes de Paula, 1300",,,false,,"Rua Aparecida Góes de Paula, 1300, CEP: 83185-000",4131222996,@slavierohoteis; https://linktr.ee/slavierohoteis,https://bit.ly/SLAVIEROSJP,,"Estacionamento, Acessibilidade, Restaurante, Trilhas, Visita Guiada",,,,,,,,,,Boutique Vinícola Araucária Hotel
empreendimentos,,,Pousadas e Hotéis Rurais,"Cabanas construídas no estilo A-frame (estrutura em forma de A) em área rural, com vista para o lago ou para bosque, proporcionando relaxamento e contato com a natureza. O local possui duas cabanas, sendo uma de frente para o lago (Cedro Lago) e outra para o bosque (Cabana Cedro da Mata).","Estrada Ver. Domingos Benvenuto Moletta, SN",Consultar,,false,"Arquitetura A-Frame, tranquilidade, privacidade, organização; oferece cesta com itens básicos de café da manhã e um espumante de boas vindas.","Estrada Ver. Domingos Benvenuto Moletta, SN, CEP 83024-899",41999770801,@cabanacedro,www.cabanacedro.com.br,,Estacionamento,,,,,,,,,,Cabana Cedro
empreendimentos,Destinos do Campo,,Pousadas e Hotéis Rurais,"O local chama atenção pela arquitetura diferenciada de suas habitações: a cabana bolha e a cabana rústica Nó de Pinho. Ambas oferecem todo conforto e são muito bem equipadas, possibilitando aos hóspedes uma experiência de integração com a natureza em u Arquiteturas diferenciadas,.",R. Izaura Ravaglio da Rocha s/n,,,false,,"R. Izaura Ravaglio da Rocha s/n, Campo Largo da Roseria, CEP 83185-000",47999861932,@cananasriodeuma,https://linktr.ee/cabanasriodeuna,,"Estacionamento, Pet Friendly, Wi-Fi, Churrasqueira",,,,,,,,,,Cabanas Rio de Uma
empreendimentos,,,"Hotéis, Pousadas e Hotéis Rurais","Localizado próximo ao portal da cidade, o hotel tem uma proposta de hospedagem para quem busca uma estadia prática. Oferece um ambiente organizado e objetivo com atendimento em inglês e espanhol, além do português. Estacionamento coberto incluso no valor da hospedagem. O hotel dispõe de quartos familiares, casal, casal master, solteiro duplo e solteiro individuais. O café da manhã é simples e costuma ser elogiado pelos hóspedes. Costumam servir granola produzida no município da Fazenda Rio Grande.","R. Joaquim Nabuco, 639",Consultar,,false,,"R. Joaquim Nabuco, 639, Cidade Jardim, CEP 83040-210",41998667617,@hotel.carmelo,www.hotelcarmelo.com.br,,"Estacionamento, Wi-Fi",,,,,,,,,,Carmelo Hotel
empreendimentos,,,"Hotéis, Pousadas e Hotéis Rurais","Inaugurado em agosto de 2000 como Holliday Inn, passou pelas marcas Tulip Inn e Mercore. Em 2023 foi adquirido pelo grupo mineiro Nacional Inn que se destaca pela expansão contínua e pela adaptação às necessidades do mercado turístico e de negócios. A empresa valoriza a hospitalidade mineira, oferecendo conforto e qualidade de serviços aos seus hóspedes.","Rua Barão do Cerro Azul, 261",Consultar,,false,,"Rua Barão do Cerro Azul, 261, CEP 83005-430",41998667998,@hotelcassinotowercuritiba,www.nacionalinn.com.br/hoteis/cassino-tower-curitiba-aeroporto,,"Estacionamento, Acessibilidade, Pet Friendly, Wi-Fi, Restaurante",,,,,,,,,,Cassino Tower Curitiba Hotel Aeroporto
empreendimentos,Caminho do Vinho,,Pousadas e Hotéis Rurais,"A Chácara Tapera proporciona uma experiência de conexão com a natureza. Possui área para camping, animais, lagoas para prática de pesca esportiva, stand-up ou canoagem. Um local para se deconectar, passar tempo com a família, amigos ou consigo mesmo. A área é particular, isolada e possui estrutura para pernoite ou passar o dia. Oferece passeios com veículos 4x4.","R. Vila Nova, 4837 Cachoeira",,,false,,"R. Vila Nova, 4837 Cachoeira, CEP 83022-400",41992880804,@chacara.tapera,airbnb.com/h/chacaratapera,,"Wi-Fi, Estacionamento, Acessibilidade, Área para camping",,,,,,,,,,Chácara Tapera
empreendimentos,,,Pousadas e Hotéis Rurais,"Oferece um ambiente aconchegante, romântico e sofisticado junto à natureza, onde cada detalhe é pensado para o conforto e o encanto dos hóspedes. O local é apreciado por casais em lua de mel. Possui estilo típico de zona rural e o quarto proporciona vista para um lago. Possui fogo de chão no jardim e banheira com hidroterapia. Oferece tábua de frios e cesta de manhã.",R. Guilherme Moreno,Consultar,,false,,"R. Guilherme Moreno, Estrada do Taquaral Queimado, CEP 83149-899",41987475383,@chalecambaradaserra,www.airbnb.com.br/rooms/769690939281827997,,Banheiros,,,,,,,,,,Chalé Cambará da Serra
empreendimentos,Destinos do Campo,,Pousadas e Hotéis Rurais,"A proposta deste chalé é oferecer um local romântico imerso na natureza. Possui um arquitetura estilo chalés dos lugares frios, feito em madeira e está imerso na mata. A cozinha é equipada para os hóspedes prepararem a própria comida. Espaço romântico, beleza cênica, integração com a natureza, tranquilidade, projeto arquitetônico e paisagismo.",R. Anna Didi Baptista Gabardo,,,false,,"R. Anna Didi Baptista Gabardo, CEP 83075-015",41999383193,@chalechamoni,www.holmy.com.br/hospedagem/refugio-romantico-na-natureza/,,"Wi-Fi, Estacionamento, Pet Friendly",,,,,,,,,,Chale Chamoni
empreendimentos,,,Pousadas e Hotéis Rurais,"O nome tem origem na planta Dente-de-leão = Dandelion. Uma cabana confortável para atender pessoas que gostam de estar em contato com a natureza mas não abrem mão do conforto associada ao sossego. Apreciada por casais em lua de mel. Canana de madeira, confortável e silenciosa dentro da mata",Rua Domingos Burakowski s/n,Consultar,,false,,"Rua Domingos Burakowski s/n, CEP 83185-000",41996120303,@dandelioncabanas,airbnb.com/h/dandelioncabanas,,"Churrasqueira, Estacionamento",,,,,,,,,,Dandelion Cabana
empreendimentos,,,Hotéis,"Hotel econômico e bem localizado na cidade, é muito procurado por pessoas que buscam hospedagens rápidas. Dispõe de quartos preparados para famílias e exclusivos para não fumantes. Aceita animais de estimação.","R. Carolina Manafes Ligoki, 305",Consultar,,false,,"R. Carolina Manafes Ligoki, 305, CEP 83015-805",4135871044,https://www.facebook.com/profile.php?id=61556382435512,www.dompablohoteis.com.br,,"Estacionamento, Acessibilidade, Pet Friendly",,,,,,,,,,Dom Pablo Hoteis
empreendimentos,,,"Hotéis, Pousadas e Hotéis Rurais","O hotel combina alta qualidade com conveniência, ideal para quem busca uma hospedagem com facilidades e próxima ao aeroporto. É também uma referência na realização de eventos, com espaços climatizados e bem equipados. Oferece fácil acesso às principais avenidas da região, serviços 24 horas, café da manhã a partir das 4h30 e translado gratuito entre o aeroporto e o hotel no check-in e no check-out. Dispõe ainda de bar e restaurante com gastronomia refinada. Oferece Petit Café das 4:30h às 6:00h","Avenida Rocha Pombo, 2400",Consultar,,false,,"Avenida Rocha Pombo, 2400, CEP 83010-620",4132992400,,https://bit.ly/DOMRICARDOSJP,,"Estacionamento, Acessibilidade, Restaurante",,,,,,,,,,Dom Ricardo Bourbon Hotel
empreendimentos,Destinos do Campo,,Pousadas e Hotéis Rurais,"Estância com chalé de madeira estilo canadense, oferece uma estadia aconchegante e relaxante, com espaço para até quatro pessoas que desejam passar momentos tranquilos no campo. Local apreciado por ciclistas. A casa possui dois quartos e comporta 4 pessoas (2 casais). Os hóspedes podem desfrutar da espaçosa varanda com redes e têm acesso exclusivo às belas áreas comuns. Possui plantação de alcachofras orgânicas e outros frutos interessantes como o frisalis. Ambiente rústico, plantações orgânicas, cultivo de alcachofra, beleza arquitetônica, paisagismo relaxante.","Rua Izaura Ravaglio da Rocha, s/n",Consultar,,false,,"Rua Izaura Ravaglio da Rocha, s/n, Campo Largo da Roseira",41991159833,@estancia.belvedere,https://estanciabelvedere.com.br/,,Estacionamento,,,,,,,,,,Estância Belvedere
empreendimentos,Rota das Colônias,,Pousadas e Hotéis Rurais,"Foi criada com o conceito de oferecer para os hóspedes a casa de campo que poderiam ter. Possui opção de incluir o café campeiro na hospedagem. Não oferece refeição. Atende famílias especiais. Autistas e idosos não pagam. O local possui quatro tipos de cabana: Bem-te-vi, Gralha Azul, Chalé Baitaca e Chalé Grimpeiro, todas com cozinha equipada e capacidades de pessoas diferentes. Todas possuem camas de casal e beliches. Aceita reserva de grupos. Ambiente familiar.","Rua Maurício Schulies, 1204",Consultar,,true,Referência em conservação em água e natureza,"Rua Maurício Schulies, 1204, Colônia Murici, CEP 83185-000",41996224034,@estanciacarmello,estanciacarmello.com.br,,"Acessibilidade, Churrasqueira, Piscina, Área Kids, Wi-Fi, Estacionamento",,,,,,,,,,Estância Carmello
empreendimentos,,,Hotéis,"Hotel três estrelas, fundado há mais de duas décadas, possui localização estratégica, a menos de 10 minutos do aeroporto. Apresenta boa relação custo-benefício para viajantes em conexão aérea. Conta com restaurante aberto ao público e salas para reuniões e eventos, sendo uma com capacidade máxima para 40 pessoas e outra para até 15 pessoas. Aceita animais domésticos mediante taxa por estadia. Cães-guia não pagam.","R. Ten. Djalma Dutra, 200",,,false,,"R. Ten. Djalma Dutra, 200, CEP: 83005-360",41883321394130283800,@hotel_exclusivo,hotelexclusivo.com.br,,"Wi-Fi, Estacionamento, Restaurante, Acessibilidade, Pet Friendly",,,,,,,,,,Exclusivo Hotel
empreendimentos,,,Hotéis,Hotel econômico que segue o padrão Ibis e bem localizado na cidade. É muito procurado por pessoas que buscam hospedagens rápidas. Dispõe de quartos preparados para famílias e exclusivos para não fumantes. Os hóspedes podem desfrutar e relaxar no lounge bar no local. Nos fins de semana um pequeno-almoço expresso é servido das das 6:00h às 10:00h. Possui quartos reservados para não fumantes. Aceita animais de estimação mediante taxa diária.,"Avenida Rocha Pombo, 2600",,,false,,"Avenida Rocha Pombo, 2600, CEP 83005-430",419916184514121089700,@ibisbudgetcuritibaaero,https://all.accor.com/hotel/9719/index.pt-br.shtml,,"Estacionamento, Acessibilidade, Wi-Fi, Restaurante, Lanchonete, Banheiros, Aceita Cartão",,,,,,,,,,Ibis Budget Curitiba Aeroporto
empreendimentos,,,"Hotéis, Pousadas e Hotéis Rurais","Hotel econômico três estrelas, da rede Accor, projetado para oferecer conforto e praticidade aos viajantes. Posicionado estrategicamente à margem da BR-376, próximo ao aeroporto, com acesso facilitado tanto pela rodovia quanto por táxi/transfer. O café da manhã vai das 6h às 10h e está sujeito a variações. Restaurante aberto ao público. Aceita animais domésticos mediante taxa diária.","Av. Marginal Br-376, 1633",Consultar,,false,,"Av. Marginal Br-376, 1633, Jardim Cruzeiro, CEP 83015-000",4121096650,,,,"Estacionamento, Acessibilidade, Pet Friendly, Wi-Fi, Restaurante",,,,,,,,,,Ibis Curitiba Aeroporto
empreendimentos,,,"Hotéis, Pousadas e Hotéis Rurais","O hotel possui design contemporâneo, com uma decoração inspirada na Mata Atlântica, importante bioma brasileiro no qual a cidade de São José dos Pinhais está inserida. Conta com quartos espaçosos e confortáveis, equipados com janelas antirruído, garantindo aos hóspedes uma estadia tranquila. Possui acomodações para até 4 pessoas e aceita animais de estimação. Propriedade 100% para não fumantes.","Av. Rocha Pomba, 2600",Consultar,,false,,"Av. Rocha Pomba, 2600, CEP 83005-430",4130963777,@ibisstylescuritibaaero,https://bit.ly/3BvGAyX,,"Estacionamento, Acessibilidade, Pet Friendly, Wi-Fi, Restaurante, Eventos",,,,,,,,,,Ibis Styles Curitiba Hotel Aeroporto
empreendimentos,Caminho do Vinho,,Pousadas e Hotéis Rurais,"Com uma área de 38.000 m², o hotel está imerso na natureza e combina o charme da arquitetura rústica com o conforto de uma infraestrutura moderna, sendo uma excelente opção para famílias e grupos que apreciam esse estilo acolhedor e descontraído. Durante o período de férias, o hotel oferece programação especial, com eventos temáticos, cardápios típicos juninos e a tradicional feijoada aos sábados. O restaurante interno serve buffet de café da manhã americano, além de petiscos e pratos à la carte, sempre com foco na qualidade e no sabor regional. Para de lazer, os hóspedes contam com uma ampla área equipada com piscina térmica coberta e externa, hidromassagem, sauna a vapor, salão de jogos com sinuca e mesa de pingue-pongue, playground, quadra poliesportiva, campo de futebol, cadeira de massagem, academia e um aconchegante redário.","BR-376, Km 623",Consultar,,false,,"BR-376, Km 623, Campo Largo da Roseira, CEP 83010-500",41999933670,@ladolcevita_parkhotel,www.hoteisladolcevita.com,,"Estacionamento, Acessibilidade, Pet Friendly, Wi-Fi, Restaurante, Lanchonete, Piscina, Churrasqueira, Área Kids, Banheiros, Lojinha, Aceita Cartão, Eventos",,,,,,,,,,La Doce Vita Park
empreendimentos,,,Pousadas e Hotéis Rurais,"Situado na área rural, oferece três chalés e uma casa principal em um ambiente tranquilo na área rural da cidade. Com vasta área verde, parquinho infantil, deck com piscina e espaço para preparar costela ao fogo de chão, proporciona momentos tranquilos. Ideal para grupos de famílias e amigos, não disponibiliza quartos individuais. A hospedagem completa inclui serviços de caseiro, arrumadeira e auxiliar de cozinha. Possui opção de pensão completa, com chef de cozinha disponível.","R. Araça, 150 Faxina",,,false,,"R. Araça, 150 Faxina, 83023-400",41991133505,@marrevihotel,bit.ly/Reserve-Aqui-Marrevi-Home-Hotel,,"Estacionamento, Pet Friendly, Churrasqueira",,,,,,,,,,Marrevi Home Hotel
empreendimentos,,,Pousadas e Hotéis Rurais,"Um dos primeiros hotéis da cidade, esta localizado às margens da BR 376, servindo de opção de estadia para viajantes, comerciantes e vendedores que transitam pela rodovia. Possui um ponto de parada de ônibus intermunicipais em frente à sua portaria e está situado em frente à Churrascaria 2000.","BR 376, Km 11, 2122",Consultar,,false,,"BR 376, Km 11, 2122, Jardim Cruzeiro, CEP 83010-500",41991899088,,,,"Wi-Fi, Estacionamento, Acessibilidade",,,,,,,,,,Pinheirão Pousada
empreendimentos,,,Pousadas e Hotéis Rurais,"O Recanto é um local acolhedor, funcionando como um refúgio rural em uma região onde fazer trilhas e pescar é bastante popular. Possui serviço de concierge e oferece parquinho infantil. Disponibiliza café da manhã em estilo buffet ou vegetariano, quartos para não fumantes, quartos para famílias, bilhar e estacionamento gratuito","R. São Josemaria Escrivá, S/N, após o pesca e pague Papanduva",,,false,,"R. São Josemaria Escrivá, S/N, após o pesca e pague Papanduva, Papanduva da Serra, CEP 83085-344",41991547958,@pousadaranchodosena_,https://bit.ly/SENAPOUSADASJP,,"Estacionamento, Wi-Fi, Área Kids",,,,,,,,,,Rancho do Sena Pousada Ecológica
empreendimentos,Caminho do Vinho,,Pousadas e Hotéis Rurais,"Casa de campo aconchegante, indicada para casais, famílias ou grupos de amigos. Oferece um campo extenso, um bosque com animais nativos e um lago cristalino. Possui dois andares, redes na varanda, fogão e lareira, proporcionando o calor e tranquilidade. Os hóspedes podem explorar toda a chácara, incluindo trilhas pelo bosque e avistamento de diversas espécies nativas, tornando a estadia uma experiência imersiva na natureza. Avistamento de vários animais nativos, trilha pelo bosque de araucárias e árvores nativas.","R. Vila Nova S/N, próximo à Cerâmica RR",Consultar,,true,,"R. Vila Nova S/N, próximo à Cerâmica RR, CEP 83022-400",41992524858,@recantoarvorecer,rb.gy/imylb,,"Wi-Fi, Churrasqueira, Trilhas, Área para camping, Estacionamento",,,,,,,,,,Recanto do Alvorecer
empreendimentos,,,Pousadas e Hotéis Rurais,"O Recanto é um espaço para eventos que combina arquitetura rústica e moderna, indicado para cerimônias ao ar livre, confraternizações e encontros corporativos. Rodeado pela natureza, conta com uma infraestrutura completa que, aliada à sua arquitetura versátil, permite que o local seja adaptado a diferentes tipos de eventos, tanto sociais quanto corporativos. A recepção de casamentos é um dos principais destaques do espaço.","Rua Henrique Burakowski, s/n",,,false,,"Rua Henrique Burakowski, s/n, CEP 83090-214",4199323617,@recantomaranatha,https://www.casamentos.com.br/chacara-casamento/recanto-maranatha--e187614,,"Estacionamento, Trilhas, Piscina, Área Kids",,,,,,,,,,Recanto Maranatha
empreendimentos,Rota das Colônias,,Pousadas e Hotéis Rurais,"Hospedagem rural situada nas Rotas das Colônias, criada com o objetivo de oferecer uma hospedagem rural acolhedora para que os hóspedes possam fugir do estresse e se reconectar com a natureza. Os chalés foram projetados combinando o conforto moderno com o charme rústico do campo. O nome “Mavi” foi criado em homenagem às famílias das proprietárias, sendo formado pela junção de dois sobrenomes: “Massier” e “Vieira”.","Rua José Zancheta, 4900",,,false,,"Rua José Zancheta, 4900",41987664494,@recantomavi.sjp,www.rotadascolonias.com.br/associado/recanto-mavi-hospedagem-rural/,,"Estacionamento, Pet Friendly",,,,,,,,,,Recanto Mavi
empreendimentos,,,Pousadas e Hotéis Rurais,"Hotel familiar simples, localizado no bairro Miringuava/São Marcos. Oferece conforto funcional, em um ambiente tranquilo, com uma estrutura básica e boa relação custo-benefício para quem precisa se hospedar nessa região. A hospedagem inclui um café da manhã simples e o atendimento é feito em horário comercial. É uma das poucas opções de hospedagem na região. Costuma ser elogiado por clientes pela limpeza e boa relação custo-benefício.","R. José Trevisan, 1283",Consultar,,false,,"R. José Trevisan, 1283, CEP: 83090-090",4133829179,,,,Estacionamento,,,,,,,,,,Rezende Hotel
empreendimentos,,,Hotéis,,"Av. Rocha Pombo, 2564",Consultar,,false,,"Av. Rocha Pombo, 2564, CEP 83010-620",4137786800,@bourbonhoteis,www.bourbon.com.br/hotelrio/rio-hotel-by-bourbon-curitiba-aeroporto,,"Estacionamento, Acessibilidade, Restaurante",,,,,,,,,,Rio Burbon Hotel
empreendimentos,,,Pousadas e Hotéis Rurais,"Espaço de lazer para família cristã planejado junto à natureza. Local é de fácil acesso onde hospedes podem desfrutar mata nativa, ambiente para relaxamento, meditação e oração. Cesta de café da manhã, quadra poliesportiva, área de pesca e lazer infantil","Rua Arthur Carvalho da Rocha, 2506",,,true,,"Rua Arthur Carvalho da Rocha, 2506, CEP 83149-899",41997283207,@sitioecobetel,https://sitioeco-betel.com.br,,"Trilhas, Área para camping",,,,,,,,,,Sítio Eco-Betel
empreendimentos,,,"Hotéis, Pousadas e Hotéis Rurais","Localiza-se na região central de São José dos Pinhais, na principal via de acesso à Curitiba e a menos de 3 km do Aeroporto Internacional Afonso Pena. Café da manhã servido às 5:00h diariamente; carregador para carro elétrico.","Avenida das Torres, 3450",Consultar,,false,,"Avenida das Torres, 3450, CEP 83050-010",41992875412,@slavierohoteis,www.slavierohoteis.com.br,,"Estacionamento, Acessibilidade, Wi-Fi, Restaurante, Eventos",,,,,,,,,,Slavieiro Curtiba
empreendimentos,,,Pousadas e Hotéis Rurais,"O Space 4U funciona em um antigo co-working cujo proprietário era apaixonado pela Volkswagen. O local foi transformado em um hotel rústico temático e incluiu objetos decorativos que remetem ao passado. Muito procurado pelos amantes da Kombi. O Bar-Kombi é um dos destaques, sendo um dos espaços instagramáveis do local. A proprietária gerencia pessoalmente o empreendimento usando recursos tecnológicos que facilitam o controle e a segurança, dando vida e personalidade ao local e mantendo o","Rua Tereza Nester, 305",Consultar,,false,,"Rua Tereza Nester, 305, CEP 83045-290",41995707119,@space4uhotelboutiquesjp,,,"Wi-Fi, Lojinha, Eventos",,,,,,,,,,Space 4U Hotel
empreendimentos,,,"Hotéis, Pousadas e Hotéis Rurais","Hotel simples, localizado na região central da cidade, à beira da Av. das Torres. É uma opção prática para quem precisa de estadia rápida. Possui restaurante interno, está próximo a ponto de ônibus da rede pública e permite fácil deslocamento para o centro da cidade e diversos atrativos turísticos.","R. Visc. do Rio Branco, N° 3015",Consultar,,false,,"R. Visc. do Rio Branco, N° 3015, Jardim Cruzeiro, CEP 83005-420",4132824719,,,,"Estacionamento, Pet Friendly, Restaurante",,,,,,,,,,Stradiotto Hotel
empreendimentos,,,Locadora de Carros,,,,,false,,,,,,,,,,,,,,,,,Item_Sem_Nome
empreendimentos,,,"Restaurantes, Bares e Cafés",,,Consultar,,false,,,,,,,,,,,,,,,,,RESTAURANTES
empreendimentos,,,Restaurantes,,,,,false,,,,,,,,,,,,,,,,,Item_Sem_Nome
empreendimentos,,,Restaurantes,"Restaurante localizado em casarão do início do século XX, possui um ambiente sofisticado e aconchegante, muito bem decorado e planejado. Possui um salão para eventos independente, com total isolamento de som e ambiente exclusivo. Oferece uma variedade de pratos da gastronomia de diversos países, almoço executivo e eventos personalizados. Possui mesas na área externa para os românticos e vários lugares que proporcionam belas fotos para quem curte fotografia e arquitetura.","R. Voluntários da Pátria, 813",Consultar,,false,,"R. Voluntários da Pátria, 813, CEP: 83005-020",4133826015,@abbeygastronomiaeeventos,www.abbey.com.br,,"Wi-Fi, Área Kids, Eventos",,,,,,,,,,Abbey
empreendimentos,,,"Restaurantes, Bares e Cafés","Eleito um dos 10 melhores lugares para se almoçar na cidade, foi reconhecido com o Prêmio Bom Gourmet em 2022. O ambiente é acolhedor e bem decorado, com atendimento atencioso e sorridente. Possui um cardápio diversificado com pratos elaborados e saborosos, utilizando ingredientes frescos e incluindo receitas tradicionais e opções vegetarianas. As sobremesas são feitas com carinho e ingredientes de alta qualidade. Ambiente aconchegante, pratos muito bem preparados, boas opções vegetarianas, atendimento atencioso.","R. Joaquim Nabuco, 1682",,,false,,"R. Joaquim Nabuco, 1682, Cidade Jardim, CEP 83040-210",4131461818,@alecrimdhourado,,,"Wi-Fi, Acessibilidade",,,,,,,,,,Alecrim Dhourado
empreendimentos,,,"Restaurantes, Bares e Cafés","Restaurante temático, local familiar, bem humorado. Experiências gastronômicas com frutos do mar bem preparadas e acessíveis para toda a família. Tem opções para quem não curte frutos do mar, chopp artesanal, chopp de vinho em taças ultra geladas. O pirata e sua tripulação servem aos clientes que aparecem a bordo. Possui espaço para diversão das crianças e um mapa do tesouro pintado na parede, convidando clientes de todas as idades a encontrarem a sua preciosidade.","R. Castro, 1085",,,false,,"R. Castro, 1085, CEP: 83010-080",41995363416,@ancorapetiscosfrutosdoma,https://linktr.ee/ancorapetiscosefrutosdomar,,"Wi-Fi, Área Kids, Acessibilidade",,,,,,,,,,Âncora petisco & frutos do mar
empreendimentos,Caminho do Vinho,,"Restaurantes, Bares e Cafés","Localizado no Caminho do Vinho, o estabelecimento foi criado como um espaço de lazer rural, com foco em gastronomia e atividades para a família. Oferece um conceito que integra entretenimento, natureza e boa comida. Atende ao público aos finais de semana e sua estrutura é adaptável a eventos sociais e corporativos. A chácara possui a segunda pista de mini golf do país com as medidas internacionais do esporte.","R. João Berger, 544",Consultar,,false,,"R. João Berger, 544",4198129675,@aria.verde,www.ariaverde.com.br,,Acessibilidade,,,,,,,,,,Aria verde
empreendimentos,Rota das Colônias,,"Restaurantes, Bares e Cafés","Também conhecido como ""Restaurante da Salete"", o restaurante fica próximo ao Patronato Santo Antônio e serve comida caseira reconhecida pelo capricho e pelo sabor. O restaurante fica na parte superior de lojas comerciais e possui uma placa discreta.",R. Benjamim Claudino Barbosa,Consultar,,false,,"R. Benjamim Claudino Barbosa, CEP 83025-323",41991079085,@restaurantearomasdaterra; @cheffsaleterodrigues;,,,Estacionamento,,,,,,,,,,Aromas da Terra (Restaurante da Salete)
empreendimentos,Rota das Colônias,,"Restaurantes, Bares e Cafés","Criado em um antigo local de criação de cavalos para competições, é conhecido como o local do artesanato da carne na Colônia Murici. Oferece várias opções de carnes preparadas de forma rústica usando técnicas como o uso do ferro em brasa. As receitas são autorais e as carnes rigorosamente selecionadas. O restaurante proporciona experiências gastronômicas preparadas com pinhão, sobremesas variadas, chopp gelado e os drinks também rústicos. O local possui uma bela arquitetura onde predom. Carnes e hamburgueres preparados de forma rústica, maçã assada na parrilha caramelizada.","Rua Domingos Perbiche, 1446",Consultar,,false,,"Rua Domingos Perbiche, 1446, CEP 83085-230",41988468588,@assadosdacabanha,www.assadosdacabanha.com.br,,"Wi-Fi, Estacionamento, Pet Friendly",,,,,,,,,,Assados da Cabanha
empreendimentos,,,"Restaurantes, Bares e Cafés","Possui um ambiente rústico, charmoso e acolhedor. Destaca-se pela culinária italiana, oferecendo um cardápio à la carte com massas, carnes e frutos do mar. Pratos como Filet Marítimo, Risoto de Camarão com Palmito Pupunha e Medalhão Bambino são destaques. As massas são feitas artesanalmente e servem duas pessoas. Durante o inverno, fondues são oferecidos, e as sobremesas incluem opções como frutas flambadas e petit gateau. Além disso, possui um salão de eventos disponível.","R. Marcelino Nogueira, 775",,,false,,"R. Marcelino Nogueira, 775, CEP: 83005-370",4132835600,@restaurantebambinomio,www.bambinomio.com.br,,"Acessibilidade, Eventos",,,,,,,,,,Bambino Mio
empreendimentos,Caminho do Vinho,,"Restaurantes, Bares e Cafés","Galpão estilo colonial e rústico com fogão a lenha aquecendo o ambiente e garçons animados. É um ambiente para famílias e amigos que apreciam música ao vivo, petiscos e bebidas, caldos variados e cerveja. Possui amplo deck que permite apreciar a paisagem do Caminho do Vinho, oferece pinhão na chapa na temporada do pinhão e área destinada à diversão das crianças e área para animais de estimação. Destaque: Tilápia espalmada – peixe aberto ao meio com um corte longitudinal.",Rua Júlio Cesar Setenareski 3635,Consultar,,false,,"Rua Júlio Cesar Setenareski 3635, CEP 83085-290",41991993293,@barrankos_bar,https://www.caminhodovinho.tur.br/barrankos-bar/,,"Estacionamento, Acessibilidade, Pet Friendly, Área Kids",,,,,,,,,,Barranko´s Bar  e Gastronomia
empreendimentos,,,"Restaurantes, Bares e Cafés","Boteco antigo e famoso pela variedade em petiscos e porções onde a batata é o ingrediente principal. O carro-chefe é a batata suíca mas oferece porções, cerveja, vinho, bebidas geladas, destiladas e também a pizza de massa de batata. Batata Suíca preparada de diferentes formas, com destaque para a recheada com costela e provolone; pizza de batata e bala baiana.","R. Mal. Deodoro da Fonseca, 247",Consultar,,false,,"R. Mal. Deodoro da Fonseca, 247, CEP 83005-350",4133844484,@batata-da-vila,,,"Wi-Fi, Acessibilidade",,,,,,,,,,Batata da Vila
empreendimentos,,,"Restaurantes, Bares e Cafés","Restaurante que oferece carnes nobres, porções, hamburgueres, saladas, em um ambiente tranquilo dentro do shopping da cidade. Oferece também coquetéis artesanais. Possui um espaço tipo deck que proporciona um ambiente privativo e descontraído para reunir com amigos ou tomar uma cerveja tranquilamente. Ótimo local para happy hour.","Rua Dona Izabel A Redentora, 1434, loja 244 Shopping São José",,,false,,"Rua Dona Izabel A Redentora, 1434, loja 244 Shopping São José, CEP 83005-010",41999786392,@brutzoficial,https://www.brutz.com.br/,,"Estacionamento, Acessibilidade",,,,,,,,,,Brutz shopping
empreendimentos,,,"Restaurantes, Bares e Cafés","O restaurante oferece uma ótima opção de café colonial e almoço estrategicamente localizado no centro da cidade. Possui uma estrutura grande, sendo capaz de absorver grandes grupos mesmo com o funcionamento normal dos clientes do dia a dia. Possui várias opções de salgados e doces no café colonial e de pratos salgados e sobremesas no almoço. Também oferece pães de fabricação própria. O estacionamento é grande e fica na rua lateral da entrada principal do estabelecimento.","Rua Quinze de Novembro, 1592",,,false,Café colonial no centro da cidade; atendimento rápido.,"Rua Quinze de Novembro, 1592, Centro, CEP 83005-000",41999790219,@calcadaosjp,https://linktr.ee/calcadaosjp,,"Estacionamento, Acessibilidade",,,,,,,,,,Calçadão
empreendimentos,Rota das Colônias,,"Restaurantes, Bares e Cafés","Local que convida as clientes a mergulharem na cultura italiana, oferecendo pratos centenários da família Zanchetta tais como polenta cortada no fio e vinho, polenchetta, polenta com frango caipira, proporcionando uma autêntica experiência italiana. Além de refeições e café colonial ao ar livre em um belo parreiral oferece experiências tais como Café no Parreiral, Merendin, Pisa na Uva, Meu Pé de Parreira, Sapecada de Pinhão. Reúne sabores, história, tradição e amor pela cultura italiana.","R. José Zancheta Filho, 3555 -",,,false,,"R. José Zancheta Filho, 3555 Campina do Taquaral, Rota das Colônias, CEP 83021-430",41999655494,@cantinazanchetta,linktr.ee/cantinazanchetta; www.cantinazanchetta.com.br,,"Wi-Fi, Estacionamento, Acessibilidade",,,,,,,,,,Cantina Zanchetta
empreendimentos,,,"Restaurantes, Bares e Cafés","É uma churrascaria tradicional que funciona para almoço e jantar, oferecendo pratos de steakhouse, culinária brasileira e churrasco. Oferece uma variedade de carnes nobres, acompanhamentos com diferentes tipos de risotos, massas, saladas e drinks. Destaca-se pela qualidade das carnes, como cordeiro, T-Bone, French Rack, chorizo, bife ancho, alcatra e costela de leitão à pururuca. A equipe é eficiente e atenciosa, e o local é apreciado por grupos de amigos, executivos e turistas.","Av. Rui Barbosa, 8371",,,false,,"Av. Rui Barbosa, 8371, CEP: 83040-550",4132835579,@velhanapolitana,,,"Estacionamento, Acessibilidade, Wi-Fi",,,,,,,,,,Churrascaria Velho Napolitano
empreendimentos,,,"Restaurantes, Bares e Cafés","Funciona aos finais de semana, oferecendo um cardápio variado com uma seleção de 21 tipos de carnes. Entre as opções, destacam-se diversos tipos de peixe recheado, costela, costelinha de porco pururuca, frango e marreco recheado, cupim, dentre outros. Além disso, são servidos acompanhamentos como risoto e maionese. Assado de carnes nobres: marreco, carneiro, costela.","Rua: Maringá, 33 loja 3 em frente a Escola Pedro Fuss quase esquina com rua Joaquim Nabuco",Consultar,,false,,"Rua: Maringá, 33 loja 3 em frente a Escola Pedro Fuss quase esquina com rua Joaquim Nabuco, CEP: 83040-160",41992805442,@companhiadoassadosjp,www.ciadoassado.comunidades.net,,Acessibilidade,,,,,,,,,,Cia dos Assados
empreendimentos,,,"Restaurantes, Bares e Cafés","Fundado em 1987, é especializada em carnes assadas ao estilo gaúcho, acompanhada de opções de pratos variados e doces caseiros, em um ambiente simples, rústico e familiar. Possui oções vegetarianas. Funciona também como local de eventos. É parceiro da chácara Cabana Santana que possui área verde para celebrações. Sua tradição gastronômica com carnes selecionadas e com uma técnica exclusiva de preparação, a qualidade dos serviços e do atendimento, o tornaram referência na região.","Av. das Américas, 600",Consultar,,false,Estilo rústico,"Av. das Américas, 600, CEP 83030-640",4132834625,@costelaocolonia,www.costelaocolonia.com.br,,"Wi-Fi, Estacionamento, Acessibilidade",,,,,,,,,,Costelão da Colonia
empreendimentos,Rota das Colônias,,"Restaurantes, Bares e Cafés","Restaurante especializado em pratos de carneiro, reunindo a herança culinária das tradições italiana, polonesa e alemã. A comida é variada, preparada no fogão a lenha, com destaque para o carneiro com pinhão e o filé de cordeiro assado. O atendimento é cordial garantindo uma experiência memorável para os clientes. Os licores e batidas da casa são um atrativo na recepção enquanto o sorvete artesanal de morango se destaca entre as sobremesas. Oferece lazer ao ar livre.",R. Abraão Negoseke 575,Consultar,,false,,R. Abraão Negoseke 575,4192315970,@restaurantedomernane,www.domernane.com.br,,"Estacionamento, Acessibilidade, Pet Friendly, Área Kids",,,,,,,,,,Dom Ernane
empreendimentos,Rota das Colônias,,"Restaurantes, Bares e Cafés","Oferece uma autêntica parrilla portenha. Trabalha com cortes selecionados, garantindo o sabor para o churrasco e os acompanhamentos compostos por uma variedade de frutas e legumes assados na parrilla. Além disso, oferece chopp gelado e banana split como opção de sobremesa. O restaurante faz parte do complexo Recanto Inspiração que inclui o Recanto Inspiração Eventos e Restaurante, os trenzinhos do Caminho do Vinho e o próprio Restaurante Dom Parrito.","R. João Berger, 6636",Consultar,,true,,"R. João Berger, 6636, CEP 83085-290",4135007744,@donparritogastronomia,www.donparrito.com.br,,"Estacionamento, Acessibilidade",,,,,,,,,,Don Parrito Churrascaria
empreendimentos,,,"Restaurantes, Bares e Cafés","É uma pizzaria e esfiharia estrategicamente localizada próxima á Rodovia Henrique Herwig, dentro do complexo Street Mall 376. Oferece rodízio variado de pizzas e esfihas artesanais recheadas, com sabores tradicionais e versões doces. O ambiente é informal e acolhedor, ideal para grupos e famílias, com área de brinquedos disponível para crianças. É muito procurado pelo serviço de delivery. Massa de fabricação própria","Av. Marginal Br-376, 1965 Loja 1",,,false,,"Av. Marginal Br-376, 1965 Loja 1 , CEP: 83010-514",41992485875,@dompietro_pizzariaeesfiharia,https://menu.brendi.com.br/dom-pietro-cruzeiro/,,"Estacionamento, Acessibilidade, Área Kids",,,,,,,,,,Don Pietro Pizzaria & Esfiharia
empreendimentos,,,"Restaurantes, Bares e Cafés","Local rústico que oferece comida no fogão a lenha. Localizado na Estrada Velha da Guaricana. Comida caseira típica, feita com tempeiro campeiro. Serve pratos simples regionais e, no sábado, a tradicional feijoada. Servem também batidas de abacaxi, maracujá e morango feitas na casa.","Estr. Velha da Guaricana, n° 1825",,,true,,"Estr. Velha da Guaricana, n° 1825, CEP 83149-899",41997955365,@restaurante_estrada_velha,,,"Estacionamento, Acessibilidade",,,,,,,,,,Estrada Velha Restaurante
empreendimentos,,,"Restaurantes, Bares e Cafés","Considerado um dos melhores e sofisticados restaurantes da cidade, o Executive é um restaurante de gastronomia brasileira muito procurado para comemorações, almoços de negócios, casamentos e para almoços de grupos internacionais. A decoração é impecável, incluindo os banheiros. O local é charmoso, possui uma adega e o ambiente é muito aconchegante. Decoração, buffet de gastronomia brasileira e sul-americana impecável. Opções sem glúten e vegetariana.","R. Joaquim Ferreira Claudino, 350 Fundos",Consultar,,false,,"R. Joaquim Ferreira Claudino, 350 Fundos, CEP: 83010-430",41998946829,@executivegastronomia,,,"Wi-Fi, Estacionamento, Acessibilidade",,,,,,,,,,Executive
empreendimentos,Caminho do Vinho,,"Restaurantes, Bares e Cafés","Também conhecido como “Fazenda Park”, o empreendimento é um pesque-pague e restaurante rural com área de lazer. Em sua estrutura rústica, oferece ampla área verde com lago para pesca, parque infantil e piscina. O restaurante serve gastronomia brasileira, petiscos, para pratos à base de peixe, além de comida colonial e italiana. Recebe famílias e grupos.",R. Júlio César Setenareski 3670,Consultar,,false,,R. Júlio César Setenareski 3670,41997446207,@pesquefazendamergulhao,www.caminhodovinho.tur.br/fazenda-park-mergulhao/,,"Estacionamento, Acessibilidade, Restaurante, Piscina, Área Kids",,,,,,,,,,Fazenda Park  Mergulhão Restaurante Colonial
empreendimentos,,,"Restaurantes, Bares e Cafés","O restaurante é pequeno e simples, conhecido pela sua comida caseira saborosa. O cardápio é composto por pratos da culinária brasileira, com opções de saladas, carnes e peixes às sextas-feiras. O estabelecimento também oferece almoço por quilo ou buffet livre, além de sobremesas e sucos naturais. Está estrategicamente localizado ao lado da Prefeitura Municipal.","R. Padre Bittencourt, 20",Consultar,,false,,"R. Padre Bittencourt, 20, CEP: 83030-490",4130585758,www.facebook.com/folhadlouro/,,,Restaurante,,,,,"R. Padre Bittencourt, 20",,,,,Folha de Louro Restaurante
empreendimentos,Caminho do Vinho,,"Restaurantes, Bares e Cafés","O restaurante, com 18 anos de tradição no Caminho do Vinho, começou em um antigo estábulo e hoje é uma superestrutura de 450 metros quadrados. Oferece pratos da culinária italiana, polonesa e colonial, com temperos cultivados na própria chácara. As sobremesas são feitas com o leite das vaquinhas da propriedade e há também queijos coloniais produzidos pelo chefe da família, Fernando Obiava. Possui uma bela área verde com pedalinho, trilha, mirante e parque infantil. Oferece música ao vivo.","R. Augusto Micrute, 3555",,,false,Restaurante mais antigo do Caminho do Vinho,"R. Augusto Micrute, 3555, CEP: 83085-290",41996442038,@frutosdaterraoficial,www.restaurantefrutosdaterra.com.br;www.petiscariafrutosdaterra.com.br,,"Wi-Fi, Estacionamento, Acessibilidade, Área Kids, Trilhas",,,,,,,,,,Frutos da Terra
empreendimentos,,,"Restaurantes, Bares e Cafés","O local oferece estacionamento seguro 24h e, à noite, se transforma em uma agradável Vila Gastronômica urbana. Localizado na região central da cidade, funciona no formato de containers gastronômicos com diversas opções de alimentação. O ambiente é familiar, descontraído e aconchegante, sendo indicado para encontros entre amigos, happy hour, comemorações em família ou mesmo para um jantar a dois. O estacionamento é integrado à vila, possui espaço kids e aceita animais de estimação.","R. Joaquim Nabuco, 2127 Loja 2",Consultar,,false,,"R. Joaquim Nabuco, 2127 Loja 2, Centro, CEP 83005-160",4196092127,@garagefoodparking,https://www.garagefoodparking.com.br/,,"Estacionamento, Acessibilidade, Pet Friendly, Área Kids",,,,,,,,,,Garage Food & Parking Estacionamento Food & Parking
empreendimentos,,,"Restaurantes, Bares e Cafés","É um pequeno restaurante especializado em culinária oriental próximo à Av. das Torres e ao hotel Carmelo, no bairro São Cristovão. Oferece rodízios e pratos bem elaborados em um ambiente simples e familiar. As paredes do Haru possuem pinturas características dos mangás. Seus pratos costumam ser bem avaliados pelos clientes. Oferece serviço de delivery.","Rua Colorado, 95",,,false,,"Rua Colorado, 95, CEP 83040-250",41999345462,@restauranteharusjp,,,,,,,,,,,,,Haru Restaurante Japonês
empreendimentos,Caminho do Vinho,,"Restaurantes, Bares e Cafés","O Herradura oferece ao público cortes nobres preparados na parrilla e um cardápio diversificado incluindo lanches e vinhos. O restaurante apresenta uma arquitetura rústica e um ambiente descontraído e acolhedor, sendo ideal para confraternizações, jantares especiais e para apreciadores de carnes nobres. Costuma ser elogiado pela qualidade e pela boa relação custo-benefício. A madeira rústica predomina na decoração, que gira em torno do universo do churrasco. Serve parrilha de carne uruguaia.",R. Júlio César Setenareski 2500,Consultar,,false,,"R. Júlio César Setenareski 2500, CEP 83085-290",4187445169,www.facebook.com/herradurarestaurantc/,,,"Estacionamento, Acessibilidade, Área Kids, Aceita Cartão, Eventos",,,,,,,,,,Herradura
empreendimentos,Rota das Colônias,,"Restaurantes, Bares e Cafés","Bar e restaurante de estilo rústico, localizado na Colônia Marcelino, próximo ao Bar da Rosinha e a 800 metros da Igreja Ucraniana Santíssima Trindade. É uma ótima opção de parada para quem passa pela região aos finais de semana. Oferece comida brasileira e pratos típicos regionais, em um ambiente com decoração característica e interessante. O local é frequentemente elogiado pela qualidade da comida e do atendimento, sendo uma boa opção para encontros com amigos e famílias. Também é um ponto de parada bastante apreciado por ciclistas. No Horika é possível apreciar bebidas típicas como a cachaça ucraniana de canela e de pimenta.","R. Vereador Domingos Benvenutto Molleta, 16995",,,false,,"R. Vereador Domingos Benvenutto Molleta, 16995, CEP: 83800-000",41991373463,@horilkazpertzen,,,Acessibilidade,,,,,,,,,,Horilka z pertzen
empreendimentos,Caminho do Vinho,,"Restaurantes, Bares e Cafés","Restaurante rústico estilo country, oferece self-service de espetinhos artesanais variados, assados na hora e cuidadosamente organizados para o cliente saborear com os olhos antes, iniciando a sua experiência gastronômica e acompanhado de chopp gelado. Após se servir e pesar, o cliente tem uma mesa com farinha e molho para acompanhar os espetinhos que fica à disposição. Ótima opção para quem curte espetinhos. O local é grande, com música sertaneja e tvs. Música ao vivo nos finais de semana.","R. Teresina, 26",,,false,,"R. Teresina, 26, CEP 83015-240",41998198522,@jersao_espetoo,jersao.pedidoon.net,,"Wi-Fi, Acessibilidade",,,,,,,,,,Jersão do Espeto
empreendimentos,,,Restaurantes,"Opção de refeição localizado próximo do Parque da Fonte, oferece serviço de self-service de comida brasileira. O ambiente é simples, possui opção de mesas na área externa. Buffet self service de comida brasileira. Oferece feijoada aos sábados e assados aos domingos.","R. Alm. Alexandrino, 861",,,false,,"R. Alm. Alexandrino, 861, CEP 83045-210",4133833988,,,,"Acessibilidade, Banheiros",,,,,,,,,,JN Restaurante
empreendimentos,,,"Restaurantes, Bares e Cafés","Pertencente ao Grupo Madero, o Jeronimo é um empreendimento no conceito de fast-casual centrado em tecnologia, direcionado ao público jovem, e também apreciado por famílias em geral. Utiliza totens para pedidos no formato self-service e oferece mesas com pontos de energia, muito úteis tanto para quem precisa recarregar o celular quanto para quem necessita trabalhar enquanto espera o voo. Seus hambúrgueres são preparados prensados na chapa de aço carbono, técnica que garante suculência máxima. Utiliza carnes certificadas. O serviço é ágil e o ambiente é vibrante e colorido, com arte de rua de ótima qualidade pintada em suas paredes. Decoração vibrante, ambiente muito agradável e bom para trabalhar enquanto aguarda a hora do vôo.","Av. Rocha Ponbo, na Praça de alimentação do aeroporto",,,false,,"Av. Rocha Ponbo, na Praça de alimentação do aeroporto, CEP: 83010-900",41988482544,@jeronimoburger,www.jeronimoburger.com.br,,Acessibilidade,,,,,,,,,,Jerônimo Burguer Aeroporto (Junior Durski Restaurante)
empreendimentos,,,"Restaurantes, Bares e Cafés","É um restaurante especializado em culinária japonesa, localizado no bairro Roseira de São Sebastião. Os clientes costumam elogiar a qualidade da comida, preparada com ingredientes frescos — em especial o sashimi, o sushi e o ceviche —, sempre acompanhada de um cordial atendimento da equipe e de um ambiente agradável. O restaurante oferece rodízio e opções à la carte, com destaque para sashimis premium, sushi variado, ceviche, guioza e diversas entradas. Os pratos são elaborados com ingredientes frescos e apresentam cuidado estético na montagem.","R. Santo Agostinho, 408",,,false,,"R. Santo Agostinho, 408, CEP 83070-160",41999929052,@kamisushibr,,,Acessibilidade,,,,,,,,,,Kami Sushi
empreendimentos,Rota das Colônias,,"Restaurantes, Bares e Cafés","Oferece café colonial e almoço com comidas típicas polomesa e brasileira com mais de 90 tipos pratos doces e salgados. A área possui uma casa e um paiol de arquitetura da imigração polonesa, ambos construídos usando a técnica de troncos encaixados. Em funcionamento desde 2010, os proprietários buscam preservar um ambiente rústico acolhedor.","R. Domingos Perbiche, 1446",,,false,,"R. Domingos Perbiche, 1446, CEP 83085-230",41999412457,@kawiarniacafecolonial,,,"Wi-Fi, Pet Friendly, Estacionamento, Acessibilidade",,,,,,,,,,Kawiarnia
empreendimentos,,,"Restaurantes, Bares e Cafés","O restaurante Luigi tem como proposta oferecer um buffet de comida verdadeiramente simples e caseira. Os pratos são bem saborosos, usam temperos naturais e tem a vantagem de estar bem no centro da cidade. Os dois restaurantes ficam próximos um do outro. O buffet dá direito a sobremesa, com destaque para o típico sagu ao vinho, receita da família dos proprietários. A gastronomia é brasileira com destaque para a feijoada. O local é simples, organizado e com ótimo atendimento. Feijoada aos sábados; sagu com vinho feito com receita tradicional da família dos proprietários.","Restaurante I R. Dr. Motta Júnior, 1047, 2o andar entrada ao lado da Camomila da Colônia; Restaurante II R. Visc. do Rio Branco, 1910. Ficam há 2 quarteirões de distância um do outro.",Consultar,,false,,"Restaurante I R. Dr. Motta Júnior, 1047, 2o andar entrada ao lado da Camomila da Colônia; Restaurante II R. Visc. do Rio Branco, 1910. Ficam há 2 quarteirões de distância um do outro. CEP: 83005-170",419919898604131460679,@luigirestaurantesjp,,,Wi-Fi,,,,,,,,,,Luigi Restaurante
empreendimentos,,,Restaurantes,"É uma rede paranaense que fez sucesso e se expandiu pelo Brasil, se diferenciando por oferecer um ambiente de arquitetura aconchegante, um cardápio inovador e um atendimento impecável. Possui um programa de fidelidade de cashback. Acumula diversos prêmios gastronômicos; seus hortifrutis são produzidos na fazenda da empresa e possuem certificação orgânica e seu projeto arquitetônico diferenciado.","Av. Rocha Pombo, s/n Área Interna do Aeroporto Afonso Pena",Consultar,,false,,"Av. Rocha Pombo, s/n Área Interna do Aeroporto Afonso Pena, CEP 83010-620",41988482544,@maderobrasil,www.restaurantemadero.com.br,,"Estacionamento, Acessibilidade",,,,,,,,,,Madero Steak House
empreendimentos,Rota das Colônias,,"Restaurantes, Bares e Cafés","Localizado em meio à natureza, o Matka Aurélia se destaca por sua estrutura acolhedora e rústica. O restaurante possui um amplo salão principal com varanda externa, proporcionando vista para o bosque e para a Serra do Mar. Ao lado do salão, um deque de madeira convida os visitantes a apreciarem a paisagem enquanto desfrutam de suas refeições. O ambiente tranquilo e sereno torna o Matka Aurélia o local ideal para uma experiência gastronômica única em contato com a natureza.","R. José Scrobot Sobrinho, 2373",,,false,,"R. José Scrobot Sobrinho, 2373, CEP 83085-465",41999444652,@matka_aurelia,www.matkaaurelia.com.br,,"Estacionamento, Acessibilidade, Wi-Fi, Área Kids",,,,,,,,,,Matka Aurélia
empreendimentos,,,"Restaurantes, Bares e Cafés","Local acolherdor e bem decorado, localizado no centro da cidade, especializado em pizzas, oferece um cardápio diversificado que inclui pratos quentes, sobremesas, sopas e porções. Eleita a melhor pizzaria de 2023. Por 2 anos considerada a melhor pizza da cidade.","R. Joaquim Nabuco, 1816 Rua Almirante Alexandrino, 2295",Consultar,,false,,"R. Joaquim Nabuco, 1816 Rua Almirante Alexandrino, 2295, CEP 83040-210",41999696462,@mistergiuseppe,mistergiuseppe.menudino.com/,,"Wi-Fi, Estacionamento",,,,,,,,,,Mister Giuseppe
empreendimentos,Caminho do Vinho,,"Restaurantes, Bares e Cafés","Criado pela família Obiava, oferece comida colonial artesanal polonesa e italiana aos visitantes. Destacam-se as massas artesanais, molhos, costelinha barbecue e sobremesas como pudim de leite e cheesecake de frutas vermelhas. O espaço também aceita eventos e possui área infantil interna. O restaurante promove noites com música ao vivo e petiscos toda sexta-feira e baile gaúcho uma vez por mês.","R. Augusto Micrute, 749",Consultar,,false,,"R. Augusto Micrute, 749, CEP: 83075-182",4137975067,@restauranteobiavaoficia,www.caminhodovinho.tur.br/restaurante-familia-obiava/,,"Estacionamento, Acessibilidade, Área Kids, Eventos",,,,,,,,,,Obiava Restaurante
empreendimentos,,,,"O restaurante fica no Caminho do Vinho e oferece um variado buffet de comida colonial com qualidade e acessível servido em autênticas panelas de barro, preparadas em um tradicional fogão à lenha. A decoração é rústica e aconchegante e o ambiente é familiar. Buffet de comida colonial acessível, localização estratégica.","R. Júlio César Setenareski, s/n",Consultar,,false,,"R. Júlio César Setenareski, s/n, CEP 83085-495",41987481212,,,,"Wi-Fi, Banheiros, Estacionamento, Acessibilidade",,,,,,,,,,Panela de Barro
empreendimentos,Caminho do Vinho,,"Restaurantes, Bares e Cafés","A proposta é trazer uma oportunidade de experienciar as delícias de Minas Gerais para o Caminho do Vinho. Oferece produtos tradicionais da Serra da Canastra como queijos artesanais e doces gigantes feitos no tacho de cobre. Também são encontradas cachaças, licores e vinhos e servidas porções de frango, tilápia, camarão, bolinho de aipim com linguiça Blumenau e minichurros com doce de leite mineiro.","Rua João Bortolan, 222",,,false,,"Rua João Bortolan, 222, CEP 83085-460",41991146124,@petiscaria_cantinhomineiro,,,"Estacionamento, Acessibilidade",,,,,,,,,,Petiscaria Cantinho Mineiro
empreendimentos,Rota das Colônias,,"Restaurantes, Bares e Cafés","Descubra a essência dos pierogis poloneses no primeiro restaurante dedicado exclusivamente a eles na cidade. Desfrute de um buffet completo aos domingos, incluindo uma variedade de pierogis, pratos salgados, molhos típicos, saladas e sobremesas. Pierogis assados e fritos são servidos diretamente à mesa. Local para apreciar a decoração com pinturas feitas pela proprietária, fazendo com que os visitantes possam se transportar para as raízes da cultura polonesa durante a refeição.","Rua Doutor Murici, 5504",,,false,,"Rua Doutor Murici, 5504, CEP 83085-310",41997472813,@pierogarniabr,,,"Wi-Fi, Estacionamento, Acessibilidade",,,,,,,,,,Pierogarnia
empreendimentos,,,"Restaurantes, Bares e Cafés","Criada por uma família com tradição em pizzaria, os proprietários viram uma oportunidade de trazer algo diferente para o bairro e, aos poucos, foram conquistando e fidelizando clientes. É uma ótima opção para quem está de passagem pela região. Oferece grande variedade de opções, incluindo pizzas doces. O forte do local são as encomendas para viagem. Moradores e trabalhadores da região ligam e já fazem o pedido para buscarem na volta do trabalho. Tem espaço para receber grupos de 50 pessoas.","R. Mario Nogarotto, 218",Consultar,,false,,"R. Mario Nogarotto, 218, CEP 83006-970",41985193527,@pizzdahora,,,"Wi-Fi, Banheiros, Estacionamento, Pet Friendly",,,,,,,,,,Pizza da Hora
empreendimentos,,,"Restaurantes, Bares e Cafés","Com um ambiente rústico, acolhedor e cercado por natureza, o local é indicado para desfrutar de um dia especial com a família ou amigos. Crianças de 7 a 12 anos pagam meia entrada. Situada na zona rural, é um restaurante conhecido pelos seus petiscos, porções e seu buffet de comida caseira que inclui massas, saladas frescas e coloridas, polenta frita e carnes suculentas, como a costela feita no fogo de chão.","R. Carlos Kusma, 9100",Consultar,,false,,"R. Carlos Kusma, 9100, CEP: 83023-400",41992319595,@querenciaivankio,https://linktr.ee/querenciaivankio,,"Estacionamento, Acessibilidade, Pet Friendly, Eventos",,,,,,,,,,Querência Ivankio
empreendimentos,,,"Restaurantes, Bares e Cafés","Ambiente simples e familiar, é uma opção para reunir os amigos e a família para um happy hour, almoço ou comemoração. O local oferece buffet de comida brasileira, pastel frito na hora, bebida gelada, serve porções. Às sextas feiras serve cardápios especiais como: Jantar ""Loucos por Peixes"", buffet de sopas e caldos e ""Noite da Chuleta com Polenta.","R. Dr. Murici, 3420",Consultar,,false,,"R. Dr. Murici, 3420, CEP: 83010-290",4133845856,@mroltsrancho,,,Estacionamento,,,,,,,,,,Rancho M Roltz
empreendimentos,Caminho do Vinho,,"Restaurantes, Bares e Cafés","Restaurante colonial, rústico, especializado no tradicional prato típico paranaense chamado de ""churrasco de igreja"". O prato é inspirado nos tradicionais almoços das quermesses italianas. A carne é marinada na véspera. Depois grelhada na churrasqueira e servida acompanhada de diferentes guarnições. O espaço também pode ser locado para eventos. Churrasco de igreja, costela ao molho de pinhão, broa de pinhão, buffet livre","Rua Vereador Domingos Benvenutto Moleta, 2731",Consultar,,false,,"Rua Vereador Domingos Benvenutto Moleta, 2731, CEP: 83024-990",41995102240,@ranchomachadocolonial,,,"Wi-Fi, Estacionamento, Acessibilidade",,,,,,,,,,Rancho Machado
empreendimentos,Caminho do Vinho,,"Restaurantes, Eventos","É um espaço multifuncional com áreas de lazer, restaurante e eventos. Possui um amplo salão e toda a infraestrutura necessária para eventos, incluindo buffet completo e estacionamento próprio. Possui acesso fácil por vias asfaltadas. Cenário para casamentos, festas de 15 anos, eventos corporativos ou formaturas, oferece buffet diversificado com carnes, massas e sobremesas. Possui várias opções de lazer como pesque e pague, pedalinhos, caiaques e campo de futebol suiço.","R. Célia Terezinha Bassa, 1550",,,false,,"R. Célia Terezinha Bassa, 1550, CEP 83085-495",41999882828,@recantoinspiracao,www.recantoinspiracao.com.br,,"Estacionamento, Acessibilidade, Churrasqueira, Área de lazer, Campo de futebol, Pedalinho",,,,,,,,,,Recanto Inspiração
empreendimentos,,,"Restaurantes, Bares e Cafés","Ambiente simples, oferece pratos tradicionais argentinos à noite e no almoço, refeições para o dia a dia para quem trabalha na região com cardápio montado com comida brasileira e algumas opções típicas argentinas. Destacam-se a parrilla, as famosas mollejas, empanadas doces e salgadas, tábua de carne com legumes, dentre outros. A casa oferece cervejas Patagônia e Quilmes e vinhos argentinos. A sangria é o drink da casa.","Rua visconde do Rio Branco, 2219",Consultar,,false,,"Rua visconde do Rio Branco, 2219, CEP 83010-310",4130986275,@sabor_argentino_sjp,,,Estacionamento,,,,,,,,,,Sabor Argentino
empreendimentos,,,"Restaurantes, Bares e Cafés","Localizado no centro da cidade, é considerada uma das melhores hamburguerias da cidade, com receitas autorais. Um dos segredos do sabor é não usar carne congelada. Também tem pizzas nobres, porções, bebidas geladas e sobremesa. Mistura a arte de preparar hamburgues feitos com carne não congelada com a arte de fazer pizzas bem sucedida a partir de um restaurante de sucesso em Curitiba. Possui parceria com alguns hoteis da cidade.","R. Joaquim Nabuco, 1881",Consultar,,false,,"R. Joaquim Nabuco, 1881, CEP 83005-160",4135348081,@santavacapizzaeburger,linktr.ee/santavacapizzaeburger,,"Wi-Fi, Acessibilidade, Estacionamento",,,,,,,,,,Santa Vaca Pizza & Burguer
empreendimentos,,,"Restaurantes, Bares e Cafés","Restaurante self-service de comida caseira muito apreciada tanto por quem trabalha, quanto por quem pedala ou está de passagem na região. Somente funciona nos finais de semana e atende moradores e viajantes que encomendam marmitex para levar para casa. Sempre acompanhada de batatas fritas sequinhas. Faz um delicioso creme de alho para acompanhar saladas. Aceita encomenda antecipadamente de creme de alho para levar. Suco e sobremesa acompanham a refeição.","R. Benjamim Claudino Barbosa, 14881",,,false,Atendimento atencioso.,"R. Benjamim Claudino Barbosa, 14881, Zacarias, CEP 83025-323",41996395655,@restaurantesilvinha,,,"Estacionamento, Acessibilidade",,,,,,,,,,Silvinha
empreendimentos,,,"Restaurantes, Bares e Cafés","Ambiente simples e familiar. Oferece buffet de comida brasileira e opções de marmitas pequenas, médias e grandes em uma região da cidade predominantemente industrial. É uma opção de refeição para quem está viajando ou visitando empresas próximo ao Complexo Industrial Ayrton Senna, Schattdecor do Brasil e cruzamento das BR 277 e BR 116. Um dos raros restaurantes de buffet de comida brasileira na região onde se localizam várias indústrias.","R. São Jorge, 627",,,false,,"R. São Jorge, 627, CEP 83070-180",41996767631,@temperomineirosjp; @tempero.mineiroIII,,,,,,,,,,,,,Tempero Mineiro III
empreendimentos,,,"Restaurantes, Bares e Cafés","Iniciado como uma panificadora e lanchonete, o estabelecimento cresceu para atender à demanda de amigos e clientes. Oferece café da manhã e um cardápio de carnes variadas durante a semana. Aos sábados, serve feijoada no almoço e, a partir das 18h, lanches, porções e também o entrevero de pinhão – receita da casa durante a temporada de pinhão. O ambiente é rústico e familiar, com um salão para comemorações e espaço de lazer para crianças.","R. Carlos Kusma, 3394",Consultar,,false,"Ambiente rústico típico colonial, feijoada aos sábados, entrevero de pinhão e pãozinho de pinhão durante a temporada","R. Carlos Kusma, 3394, CEP 83023-400",41992391811,@temperopaulistta,,,"Estacionamento, Acessibilidade, Área Kids, Eventos",,,,,,,,,,Tempero Paulistta
empreendimentos,,,"Restaurantes, Bares e Cafés","Localizado no antigo ""Estação Chopp"". Douglas Miguel ESPECIALISTA em CHURRASCO cortes e combinações genuína de carnes, queijos, frutas e legumes.","R. Voluntários da Pátria, 769",,,false,,"R. Voluntários da Pátria, 769, CEP: 83005-020",41998286830,@thechurras,,,,,,,,,,,,,The Churras Steak House
empreendimentos,Destinos do Campo,,"Restaurantes, Bares e Cafés","A Costelaria Tio Zico é um ponto de parada estratégico para fazer uma pausa durante a viagem. Localizado na BR-376, o posto está ao lado do posto de gasolina Tio Zico I, proporcionando conveniência e praticidade para ciclistas, motoristas e viajantes em. Oferece buffet diversificado, incluindo churrasco, opções de sanduíches, salgados, sucos e cafés.","BR-376, 29.155 Km 629 (junto ao Posto Tio Zico I)",,,false,,"BR-376, 29.155 Km 629 (junto ao Posto Tio Zico I), Contenda, CEP 83015-000",41998776543,@costelariarestaurante_tiozico,,,"Banheiros, Wi-Fi, Estacionamento",,,,,,,,,,Tio Zico Costelaria
empreendimentos,Caminho do Vinho,,"Restaurantes, Bares e Cafés","O restaurante leva o nome do patriarca da família Beger e foi iniciado em 2005, em um barracão agrícola. Destaca-se pelo buffet com comida caseira italiana e polonesa, em ambiente rústico e acolhedor. Contem uma ampla área verde com um deck e o Quiosque Vô João que encanta com sorvetes, morangos frescos e produtos coloniais produzidos pela família.","R. João Berger, 811",,,false,,"R. João Berger, 811, CEP 83085-290",41991896853,@vojoaocaminhodovinho,www.sitiovojoao.com.br,,Wi-Fi,,,,,,,,,,Vô João
empreendimentos,,,Sorveterias e Confeitarias,,,,,false,,,,,,,,,,,,,,,,,Item_Sem_Nome
empreendimentos,,,Sorveterias e Confeitarias,"Açaí da Barra é uma franquia do primeiro self-service de açaí criado em São Paulo. A fabricação própria garante combinações únicas para quem gosta de açaí. Trabalham com polpa de açaí do Pará, certificados pelo FSC 22000. São mais de 15 sabores de açaí, 40 de sorvete e adicionais, permitindo a cada cliente fazer sua própria harmonização de sabores. Sem corantes, saborizantes artificiais, gorduras trans ou xarope de guaraná.","Rua Dona Izabel A Redentora, 1434 Rua Quinze de Novembro, 1461, Loja 2",,,false,,"2 Locaias : Rua Dona Izabel A Redentora, 1434 Rua Quinze de Novembro, 1461, Loja 2, CEP: 83005-010",41991939781,@acaidabarrasjp,https://linktr.ee/acaidabarrasjp,,"Estacionamento, Acessibilidade",,,,,,,,,,Açai da Barra
empreendimentos,,,Sorveterias e Confeitarias,"É uma sorveteria tradicional fundada pelo Sr Fioro, empreendedor muito querido pelos frequentadores do local. É conhecida por seus mais de 50 sabores de sorvetes de alta qualidade, produzidos a partir de leite fresco. Pontos de encontro tradicional da cidade, faz parte da memória afetiva dos moradores e mantém sua excelência ao longo dos anos. Oferece uma das melhores experiências com sorvetes artesanais da cidade. Oferece opções sem lactose e sem açúcar.","Loja centro: Rua Veríssimo Marques, 1351; Loja Cidade Jardim: Rua Aristides França, 870.",Consultar,,false,,"Loja centro: Rua Veríssimo Marques, 1351; Loja Cidade Jardim: Rua Aristides França, 870. CEP: 83035-170",41984984042,@aguanaboca.sjp,,,"Acessibilidade, Banheiros",,,,,,,,,,Água na Boca Sorvetes Artesanais
empreendimentos,,,Sorveterias e Confeitarias,"A Alles Gut é uma confeitaria tradicional localizada no centro da cidade que oferece produtos típicos da confeitaria austríaca e alemã. Destacam-se o bolo de laranja, Apfelstrudel e Stollen, este último uma iguaria natalina. Confeitaria típica alemã e austríaca, bolo de laranja, apfelstrudel e stollen","Rua Dona Izabel A Redentora, 1632",,,false,,"Rua Dona Izabel A Redentora, 1632, CEP: 83005-010",4535560286,@allesgutconfeitaria,,,"Banheiros, Wi-Fi, Acessibilidade",,,,,,,,,,Alles Gut Confeitaria & Café
empreendimentos,,,Sorveterias e Confeitarias,"A Bapka é uma empresa familiar que produz um dos sorvetes mais tradicionais da região metropolitana de Curitiba e possui lojas em alguns pontos de São José dos Pinhais. Com mais de 30 anos de experiência no mercado, o sorvete é feito com polpa de frutas selecionadas e não contém conservantes. A fábrica teve início no bairro Abranches em Curitiba e, ao longo dos anos, expandiu-se, alcançando mais de 100 lojas no Paraná, mantendo sua identidade. Atualmente, a fábrica está localizada no município de Almirante Tamandaré.","R. Joaquim Nabuco, 865",Consultar,,false,,"R. Joaquim Nabuco, 865, CEP 83040-210",4136384401,@bapkasorvetes,https://bapka.com.br/,,Estacionamento,,,,,,,,,,Bapka
empreendimentos,Caminho do Vinho,,Sorveterias e Confeitarias,"Localizada ao lado da Cantina Della Mamma, a loja oferece várias opções de chocolate de Gramado dentro do Caminho do Vinho. Além da diversidade de chocolates, podem ser apreciados o chocolate quente e o milkshake de vinho. Destaque para morangos com nata, chocowhisky e choconhaque.","R. Júlio César Setenareski, 2900",,,false,,"R. Júlio César Setenareski, 2900, CEP 83085-290",41992241316,@https://www.facebook.com/profile.php?id=100065083410632,,,Estacionamento,,,,,,,,,,Caramelle Chocolate de Gramado
empreendimentos,,,Sorveterias e Confeitarias,"Pequeno, aconchegante e climatizado, é muito utilizado para pequenas reuniões de trabalho ou para cafés em família e amigos. Oferece várias opções de cafés, doces elaborados, sanduíches, lanches e salgados, além do pão de queijo. Um dos produtos mais vendidos são os bolos de festas, preparados tanto com receitas tradicionais quanto inovadoras.","R. Lílian Viana de Araújo, nº345",Consultar,,false,,"R. Lílian Viana de Araújo, nº345, Cidade Jardim, CEP 83036-120",4141112915,@confeitaria_mineirasjp,,,Estacionamento,,,,,,,,,,Confeitaria Mineira
empreendimentos,,,Sorveterias e Confeitarias,"A Doce Maura é a primeira sorveteria da cidade, atuando há mais de 30 anos no município. Iniciou suas atividades em 1982 vendendo Sorvetes Caramba, uma marca artesanal de excelente qualidade. Com a finalização do fornecimento dos sorvetes Caramba, os proprietários buscaram uma marca artesanal semelhante que mantivesse a qualidade e encontraram essas características na fábrica Granotto, de Curitiba. O nome ""Doce Maura"" foi dado em homenagem à mãe dos proprietários, que, segundo D. Aparecida de Fátima Carneiro, era uma pessoa doce e gentil. Possui clientes dentro e fora no município.","R. Visc. do Rio Branco, 1684",,,false,,"R. Visc. do Rio Branco, 1684, CEP: 83005-420",4133834699,@sorveteriadocemaura,,,,,,,,,,,,,Doce Maura sorvetes Granotto
empreendimentos,,,Sorveterias e Confeitarias,"A empresa foi criada por Isis Tremontin, uma ex-estudante de Biomedicina que abandonou o curso universitário para se dedicar à criação de brigadeiros gourmet. A empresa fornece doces que, nas palavras da empreendedora, ""dançam ao ritmo da doçura"". A proprietária é uma artista confeiteira referência em doces personalizados rico em detalhes e muito apreciados. Trabalha com doces gourmet e encomendas antecipada. Atende com hora marcada no local e pelo whatsapp. Referência em doces personalizados na cidade","Avenida das Torres, 3653",,,false,,"Avenida das Torres, 3653, CEP: 83005-450",41988727780,@docesdaisissjp,www.docesdaisis.com.br,,,,,,,,,,,,Doces da Isis
empreendimentos,,,Sorveterias e Confeitarias,"A Gebom é uma das maiores referências em sorvetes regionais no sul do Brasil e empreendedorismo. Possui várias lojas na cidade. A empresa nasceu em 1997, do desejo de Jesse Medeiros Veloso, na pequena cidade de Japurá, no noroeste do Paraná, de fabricar sorvetes. A fabricação começou nos fundos da sorveteria, mas o produto inicial não era bom e apresentava muitos problemas. Através do esforço de Jesse em ouvir os consumidores, investir na correção das receitas, na qualidade das matérias-primas e em priorizar fornecedores locais, a fábrica começou a melhorar sua produção. Em 2000, a GEbom expandiu para 350 m²; em 2008, para 2.000 m²; em 2010, adquiriu a primeira extrusora de sorvete do Paraná; e em 2013, expandiu para 8.000 m², com equipamentos de ponta.","R. Joaquim Nabuco, 1522",Consultar,,false,"Os sorvetes são feitos usando leite de fazendas da região, proporcionando um produto de qualidade e bons preços para os consumidores.","R. Joaquim Nabuco, 1522, São Cristovão, CEP 83005-190",41984179134,@gebonsorvetes,www.gebon.com.br,,"Área Kids, Estacionamento",,,,,,,,,,Gebom Sorveteria
empreendimentos,Rota das Colônias,,Sorveterias e Confeitarias,"Fundada por Zélia e Zilma, duas irmãs empreendedoras, a marca surgiu com a missão de criar sorvetes mais saudáveis, utilizando ingredientes naturais e sem aditivos artificiais. Com criatividade, busca proporcionar uma experiência única e personalizada. Destaques incluem sorvetes de pinhão, camomila, sagu e hibisco.","R. Carlos Kusma, condominio campestre",,,false,,"R. Carlos Kusma, condominio campestre, 83023-400",41999973326,@sorvetespiccolaz; https://linktr.ee/sorvetespiccolaz,www.sorvetespiccolaz.com.br,,Estacionamento,,,,,,,,,,Picola´z Sorvetes Artesanais
empreendimentos,,,Sorveterias e Confeitarias,"Loja indicada para os apreciadores de sorvete, funciona como um atacado. Vende caixas e baldes de diversas marcas de fabricação regional, incluindo marcas paranaenses e catarinenses como Gebon, Lolla, Dielo, Frutti, NetAçai. Variedade de marcas de produtores regionais que. Possui opções zero lactose, sorvetes, paletas mexicanas, picolés para consumo no local. Atende somente na loja.","Av. Castro Alves, 35, loja 4",Consultar,,false,,"Av. Castro Alves, 35, loja 4, CEP: 83040-520",41996129973,,,,,,,,,,,,,,Só Sorvetes
empreendimentos,Caminho do Vinho,,Sorveterias e Confeitarias,"Original da cidade paulista de Campos do Jordão, a loja está localizada dentro da Fazenda Park Mergulhão, no Caminho do Vinho. Oferece uma diversidade de chocolates artesanais e outros produtos coloniais tais como geleias e pimentas. Também abriga uma surpreendente cachaçaria e oferece opções de bebidas como vinhos, quentão, licores e o vinho de morango.","Rua Julio Cesar Setenareski, 3660",,,false,,"Rua Julio Cesar Setenareski, 3660, CEP 83085-290",4132867097,@SpinassiChocolate.Ctba,www.caminhodovinho.tur.br/spinassi-chocolate,,"Estacionamento, Acessibilidade, Área Kids",,,,,,,,,,Spinassi Chocolate Fazenda Park
empreendimentos,,,Sorveterias e Confeitarias,"Criada em 2015, possui uma decoração característica que remete ao cenário de uma fábula. O espaço é acolhedor e encanta os clientes pela variedade de bolos, doces e salgados disponíveis tanto na loja como também para encomendas. Serve como cenário para sessões de fotos e como ponto de encontro e descontração, tanto para amigas quanto para as famílias. A loja iniciou em 2015 em uma área de 5m2 e desde 2019 ocupa um espaço de 300m2 que já é referência para turistas.","Rua Joaquim Nabuco, 1605",,,false,,"Rua Joaquim Nabuco, 1605, CEP: 83005-160",41992740071,@sweetchocolate_confeitaria,https://linktr.ee/Sweetchocolate_confeitaria,,"Wi-Fi, Acessibilidade",,,,,,,,,,Sweet Chocolate
empreendimentos,,,Sorveterias e Confeitarias,"The Best Açai é uma rede criada por três jovens empreendedores que resolveram democratizar o acesso a essa fruta tipicamente amazonense. Oferece açaí com qualidade e diversidade de combinações de sorvetes. A fábrica e distribuidora é paranaense, Amadelli, localizada em Londrina, no Paraná, que produz 20 toneladas de açaí e sorvete diariamente. A cidade possui duas lojas da rede, estando a segunda loja localizada no complexo R7. Sorvetes combinados com açaí; empresa destaque na categoria ""Personalidades"" 2022 pelo Jornal Nossa Cidade.","R. Joaquim Nabuco, 2197 Alameda Arpo, 2565 Centro Comercial R7",Consultar,,false,,"R. Joaquim Nabuco, 2197 Alameda Arpo, 2565 Centro Comercial R7, CEP 83005-160",41996252430,@thebestacaiofficial,thebestacai.com.br,,"Banheiros, Acessibilidade",,,,,,,,,,The Best Açai
empreendimentos,,,Sorveterias e Confeitarias,"Sorveteria artesanal, oferece sorvetes cremosos de sabor variado de alta qualidade elaborados sem gordura vegetal e pouco açúcar. Sorvetes artesanais","R. Jorge Mansos do Nascimento Teixeira, 294",Consultar,,false,,"R. Jorge Mansos do Nascimento Teixeira, 294, CEP: 83005-500",41998130681,@vanillasorvetessjp,,,Acessibilidade,,,,,,,,,,Vanilla Sorvetes Artesanais
empreendimentos,,,"Vinho, Cerveja e Cachaça",,,Consultar,,false,,,,,,,,,,,,,,,,,Item_Sem_Nome
empreendimentos,Caminho do Vinho,,"Vinho, Cerveja e Cachaça","Primeira adega da região construída inteiramente em pedra, seguindo a tradição secular de construções de adegas. Essa empresa familiar de origem italiana tem uma história de mais de oito décadas na produção de vinhos. Passou por uma renovação recente e manteve sua dedicação pela arte vinícola e expandiu seu leque de produtos para incluir também itens coloniais, proporcionando aos visitantes uma experiência gastronômica completa.","Rua, R. Júlio César Setenareski, 1551",,,false,,"Rua, R. Júlio César Setenareski, 1551, CEP: 83085-200",41998223469,@adegabortolan,https://www.caminhodovinho.tur.br/adega-bortolan/,,"Estacionamento, Acessibilidade",,,,,,,,,,Adega Bortolan
empreendimentos,Caminho do Vinho,,"Vinho, Cerveja e Cachaça",O bar traz o conceito de cervejas artesanais exclusivas da Vosgerau Cervejaria Artesanal do Caminho do Vinho para o centro da cidade. Oferece mais de 12 tipos de cerveja produzidas localmente e promove uma experiência da cultura cervejeira completa. Oferece música ao vivo e opções de aperitivos e pratos. Possui uma lojinha criada para difundir a cultura da cerveja artesanal onde podem ser encontrados bonés e copos personalizados.,"Rua Dona Izabel A Redentora, 1377",Consultar,,false,,"Rua Dona Izabel A Redentora, 1377, CEP: 83005-010",41992873090,@bardavosge,,,"Estacionamento, Área Kids, Lojinha",,,,,,,,,,Bar da Vosge
empreendimentos,Caminho do Vinho,,"Vinho, Cerveja e Cachaça","Aqui, você encontrará vinhos, pães e outros produtos de fabricação própria, elaborados por Bernadete Scrobote e filhos. Marina Pissaia, a filha caçula, é sommelier e responsável técnica pela produção dos vinhos. Oferece atendimento básico em Libras. A arquitetura e a decoração proporcionam uma imersão na cultura dos vinhos e da Itália. A experiência torna-se ainda mais completa ao degustar a Grappa, uma aguardente italiana produzida a partir da fermentação da casca das uvas e o vinho de prensa. Além dos vinhos, destacam-se o pão integral, pão de torresmo, cuca, conservas de berinjela e pepino agridoce e o figo caramelizado em calda.","R. Júlio César Setenareski, 2900",,,false,,"R. Júlio César Setenareski, 2900, CEP 83085-290",4136351384,@cantina_della_mamma,www.caminhodovinho.tur.br/cantina-della-mamma,,"Estacionamento, Acessibilidade, Eventos, Visita Guiada",,,,,,,,,,Cantina Della Mamma
empreendimentos,Rota das Colônias,,"Vinho, Cerveja e Cachaça","Essa cervejaria tem como diferencial a leveza do chopp produzido artesanalmente que combina o sabor e a qualidade do puro malte. Oferece oito tipos de chopp, incluindo Pilsen, Vinho, IPA, Arripa, American Lager, Chopp Escuro, APA e Fruit Beer de Goiaba.","R. João Berger, n°5332",Consultar,,false,,"R. João Berger, n°5332, CEP 83085-490",41992241702,@choppbruxbee,,,"Estacionamento, Acessibilidade",,,,,,,,,,Cervejaria Adridine  Chopp Brux Beer
empreendimentos,,,"Vinho, Cerveja e Cachaça","Local indicado para quem quer experimentar diferentes tipos de cervejas artesanais, chopp de vinho, hamburgueres e petiscos. Também serve o tradicional pão com bolinho e ""carne de onça"". Oferece cervejas nacionais e importadas. Oferece feijoada aos sábados. O local é rústico e o ambiente familiar.","R. Veríssimo Marques, 1145",Consultar,,false,,"R. Veríssimo Marques, 1145, CEP 83005-410",41997519437,@cervejaria.sapopemba,,,Acessibilidade,,,,,,,,,,Cervejaria Sapopemba
empreendimentos,Caminho do Vinho,,"Vinho, Cerveja e Cachaça","1a fábrica de cerveja artesanal da cidade, produz cerveja viva, não pausterizada e sem conservantes desde 2014. Localizada no Caminho do Vinho, é um ponto de encontro para quem curte amigos, boa cerveja, drinks, sanduíches, carnes e boa música. As músicas são diversificadas. Realiza eventos como o Carnavorge, Reggae Junino e Festival de Rock. As pessoas também gostam de apreciar o por do sol neste local durante o final da tarde. Proprietária do Bar Vorge, no centro da cidade.","R. Júlio César Setenareski, 350",,,false,,"R. Júlio César Setenareski, 350, CEP 83025-390",41992332111,@cervejariavosgerau,,,"Estacionamento, Acessibilidade",,,,,,,,,,Cervejaria Vosgerau
empreendimentos,Rota das Colônias,,"Vinho, Cerveja e Cachaça","Dona Rosa é um restaurante que oferece um cardápio diversificado, acompanhado de chopp artesanal e música ao vivo no estilo Pop-Rock, nacional e internacional. O local possui uma ampla área externa com mesas protegidas contra o sol e espaço dedicado para crianças se divertirem. Aceita animais de estimação.","R. Dr. Murici, 7270",Consultar,,false,,"R. Dr. Murici, 7270, CEP 83085-310",41991346333,@donarosasjp,,,"Estacionamento, Pet Friendly, Área Kids",,,,,,,,,,Dona Rosa Bar Chopp Artesanal
empreendimentos,Rota das Colônias,,"Vinho, Cerveja e Cachaça","Pioneira no Brasil e premiada nacionalmente, reúne o conceito de cervejaria e natureza, sendo especializada em pratos à base de cogumelos. Oferece saborosos cogumelos orgânicos que o cliente pode adquirir. Gerenciada pela Chef Mirian Yamashita, oferece pratos como bolinho de shitake e risoto de cogumelo. Seus rótulos premiados, como a PSYCHOSE Belgian Strong Golden Ale e a inovadora Shitake Witbier – cerveja de cogumelo proporcionam uma experiência única.","R. José Scrobot Sobrinho, 2373",,,false,"Psychose Belgian Strong Golden Ale Medalha de Ouro, Blumenau, 2022; Shitake Witbier primeira cerveja do Brasil estilo Wibier com Cogumelo Shitake. Cítrica, aromática e de baixo teor alcoólico.","R. José Scrobot Sobrinho, 2373, Colônia Murici, CEP 83085-465",41985316617,@nutbier,www.nutbier.com.br,,Acessibilidade,,,,,,,,,,Nut Bier Cervejaria e Restaurante
empreendimentos,Caminho do Vinho,,"Vinho, Cerveja e Cachaça","A vinícola teve início com a produção de vinhos para conhecidos da família do Sr. David Pissaia. A tradição da produção foi passada para os filhos Diogo e Rochelle. A filha cursou Enologia em Bento Gonçalves, RS, e foi acrescentando valor aos produtos. Há poucas parreiras na propriedade, sendo necessário adquirir uvas de Bituruna, PR, e Caxias do Sul, RS. Produz também embutidos.","R. Júlio César Setenareski, 4100",Consultar,,false,,"R. Júlio César Setenareski, 4100, CEP: 83085-290",4192357877,,,,,,,,,,,,,,Salumeria e Vinícula Politano
empreendimentos,Caminho do Vinho,,"Vinho, Cerveja e Cachaça","O nome da empresa vem do apelido de Mário Bellino, nascido em Caltagirone, na região da Sicília. Ao chegar ao Brasil em 1961, trouxe da Itália a receita do seu melhor vinho e começou a produzi-lo assim que se instalou em São José dos Pinhais. A empresa hoje é administrada por seus filhos, que mantêm a tradição de produção de vinhos artesanais da família. Além da loja na colônia, possui duas lojas na área urbana que funcionam em horário comerciais: Av: Rui Barbosa 9934 e à Rua Manoel Pires Pereira, Nº 239, Bairro Costeira",R. Júlio César Setenareski 1851,,,false,,"R. Júlio César Setenareski 1851, CEP 83085-290",4135400222,@vinhosdoitalianooficia,https://www.vinhosdoitaliano.com.br/,,Visita Guiada,,,,,,,,,,Vinhos do italiano
empreendimentos,Caminho do Vinho,,"Vinho, Cerveja e Cachaça","A empresa pertence à Família Pissaia. Seu fundador, Paolo Pissaia, chegou ao Brasil em meados de 1880, proveniente de Trevizzo, na Itália, trazendo consigo a arte de produzir vinhos. Ele manteve a antiga tradição da família e ensinou ao seu filho Vitório Pissaia as técnicas de produção de vinho. Hoje, a produção é continuada por seu neto, Eloir Pissaia, esposa e bisnetos, que mantêm a mesma receita trazida há mais de 100 anos. O nome Gabriel de “Don Gabriel” é uma homenagem ao filho que faleceu muito jovem. Vende para todo o Brasil.","R. Júlio César Setenareski, 2990",,,false,,"R. Júlio César Setenareski, 2990, CEP: 83085-290",4136351360,@vinhosdongabriel_,https://www.caminhodovinho.tur.br/vinhos-don-gabriel/,,Estacionamento,,,,,,,,,,Vinhos Don Gabriel
empreendimentos,,,"Vinho, Cerveja e Cachaça","Os vinhos Dom Roberto se destacam pela mistura de descendentes de italianos e poloneses, produzindo vinhos com diversas variedades de uvas. Possui um pequeno museu local que oferece uma viagem no tempo, revivendo momentos históricos. Além da loja com diversos produtos, os visitantes podem explorar um pequeno parreiral nos fundos da propriedade, proporcionando um ambiente especial.","R. Augusto Micrute, 2100",,,false,,"R. Augusto Micrute, 2100, CEP: 83075-182",41991329400,@vinhos-dom-roberto,www.vinicoladomroberto.com.br,,"Estacionamento, Acessibilidade",,,,,,,,,,Vinhos Dom Roberto Museu Familiar
empreendimentos,Caminho do Vinho,,"Vinho, Cerveja e Cachaça","A Família Juliatto produz vinhos há mais de 100 anos. A produção atual é feita a partir de uvas da Serra Gaúcha. A tradição vinícola foi herdada da região de Vêneto, na Itália, e foi trazida ao Brasil pelos irmãos Paulo, Luciano e Ernesto Juliatto. A vinícola hoje, é administrada por seus filhos que dão continuidade a essa tradição. Além do vinho, o uso da madeira como elemento construtívo no interior da loja também merece atenção para quem aprecia aspectos arquitetônicos.","R. Júlio César Setenareski, 3797",Consultar,,false,,"R. Júlio César Setenareski, 3797, CEP 83085-290",4136351221,@irmaos.juliatto,www.caminhodovinho.tur.br/vinhos-irmaos-juliatto,,Estacionamento,,,,,,,,,,Vinhos Irmãos Juliatto
empreendimentos,Caminho do Vinho,,"Vinho, Cerveja e Cachaça","O bar foi criado com a proposta de oferecer chopp e porções em um espaço capaz de reunir tanto o público noturno quanto o familiar e que aprecia um ambiente aconchegante e com clima interiorano. O local foi construído com uma proposta rústica e se destaca pelo atendimento de qualidade, oferecendo um cardápio variado, com opções vegetarianas e veganas, além de drinks sem álcool","R. Júlio César Setenareski, 3505",Consultar,,false,,"R. Júlio César Setenareski, 3505, CEP 83085-290",4191497598,@orocabar,https://linktr.ee/orocabar,,"Estacionamento, Pet Friendly, Área Kids, Eventos",,,,,,,,,,Roça Bar Choperia e casa de porções
empreendimentos,Caminho do Vinho,,"Vinho, Cerveja e Cachaça","Naturais de Treviso, na província do Vêneto, na Itália, a família Pissaia chegou ao Paraná em 1877 e se estabeleceu na Colônia Mergulhão, em São José dos Pinhais. Algum tempo depois, foram trazidas da Itália mudas de parreiras, que passaram a ser cultivadas para a produção de vinho. Também se dedicavam ao plantio de milho para a fabricação de fubá. Arvito Pissaia – o Vô Vito, aprendeu com seu avô e seu pai, a produzir vinho artesanalmente. Atualmente, a produção e o engarrafamento são realizados por seu genro, José Eloir, e sua família. O local possui uma arquitetura e decoração característica que faz o turista voltar no tempo. Possui um museu com objetos da família que os visitantes podem acessar ao visitar a loja.",R. Júlio César Setenareski 2340,,,false,,"R. Júlio César Setenareski 2340, CEP 83085-290",41984458722,@vinhos_vo_vito,www.vinhosvovito.com.br,,Lojinha,,,,,,,,,,Vinhos Vo Vito Museu Familiar
empreendimentos,Rota das Colônias,,"Vinho, Cerveja e Cachaça","Localizada dentro do Complexo Enoturístico Araucária, encontra-se cercada por paisagens deslumbrantes. Destaca-se pela produção de vinhos finos e espumantes de alta qualidade a partir de vinhedos próprios cultivados com uvas francesas e italianas. Além das degustações, os visitantes podem explorar os vinhedos, participar de tours guiados e desfrutar de eventos especiais, em um ambiente acolhedor e sofisticado. O complexo tem um restaurante de gastronomia elaborada. Obras do artista Poty nas dependências da vinícola, incluindo rótulos da linha espumante Poty. Complexo Enoturístico inserido dentro da Estância ambiental Araucária.","R. Aparecida Góes de Paula, 1300",Consultar,,true,,"R. Aparecida Góes de Paula, 1300, CEP: 83185-000",41991735742,@vinicolaaraucaria,www.vinicolaaraucaria.com.br,,"Estacionamento, Acessibilidade, Restaurante, Lojinha, Visita Guiada",,,,,,,,,,Vinícola Araucária
empreendimentos,,,"Vinho, Cerveja e Cachaça","Em um ambiente simples e acolhedor, esta autêntica cachaçaria oferece uma experiência gastronômica única, com pratos incomuns na região tais como rabada, mocotó e dobradinha, além da aclamada feijoada aos sábados. Frequentadores destacam o torresmo e a feijoada.","Av. das Torres, 4951",Consultar,,false,,"Av. das Torres, 4951, CEP 83005-450",41995935127,,,,Aceita Cartão,,,,,,,,,,Vinicola Roberto
,,,,,,Consultar,,false,,,,,,,,,,,,,,,,,Item_Sem_Nome
,,,,,,Consultar,,false,,,,,,,,,,,,,,,,,Item_Sem_Nome
empreendimentos,,,Apoio ao Turista,,,,,false,,,,,,,,,,,,,,,,,Item_Sem_Nome
atrativos,,Atrativos Urbanos,,"Construído entre maio de 1944 e abril de 1945 pelo Ministério da Aeronáutica com suporte técnico do exército norte-americano. Era chamado de Base Aérea Afonso Pena e funcionou inicialmente como uma base militar dos Estados Unidos. Em 1946, após o término da 2a Guerra Mundial, passou a operar para a aviação civil. Em 1959, tornou-se o 4º aeroporto mais movimentado do país e, em 1996, adquiriu status internacional. Sua capacidade é de 14,8 milhões de passageiros ao ano.",Av. Rocha Pombo,,,false,"Seu nome é uma homenagem ao 6º presidente do Brasil, Afonso Augusto Moreira Pena (1906-1909), reconhecido por seus esforços na modernização da infraestrutura e no progresso econômico do país.","Av. Rocha Pombo, CEP 83010-900",08007274720,,https://www.ccraeroportos.com.br/curitiba-pr,,"Estacionamento, Acessibilidade, Restaurante",,,,,,,,,,Aeroporto Internacional Afonso Pena
empreendimentos,,,Apoio ao Turista,,Av. Rocha Pombo,Consultar,,false,,"Av. Rocha Pombo, CEP: 83010-900",,,,,,,,,,,,,,,Confidence Câmbio Aeroporto
empreendimentos,,,Apoio ao Turista,,"R. Dona Izabel Redentora, 1434 L. 243",Consultar,,false,,"R. Dona Izabel Redentora, 1434 L. 243, CEP: 83005-010",,,,,,,,,,,,,,,Travelex Cofidence
empreendimentos,,,Apoio ao Turista,,"R. Dona Izabel Redentora, 2320",,,false,,"R. Dona Izabel Redentora, 2320, CEP: 83005-010",41800643646,,,,,,,,,,,,,,Farmacia Nissei 24h
empreendimentos,,,Apoio ao Turista,"Construído em 1948, é referência em urgência e emergência para São José dos Pinhais, Tijucas do Sul e a região sul de Curitiba, atendendo vítimas de acidentes nas rodovias BR-277, BR-376 e Contorno Sul. Em 2023 recebeu pontuação máxima no HOPSUS, programa estadual que comprova a qualidade e a eficiência do atendimento hospitalar nas áreas de cuidado materno-infantil e urgência e emergência.","R. Cel. Luiz Victorino Ordine, 1747",,,false,,"R. Cel. Luiz Victorino Ordine, 1747, CEP 83005-040",4132835522,@hospitalematernidadesjp,,,"Estacionamento, Acessibilidade",,,,,,,,,,Hospital São José dos Pinhais
empreendimentos,,,Apoio ao Turista,"Foi construído para se tornar uma referência em saúde pública na região. Possui uma área total de 22.173,21 m². A área foi adquirida pela prefeitura e o projeto da obra foi doado pela Renault do Brasil. Possui diversas especialidades médicas, setor de imagens para exames especializados e contempla uma unidade moderna integrada ao Sistema Único de Saúde (SUS), com capacidade para atender São José dos Pinhais, Tijuca do Sul e a região sul de Curitiba.",R. Alcidio Viana 1020,Consultar,,false,,"R. Alcidio Viana 1020, São Pedro, CEP 83005-040",,,,,"Estacionamento, Acessibilidade",,,,,,,,,,Maternidade São José dos Pinhais
empreendimentos,,,Apoio ao Turista,,"R. Francisca de Souza Cortês, 460",Consultar,,false,,"R. Francisca de Souza Cortês, 460, CEP: 83050-690",,,,,,,,,,,,,,,UPA Afonso Pena
empreendimentos,,,Apoio ao Turista,,"Av. Rui Barbosa, 10471",Consultar,,false,,"Av. Rui Barbosa, 10471, CEP: 83025-094",,,,,,,,,,,,,,,UPA Rui Barbosa
atrativos,,Atrativos Urbanos,,,"R. Norberto de Brito, 290",Consultar,,false,,"R. Norberto de Brito, 290, CEP: 83035-290",,,,,,,,,,,,,,,Informação turística SecTur
atrativos,,Atrativos Urbanos,,,Av. Rocha Pombo,,,false,,"Av. Rocha Pombo, CEP: 83010-900",,,,,,,,,,,,,,,Informação turística Aeroporto
atrativos,,Atrativos Urbanos,,,"R. Veríssimo Marques, 500",,,false,,"R. Veríssimo Marques, 500, CEP 83005-410",,,,,,,,,,,,,,,Guardia Urbana
atrativos,,Atrativos Urbanos,,,"R. Augustinho Zen, 115",Consultar,,false,,"R. Augustinho Zen, 115, CEP: 83030-610",4137534517,,,,,,,,,,,,,,Policia Militar
atrativos,,Atrativos Urbanos,,,"R. Norberto de Brito, 1445",Consultar,,false,,"R. Norberto de Brito, 1445, CEP: 83005-290",,,,,,,,,,,,,,,Policia Civil
atrativos,,Atrativos Urbanos,,,"Contorno Leste de Curitiba, BR-116",,,false,,"Contorno Leste de Curitiba, BR-116, CEP 83015-162",,,,,,,,,,,,,,,Policia Rodoviária Federal
empreendimentos,,,Apoio ao Turista,,"Av. das Torres, 990",Consultar,,false,,"Av. das Torres, 990, CEP: 83040-280",,,,,,,,,,,,,,,Posto Barão
empreendimentos,,,Apoio ao Turista,,"R. Mal. Hermes, 2322",Consultar,,false,,"R. Mal. Hermes, 2322, CEP: 83065-000",4133980974,,,,,,,,,,,,,,Posto Pereira
empreendimentos,,,Apoio ao Turista,,"BR-376, 29.155 Km 629",Consultar,,false,,"BR-376, 29.155 Km 629, CEP 83015-000",4136341261,,,,,,,,,,,,,,Posto Tio Zico
atrativos,,Atrativos Urbanos,,,BR 376 Av Henrique Herwig 2998,,,false,,BR 376 Av Henrique Herwig 2998,,,,,,,,,,,,,,,Parada Ônibus Interestatal
atrativos,,Atrativos Urbanos,,,R. Padre Carlos Dworaczek,Consultar,,false,,"R. Padre Carlos Dworaczek, Centro",,,,,,,,,,,,,,,Termi. Central Ônibus
atrativos,,Atrativos Urbanos,,"O novo terminal de São José dos Pinhais é uma estrutura que possui plataformas para embarque e desembarque projetado para atender a um fluxo diário de 25 mil pessoas. Os cartões de transporte podem ser adquiridos no terminal de ônibus. Possui linhas urbanas e metropolitanas. Possui lojas internas que oferecem diversas opções de compras e serviços aos usuários. Além disso, o local dispõe de área de recreação infantil, bicicletário e academia ao ar livre. Possui uma Araucária Solar, uma estrutura no formato da árvore araucária e que possui placas fotovoltaicas e tomadas disponíveis para recarga de celulares e outros equipamentos eletrônicos.","R. Anneliese Gellert Krigsner, n.º 27",Consultar,,false,,"R. Anneliese Gellert Krigsner, n.º 27, CEP 83065-470",,,www.sjp.pr.gov.br/transportes/,,"Estacionamento, Acessibilidade, Área Kids",,,,,,,,,,Term. Metropolitano Ônibus Afonso Pena
empreendimentos,,,Apoio ao Turista,,,Consultar,,false,,,,,,,,,,,,,,,,,Taxi São José
